# TSirkus ticket: 0.28 m wide, 0.0008 m thick, 14 punched holes.
# Front print has no serial number; reverse uses a blank-paper UV island.
mtllib TSirkus_Ticket.mtl
o TSirkus_Ticket
v -0.140080645 0.016612903 0.000349553
v -0.140080645 -0.011451613 0.000432940
v -0.140080645 -0.012741935 0.000436774
v -0.140080645 -0.032258065 0.000494761
v -0.140080645 -0.038064516 0.000512013
v -0.139919355 0.037741935 0.000288945
v -0.139919355 0.036612903 0.000292300
v -0.139919355 0.031290323 0.000308115
v -0.139919355 0.029516129 0.000313386
v -0.139919355 0.023387097 0.000331597
v -0.139919355 0.018225806 0.000346932
v -0.139919355 0.016774194 0.000351246
v -0.139919355 0.011451613 0.000367060
v -0.139919355 0.010322581 0.000370415
v -0.139919355 0.010000000 0.000371373
v -0.139919355 0.009516129 0.000372811
v -0.139919355 -0.017741935 0.000453801
v -0.139919355 -0.018387097 0.000455718
v -0.139919355 -0.019354839 0.000458594
v -0.139919355 -0.024032258 0.000472492
v -0.139919355 -0.026129032 0.000478722
v -0.139919355 -0.030967742 0.000493099
v -0.139919355 -0.037096774 0.000511309
v -0.139919355 -0.038225806 0.000514664
v -0.139919355 -0.038870968 0.000516581
v -0.139758065 0.038387097 0.000289200
v -0.139758065 0.037903226 0.000290638
v -0.139758065 0.036451613 0.000294951
v -0.139758065 0.035806452 0.000296868
v -0.139758065 0.025000000 0.000328976
v -0.139758065 0.023548387 0.000333289
v -0.139758065 0.023225806 0.000334248
v -0.139758065 0.022580645 0.000336165
v -0.139758065 0.010161290 0.000373066
v -0.139758065 0.009032258 0.000376420
v -0.139758065 -0.013225806 0.000442555
v -0.139758065 -0.017903226 0.000456452
v -0.139758065 -0.019516129 0.000461245
v -0.139758065 -0.020000000 0.000462682
v -0.139758065 -0.023709677 0.000473705
v -0.139758065 -0.030322581 0.000493353
v -0.139758065 -0.031129032 0.000495749
v -0.139758065 -0.031612903 0.000497187
v -0.139677419 0.015725806 0.000357618
v -0.139596774 0.035483871 0.000299998
v -0.139596774 0.031935484 0.000310541
v -0.139516129 0.028790323 0.000320972
v -0.139516129 0.025403226 0.000331036
v -0.139516129 -0.017016129 0.000457074
v -0.139516129 -0.020241935 0.000466659
v -0.139516129 -0.032983871 0.000504518
v -0.139354839 0.008629032 0.000383047
v -0.139354839 -0.010564516 0.000440076
v -0.139354839 -0.032822581 0.000506210
v -0.139354839 -0.036532258 0.000517233
v -0.139274194 -0.040161290 0.000529101
v -0.139193548 0.022016129 0.000345443
v -0.139193548 0.018951613 0.000354548
v -0.139193548 -0.013790323 0.000451832
v -0.139193548 -0.026854839 0.000490650
v -0.139032258 0.025403226 0.000337550
v -0.139032258 0.012338710 0.000376368
v -0.139032258 -0.032983871 0.000511033
v -0.138870968 0.035080645 0.000310968
v -0.138870968 0.032016129 0.000320073
v -0.138709677 -0.013790323 0.000458347
v -0.138709677 -0.029435484 0.000504832
v -0.138548387 -0.020403226 0.000480167
v -0.138548387 -0.036370968 0.000527611
v -0.138387097 0.028467742 0.000337130
v -0.138387097 -0.023145161 0.000490485
v -0.138387097 -0.033629032 0.000521635
v -0.138387097 -0.041209677 0.000544159
v -0.138225806 0.040080645 0.000304797
v -0.138225806 0.021854839 0.000358950
v -0.138225806 0.019274194 0.000366618
v -0.138225806 -0.016370968 0.000472528
v -0.138225806 -0.027016129 0.000504158
v -0.138064516 0.034919355 0.000322303
v -0.138064516 0.025887097 0.000349140
v -0.138064516 0.012661290 0.000388437
v -0.138064516 0.008629032 0.000400418
v -0.138064516 -0.014112903 0.000467990
v -0.138064516 -0.033629032 0.000525977
v -0.137903226 0.008467742 0.000403069
v -0.137903226 -0.016370968 0.000476870
v -0.137903226 -0.029112903 0.000514730
v -0.137903226 -0.041370968 0.000551152
v -0.137741935 0.014919355 0.000386070
v -0.137661290 -0.020967742 0.000493785
v -0.137661290 -0.034032258 0.000532603
v -0.137500000 0.034354839 0.000331579
v -0.137500000 0.033225806 0.000334933
v -0.137500000 0.027580645 0.000351707
v -0.137500000 0.026451613 0.000355061
v -0.137500000 0.021290323 0.000370397
v -0.137500000 0.020000000 0.000374231
v -0.137500000 -0.014677419 0.000477266
v -0.137500000 -0.015967742 0.000481100
v -0.137500000 -0.021290323 0.000496914
v -0.137500000 -0.022419355 0.000500269
v -0.137500000 -0.027741935 0.000516084
v -0.137500000 -0.028387097 0.000518001
v -0.137500000 -0.034354839 0.000535732
v -0.137500000 -0.035483871 0.000539087
v -0.137419355 -0.010403226 0.000465651
v -0.137338710 0.026935484 0.000355794
v -0.137338710 0.014516129 0.000392695
v -0.137338710 0.013548387 0.000395571
v -0.137258065 0.040403226 0.000316864
v -0.137096774 0.008467742 0.000413922
v -0.137096774 -0.010080645 0.000469034
v -0.136935484 0.008306452 0.000416572
v -0.136612903 0.040403226 0.000325545
v -0.136612903 -0.041370968 0.000568516
v -0.136451613 -0.010080645 0.000477715
v -0.136129032 0.008306452 0.000427422
v -0.135967742 0.038387097 0.000340214
v -0.135967742 0.030322581 0.000364176
v -0.135967742 0.022258065 0.000388137
v -0.135967742 0.014193548 0.000412099
v -0.135967742 -0.009758065 0.000483265
v -0.135967742 -0.018064516 0.000507946
v -0.135967742 -0.026129032 0.000531907
v -0.135967742 -0.034193548 0.000555869
v -0.135483871 -0.009758065 0.000489773
v -0.135322581 0.040725806 0.000341941
v -0.135322581 0.007822581 0.000439705
v -0.135322581 -0.041693548 0.000586830
v -0.134838710 -0.009274194 0.000497009
v -0.134838710 -0.042016129 0.000594293
v -0.134193548 0.007500000 0.000455838
v -0.134032258 -0.042177419 0.000605609
v -0.133548387 -0.008790323 0.000512907
v -0.132903226 0.006693548 0.000475562
v -0.132096774 0.042338710 0.000380471
v -0.132096774 -0.007661290 0.000529033
v -0.131370968 0.005161290 0.000500664
v -0.131370968 0.005000000 0.000501143
v -0.131290323 -0.043951613 0.000647671
v -0.130403226 0.004032258 0.000516980
v -0.130241935 -0.005322581 0.000546935
v -0.129919355 0.003064516 0.000526331
v -0.129919355 0.002741935 0.000527289
v -0.129758065 -0.004354839 0.000550533
v -0.129758065 -0.045483871 0.000672738
v -0.129596774 0.002419355 0.000532562
v -0.129596774 0.001774194 0.000534479
v -0.129274194 0.045322581 0.000409399
v -0.129274194 0.001129032 0.000540709
v -0.129274194 -0.000161290 0.000544543
v -0.129274194 -0.000645161 0.000545981
v -0.129274194 -0.002096774 0.000550294
v -0.129274194 -0.002903226 0.000552690
v -0.129274194 -0.046612903 0.000682562
v -0.129112903 0.045806452 0.000410117
v -0.129112903 -0.000322581 0.000547178
v -0.129112903 -0.000806452 0.000548615
v -0.129112903 -0.001935484 0.000551970
v -0.128951613 -0.046935484 0.000687831
v -0.128790323 0.046129032 0.000413468
v -0.128629032 0.046774194 0.000413706
v -0.128306452 0.047096774 0.000417054
v -0.127983871 -0.048709677 0.000706024
v -0.127903226 0.038387097 0.000448313
v -0.127903226 0.030322581 0.000472275
v -0.127903226 0.022258065 0.000496237
v -0.127903226 0.014193548 0.000520198
v -0.127903226 0.006129032 0.000544160
v -0.127903226 -0.001935484 0.000568122
v -0.127903226 -0.010000000 0.000592083
v -0.127903226 -0.018064516 0.000616045
v -0.127903226 -0.026129032 0.000640007
v -0.127903226 -0.034193548 0.000663968
v -0.127903226 -0.042258065 0.000687930
v -0.127661290 0.049354839 0.000418952
v -0.127661290 -0.050000000 0.000714160
v -0.126935484 -0.050564516 0.000725511
v -0.126451613 0.050241935 0.000432432
v -0.125725806 0.050483871 0.000441367
v -0.124838710 0.050564516 0.000452908
v -0.124354839 -0.050564516 0.000759805
v -0.123387097 -0.050241935 0.000771664
v -0.122741935 0.049758065 0.000483069
v -0.121935484 0.049758065 0.000493715
v -0.121774194 0.049919355 0.000495362
v -0.121290323 -0.050241935 0.000799342
v -0.120806452 -0.050564516 0.000806668
v -0.119838710 0.049919355 0.000520819
v -0.119838710 0.046451613 0.000531123
v -0.119838710 0.038387097 0.000555084
v -0.119838710 0.030322581 0.000579046
v -0.119838710 0.022258065 0.000603008
v -0.119838710 0.014193548 0.000626969
v -0.119838710 0.006129032 0.000650931
v -0.119838710 -0.001935484 0.000674893
v -0.119838710 -0.010000000 0.000698854
v -0.119838710 -0.018064516 0.000722816
v -0.119838710 -0.026129032 0.000746778
v -0.119838710 -0.034193548 0.000770739
v -0.119838710 -0.042258065 0.000794701
v -0.119677419 0.050080645 0.000522456
v -0.119032258 0.050080645 0.000530910
v -0.118870968 0.049919355 0.000533501
v -0.117419355 0.049919355 0.000552460
v -0.117096774 0.050080645 0.000556184
v -0.116935484 0.049919355 0.000558763
v -0.116129032 -0.050403226 0.000867330
v -0.115967742 -0.050564516 0.000869902
v -0.115806452 0.049919355 0.000573433
v -0.115806452 -0.050403226 0.000871516
v -0.115645161 0.049758065 0.000576004
v -0.114193548 -0.050403226 0.000892383
v -0.114032258 0.049919355 0.000596381
v -0.114032258 -0.050241935 0.000893984
v -0.113870968 0.050080645 0.000597981
v -0.113387097 -0.050241935 0.000902296
v -0.113225806 -0.050403226 0.000904850
v -0.111935484 -0.050403226 0.000921407
v -0.111774194 0.050080645 0.000624909
v -0.111774194 0.046451613 0.000635691
v -0.111774194 0.038387097 0.000659653
v -0.111774194 0.030322581 0.000683615
v -0.111774194 0.022258065 0.000707576
v -0.111774194 0.014193548 0.000731538
v -0.111774194 0.006129032 0.000755500
v -0.111774194 -0.001935484 0.000779461
v -0.111774194 -0.010000000 0.000803423
v -0.111774194 -0.018064516 0.000827385
v -0.111774194 -0.026129032 0.000851346
v -0.111774194 -0.034193548 0.000875308
v -0.111774194 -0.042258065 0.000899270
v -0.111774194 -0.050564516 0.000923950
v -0.111612903 0.049919355 0.000627451
v -0.109032258 0.049919355 0.000660287
v -0.109032258 -0.050564516 0.000958849
v -0.108870968 0.049758065 0.000662807
v -0.108709677 -0.050403226 0.000962451
v -0.108548387 -0.050564516 0.000964969
v -0.108387097 0.049758065 0.000668923
v -0.108225806 -0.050403226 0.000968562
v -0.108064516 -0.050564516 0.000971076
v -0.106935484 -0.050564516 0.000985278
v -0.106774194 -0.050403226 0.000986822
v -0.106290323 0.050080645 0.000694320
v -0.106129032 0.050241935 0.000695858
v -0.105645161 -0.050403226 0.001000943
v -0.105161290 -0.050564516 0.001007453
v -0.105000000 -0.050403226 0.001008981
v -0.104838710 -0.050564516 0.001011465
v -0.104677419 -0.050403226 0.001012990
v -0.104516129 0.050080645 0.000716430
v -0.104354839 0.049919355 0.000718911
v -0.103870968 0.049919355 0.000724904
v -0.103709677 0.050080645 0.000726420
v -0.103709677 0.046451613 0.000737203
v -0.103709677 0.038387097 0.000761164
v -0.103709677 0.030322581 0.000785126
v -0.103709677 0.022258065 0.000809088
v -0.103709677 0.014193548 0.000833049
v -0.103709677 0.006129032 0.000857011
v -0.103709677 -0.001935484 0.000880973
v -0.103709677 -0.010000000 0.000904934
v -0.103709677 -0.018064516 0.000928896
v -0.103709677 -0.026129032 0.000952858
v -0.103709677 -0.034193548 0.000976819
v -0.103709677 -0.042258065 0.001000781
v -0.102903226 -0.050241935 0.001034454
v -0.102741935 -0.050403226 0.001036918
v -0.101612903 0.050080645 0.000752209
v -0.101451613 0.049919355 0.000754661
v -0.100806452 0.049919355 0.000762534
v -0.100806452 -0.050403226 0.001060617
v -0.100645161 -0.050564516 0.001063060
v -0.100322581 0.049596774 0.000769380
v -0.099193548 0.049596774 0.000783058
v -0.098225806 0.049919355 0.000793755
v -0.097096774 -0.050564516 0.001105836
v -0.096612903 -0.050241935 0.001110643
v -0.095645161 0.046451613 0.000834826
v -0.095645161 0.038387097 0.000858787
v -0.095645161 0.030322581 0.000882749
v -0.095645161 0.022258065 0.000906711
v -0.095645161 0.014193548 0.000930672
v -0.095645161 0.006129032 0.000954634
v -0.095645161 -0.001935484 0.000978596
v -0.095645161 -0.010000000 0.001002557
v -0.095645161 -0.018064516 0.001026519
v -0.095645161 -0.026129032 0.001050481
v -0.095645161 -0.034193548 0.001074442
v -0.095645161 -0.042258065 0.001098404
v -0.095000000 -0.050241935 0.001129744
v -0.094838710 -0.050403226 0.001132123
v -0.094354839 0.049758065 0.000840207
v -0.094193548 0.049596774 0.000842578
v -0.093709677 0.049596774 0.000848242
v -0.093709677 -0.050403226 0.001145367
v -0.093548387 0.049758065 0.000849647
v -0.093548387 -0.050564516 0.001147730
v -0.093225806 0.049596774 0.000853889
v -0.092096774 -0.050564516 0.001164600
v -0.091935484 -0.050403226 0.001165985
v -0.091290323 0.049596774 0.000876298
v -0.091129032 0.049758065 0.000877673
v -0.090483871 0.049758065 0.000885069
v -0.089354839 0.049112903 0.000899850
v -0.088870968 -0.050403226 0.001201019
v -0.088709677 -0.050564516 0.001203321
v -0.088548387 0.048306452 0.000911372
v -0.088064516 0.048145161 0.000917300
v -0.087580645 0.046451613 0.000927762
v -0.087580645 0.038387097 0.000951724
v -0.087580645 0.030322581 0.000975685
v -0.087580645 0.022258065 0.000999647
v -0.087580645 0.014193548 0.001023609
v -0.087580645 0.006129032 0.001047570
v -0.087580645 -0.001935484 0.001071532
v -0.087580645 -0.010000000 0.001095494
v -0.087580645 -0.018064516 0.001119455
v -0.087580645 -0.026129032 0.001143417
v -0.087580645 -0.034193548 0.001167379
v -0.087580645 -0.042258065 0.001191340
v -0.087419355 -0.050564516 0.001217826
v -0.087258065 -0.050403226 0.001219151
v -0.087096774 0.048145161 0.000928140
v -0.087096774 -0.050564516 0.001221431
v -0.086935484 -0.050403226 0.001222751
v -0.086451613 -0.050403226 0.001228135
v -0.085967742 -0.050564516 0.001233978
v -0.085806452 -0.050403226 0.001235282
v -0.085483871 0.049435484 0.000942197
v -0.085322581 -0.050564516 0.001241098
v -0.085161290 -0.050403226 0.001242394
v -0.084838710 0.049435484 0.000949291
v -0.084677419 0.049596774 0.000950579
v -0.084032258 -0.050403226 0.001254751
v -0.083709677 0.049596774 0.000961137
v -0.083548387 0.049758065 0.000962409
v -0.083548387 -0.050241935 0.001259534
v -0.083064516 -0.049758065 0.001263337
v -0.082258065 -0.049435484 0.001271066
v -0.081774194 -0.048790323 0.001274333
v -0.081129032 -0.048467742 0.001280253
v -0.080806452 -0.048467742 0.001283678
v -0.080322581 -0.048790323 0.001289755
v -0.080000000 0.049596774 0.001000824
v -0.079838710 0.049758065 0.001002041
v -0.079516129 0.046451613 0.001015251
v -0.079516129 0.038387097 0.001039213
v -0.079516129 0.030322581 0.001063174
v -0.079516129 0.022258065 0.001087136
v -0.079516129 0.014193548 0.001111098
v -0.079516129 0.006129032 0.001135059
v -0.079516129 -0.001935484 0.001159021
v -0.079516129 -0.010000000 0.001182983
v -0.079516129 -0.018064516 0.001206944
v -0.079516129 -0.026129032 0.001230906
v -0.079516129 -0.034193548 0.001254868
v -0.079516129 -0.042258065 0.001278829
v -0.078870968 -0.048951613 0.001305460
v -0.078387097 -0.049274194 0.001311448
v -0.078064516 -0.049274194 0.001314789
v -0.077580645 0.049758065 0.001025533
v -0.077419355 0.049919355 0.001026713
v -0.077258065 0.049758065 0.001028849
v -0.077258065 -0.050241935 0.001325973
v -0.077096774 0.049919355 0.001030024
v -0.076774194 0.049758065 0.001033804
v -0.076774194 -0.050403226 0.001331407
v -0.076290323 -0.050241935 0.001335860
v -0.075322581 -0.050241935 0.001345653
v -0.075161290 -0.050403226 0.001347756
v -0.075000000 0.049758065 0.001051772
v -0.074838710 0.049919355 0.001052911
v -0.074032258 -0.050403226 0.001359044
v -0.073870968 -0.050564516 0.001361126
v -0.071451613 0.046451613 0.001096577
v -0.071451613 0.038387097 0.001120539
v -0.071451613 0.030322581 0.001144500
v -0.071451613 0.022258065 0.001168462
v -0.071451613 0.014193548 0.001192424
v -0.071451613 0.006129032 0.001216385
v -0.071451613 -0.001935484 0.001240347
v -0.071451613 -0.010000000 0.001264309
v -0.071451613 -0.018064516 0.001288270
v -0.071451613 -0.026129032 0.001312232
v -0.071451613 -0.034193548 0.001336194
v -0.071451613 -0.042258065 0.001360155
v -0.071290323 -0.050564516 0.001386395
v -0.071129032 -0.050403226 0.001387472
v -0.070967742 0.049919355 0.001090942
v -0.070806452 0.049758065 0.001092972
v -0.070161290 0.049758065 0.001099148
v -0.070000000 0.049919355 0.001100205
v -0.068870968 -0.050564516 0.001409448
v -0.068709677 -0.050403226 0.001410484
v -0.067741935 0.049919355 0.001121429
v -0.067580645 0.049758065 0.001123403
v -0.065322581 0.049919355 0.001143548
v -0.065161290 0.049758065 0.001145479
v -0.065000000 0.049919355 0.001146448
v -0.064838710 0.049758065 0.001148373
v -0.063387097 0.046451613 0.001171075
v -0.063387097 0.038387097 0.001195036
v -0.063387097 0.030322581 0.001218998
v -0.063387097 0.022258065 0.001242960
v -0.063387097 0.014193548 0.001266921
v -0.063387097 0.006129032 0.001290883
v -0.063387097 -0.001935484 0.001314845
v -0.063387097 -0.010000000 0.001338806
v -0.063387097 -0.018064516 0.001362768
v -0.063387097 -0.026129032 0.001386730
v -0.063387097 -0.034193548 0.001410691
v -0.063387097 -0.042258065 0.001434653
v -0.063387097 -0.050403226 0.001458854
v -0.063064516 -0.050564516 0.001462162
v -0.062903226 0.049758065 0.001165489
v -0.062741935 -0.050403226 0.001464500
v -0.062580645 -0.050564516 0.001466384
v -0.060483871 0.050080645 0.001185320
v -0.059838710 0.049758065 0.001191707
v -0.059516129 -0.050564516 0.001492485
v -0.059354839 -0.050403226 0.001493349
v -0.058709677 0.049758065 0.001201087
v -0.058548387 0.049919355 0.001201936
v -0.055322581 0.046451613 0.001238134
v -0.055322581 0.038387097 0.001262096
v -0.055322581 0.030322581 0.001286057
v -0.055322581 0.022258065 0.001310019
v -0.055322581 0.014193548 0.001333981
v -0.055322581 0.006129032 0.001357942
v -0.055322581 -0.001935484 0.001381904
v -0.055322581 -0.010000000 0.001405866
v -0.055322581 -0.018064516 0.001429827
v -0.055322581 -0.026129032 0.001453789
v -0.055322581 -0.034193548 0.001477751
v -0.055322581 -0.042258065 0.001501712
v -0.054838710 0.049919355 0.001231605
v -0.054677419 -0.050403226 0.001530940
v -0.054516129 -0.050241935 0.001531710
v -0.054354839 0.049596774 0.001236310
v -0.054354839 -0.050403226 0.001533434
v -0.054193548 -0.050241935 0.001534197
v -0.053709677 -0.050241935 0.001537904
v -0.053548387 -0.050403226 0.001539613
v -0.053387097 0.049596774 0.001243714
v -0.052419355 0.049919355 0.001250044
v -0.048870968 0.049758065 0.001276231
v -0.048225806 0.050080645 0.001279774
v -0.047258065 0.046451613 0.001297207
v -0.047258065 0.038387097 0.001321169
v -0.047258065 0.030322581 0.001345131
v -0.047258065 0.022258065 0.001369092
v -0.047258065 0.014193548 0.001393054
v -0.047258065 0.006129032 0.001417015
v -0.047258065 -0.001935484 0.001440977
v -0.047258065 -0.010000000 0.001464939
v -0.047258065 -0.018064516 0.001488900
v -0.047258065 -0.026129032 0.001512862
v -0.047258065 -0.034193548 0.001536824
v -0.047258065 -0.042258065 0.001560785
v -0.047096774 0.050080645 0.001287521
v -0.046935484 0.049919355 0.001289093
v -0.046774194 0.050080645 0.001289704
v -0.044838710 0.050080645 0.001302515
v -0.044516129 0.049758065 0.001305561
v -0.043548387 0.049758065 0.001311739
v -0.043064516 0.050080645 0.001313823
v -0.041774194 -0.050403226 0.001620345
v -0.041612903 0.050080645 0.001322762
v -0.041612903 -0.050241935 0.001620845
v -0.041451613 0.049919355 0.001324217
v -0.040967742 -0.050241935 0.001624727
v -0.040806452 -0.050403226 0.001626168
v -0.040161290 0.049919355 0.001331896
v -0.040000000 0.049758065 0.001333319
v -0.039354839 -0.050403226 0.001634664
v -0.039193548 0.046451613 0.001347810
v -0.039193548 0.038387097 0.001371772
v -0.039193548 0.030322581 0.001395734
v -0.039193548 0.022258065 0.001419695
v -0.039193548 0.014193548 0.001443657
v -0.039193548 0.006129032 0.001467619
v -0.039193548 -0.001935484 0.001491580
v -0.039193548 -0.010000000 0.001515542
v -0.039193548 -0.018064516 0.001539504
v -0.039193548 -0.026129032 0.001563465
v -0.039193548 -0.034193548 0.001587427
v -0.039193548 -0.042258065 0.001611389
v -0.039193548 -0.050564516 0.001636069
v -0.038225806 -0.050564516 0.001641552
v -0.038064516 -0.050403226 0.001641974
v -0.037903226 0.049758065 0.001345268
v -0.037741935 0.049919355 0.001345683
v -0.037419355 -0.050403226 0.001645543
v -0.037258065 -0.050564516 0.001646906
v -0.036290323 0.049758065 0.001354048
v -0.036129032 0.049919355 0.001354427
v -0.033548387 0.049919355 0.001367665
v -0.033387097 0.050080645 0.001367982
v -0.033387097 -0.050564516 0.001667023
v -0.033225806 0.049919355 0.001369254
v -0.033225806 -0.050403226 0.001667337
v -0.032741935 0.050080645 0.001371131
v -0.031935484 0.050080645 0.001374985
v -0.031774194 0.049919355 0.001376224
v -0.031129032 0.046451613 0.001389529
v -0.031129032 0.038387097 0.001413491
v -0.031129032 0.030322581 0.001437453
v -0.031129032 0.022258065 0.001461414
v -0.031129032 0.014193548 0.001485376
v -0.031129032 0.006129032 0.001509338
v -0.031129032 -0.001935484 0.001533299
v -0.031129032 -0.010000000 0.001557261
v -0.031129032 -0.018064516 0.001581223
v -0.031129032 -0.026129032 0.001605184
v -0.031129032 -0.034193548 0.001629146
v -0.031129032 -0.042258065 0.001653108
v -0.028064516 -0.050403226 0.001690759
v -0.027741935 -0.050564516 0.001692576
v -0.027580645 -0.050403226 0.001692760
v -0.027419355 -0.050564516 0.001693899
v -0.027258065 -0.050403226 0.001694076
v -0.026290323 0.050080645 0.001399369
v -0.025483871 0.049758065 0.001403437
v -0.024838710 -0.050403226 0.001703460
v -0.024677419 -0.050241935 0.001703577
v -0.024516129 -0.050403226 0.001704648
v -0.023225806 0.049758065 0.001411641
v -0.023064516 0.046451613 0.001422023
v -0.023064516 0.038387097 0.001445985
v -0.023064516 0.030322581 0.001469947
v -0.023064516 0.022258065 0.001493908
v -0.023064516 0.014193548 0.001517870
v -0.023064516 0.006129032 0.001541832
v -0.023064516 -0.001935484 0.001565793
v -0.023064516 -0.010000000 0.001589755
v -0.023064516 -0.018064516 0.001613717
v -0.023064516 -0.026129032 0.001637678
v -0.023064516 -0.034193548 0.001661640
v -0.023064516 -0.042258065 0.001685602
v -0.022580645 0.050080645 0.001412891
v -0.022419355 -0.050403226 0.001711995
v -0.022258065 -0.050564516 0.001713013
v -0.022096774 -0.050403226 0.001713069
v -0.020483871 -0.050403226 0.001718207
v -0.020322581 -0.050241935 0.001718221
v -0.020000000 0.050080645 0.001421112
v -0.019677419 0.049758065 0.001423029
v -0.018225806 0.049758065 0.001427153
v -0.018225806 -0.050241935 0.001724278
v -0.018064516 -0.050403226 0.001725196
v -0.017580645 0.050080645 0.001427928
v -0.017096774 -0.050403226 0.001727750
v -0.016935484 -0.050564516 0.001728641
v -0.016129032 0.050241935 0.001431123
v -0.015967742 0.050080645 0.001431991
v -0.015161290 -0.050564516 0.001732919
v -0.015000000 0.046451613 0.001445026
v -0.015000000 0.038387097 0.001468988
v -0.015000000 0.030322581 0.001492949
v -0.015000000 0.022258065 0.001516911
v -0.015000000 0.014193548 0.001540873
v -0.015000000 0.006129032 0.001564834
v -0.015000000 -0.001935484 0.001588796
v -0.015000000 -0.010000000 0.001612758
v -0.015000000 -0.018064516 0.001636719
v -0.015000000 -0.026129032 0.001660681
v -0.015000000 -0.034193548 0.001684643
v -0.015000000 -0.042258065 0.001708604
v -0.015000000 -0.050403226 0.001732806
v -0.014193548 -0.050403226 0.001734576
v -0.013709677 0.049919355 0.001437509
v -0.013548387 -0.050080645 0.001734964
v -0.012903226 0.049435484 0.001440561
v -0.012580645 0.049596774 0.001440701
v -0.012580645 -0.049919355 0.001736388
v -0.012258065 0.049435484 0.001441783
v -0.011612903 -0.050403226 0.001739588
v -0.010161290 0.049758065 0.001444366
v -0.009516129 0.050080645 0.001444365
v -0.009516129 -0.050403226 0.001742927
v -0.009354839 -0.050564516 0.001743636
v -0.008870968 0.050080645 0.001445259
v -0.008709677 0.049919355 0.001445952
v -0.007903226 -0.050564516 0.001745525
v -0.007741935 -0.050403226 0.001745236
v -0.007258065 -0.050403226 0.001745784
v -0.007096774 -0.050564516 0.001746437
v -0.006935484 0.046451613 0.001458349
v -0.006935484 0.038387097 0.001482311
v -0.006935484 0.030322581 0.001506273
v -0.006935484 0.022258065 0.001530234
v -0.006935484 0.014193548 0.001554196
v -0.006935484 0.006129032 0.001578158
v -0.006935484 -0.001935484 0.001602119
v -0.006935484 -0.010000000 0.001626081
v -0.006935484 -0.018064516 0.001650043
v -0.006935484 -0.026129032 0.001674004
v -0.006935484 -0.034193548 0.001697966
v -0.006935484 -0.042258065 0.001721928
v -0.005322581 0.049919355 0.001449538
v -0.005161290 0.049758065 0.001450145
v -0.005161290 -0.050564516 0.001748228
v -0.004677419 -0.050403226 0.001748108
v -0.004516129 -0.050564516 0.001748699
v -0.003064516 0.049758065 0.001451447
v -0.003064516 -0.050564516 0.001749530
v -0.002903226 0.049919355 0.001451041
v -0.002903226 -0.050403226 0.001749124
v 0.001129032 0.046451613 0.001461885
v 0.001129032 0.038387097 0.001485846
v 0.001129032 0.030322581 0.001509808
v 0.001129032 0.022258065 0.001533770
v 0.001129032 0.014193548 0.001557731
v 0.001129032 0.006129032 0.001581693
v 0.001129032 -0.001935484 0.001605655
v 0.001129032 -0.010000000 0.001629616
v 0.001129032 -0.018064516 0.001653578
v 0.001129032 -0.026129032 0.001677540
v 0.001129032 -0.034193548 0.001701501
v 0.001129032 -0.042258065 0.001725463
v 0.001451613 0.049758065 0.001451997
v 0.001612903 0.049919355 0.001451481
v 0.004838710 0.049919355 0.001449909
v 0.005000000 0.050080645 0.001449310
v 0.005967742 -0.050403226 0.001747071
v 0.006129032 0.050080645 0.001448362
v 0.006129032 -0.050564516 0.001747403
v 0.006612903 0.049758065 0.001448855
v 0.007903226 0.049758065 0.001447442
v 0.008064516 0.049919355 0.001446768
v 0.009193548 0.046451613 0.001455602
v 0.009193548 0.038387097 0.001479564
v 0.009193548 0.030322581 0.001503526
v 0.009193548 0.022258065 0.001527487
v 0.009193548 0.014193548 0.001551449
v 0.009193548 0.006129032 0.001575411
v 0.009193548 -0.001935484 0.001599372
v 0.009193548 -0.010000000 0.001623334
v 0.009193548 -0.018064516 0.001647296
v 0.009193548 -0.026129032 0.001671257
v 0.009193548 -0.034193548 0.001695219
v 0.009193548 -0.042258065 0.001719181
v 0.011774194 0.049919355 0.001441221
v 0.012096774 -0.050564516 0.001739204
v 0.012258065 0.050080645 0.001439866
v 0.012258065 -0.050403226 0.001738429
v 0.012903226 0.049758065 0.001439603
v 0.014354839 0.050241935 0.001435188
v 0.015161290 0.049919355 0.001434357
v 0.015645161 -0.050403226 0.001731320
v 0.015806452 -0.050241935 0.001730459
v 0.015967742 0.049919355 0.001432470
v 0.016129032 0.050080645 0.001431602
v 0.016774194 -0.050241935 0.001728091
v 0.016935484 -0.050403226 0.001728162
v 0.017258065 0.050080645 0.001428772
v 0.017258065 0.046451613 0.001439554
v 0.017258065 0.038387097 0.001463516
v 0.017258065 0.030322581 0.001487478
v 0.017258065 0.022258065 0.001511439
v 0.017258065 0.014193548 0.001535401
v 0.017258065 0.006129032 0.001559363
v 0.017258065 -0.001935484 0.001583324
v 0.017258065 -0.010000000 0.001607286
v 0.017258065 -0.018064516 0.001631248
v 0.017258065 -0.026129032 0.001655209
v 0.017258065 -0.034193548 0.001679171
v 0.017258065 -0.042258065 0.001703133
v 0.017419355 0.049919355 0.001428831
v 0.017903226 0.050080645 0.001427069
v 0.019354839 0.049596774 0.001424452
v 0.019354839 -0.050403226 0.001721576
v 0.019516129 0.049758065 0.001423502
v 0.019516129 -0.050564516 0.001721586
v 0.020161290 -0.050564516 0.001719668
v 0.020322581 -0.050403226 0.001718700
v 0.020806452 0.049758065 0.001419606
v 0.021129032 0.050080645 0.001417635
v 0.022096774 -0.050403226 0.001713069
v 0.022258065 -0.050564516 0.001713013
v 0.022903226 0.050080645 0.001411794
v 0.023064516 0.049919355 0.001411720
v 0.023709677 -0.050564516 0.001708029
v 0.023870968 -0.050403226 0.001706977
v 0.024032258 -0.050564516 0.001706879
v 0.025322581 0.046451613 0.001413872
v 0.025322581 0.038387097 0.001437833
v 0.025322581 0.030322581 0.001461795
v 0.025322581 0.022258065 0.001485757
v 0.025322581 0.014193548 0.001509718
v 0.025322581 0.006129032 0.001533680
v 0.025322581 -0.001935484 0.001557642
v 0.025322581 -0.010000000 0.001581603
v 0.025322581 -0.018064516 0.001605565
v 0.025322581 -0.026129032 0.001629527
v 0.025322581 -0.034193548 0.001653488
v 0.025322581 -0.042258065 0.001677450
v 0.025483871 -0.050564516 0.001701520
v 0.025806452 0.050080645 0.001401246
v 0.026129032 -0.050241935 0.001698081
v 0.026935484 -0.050241935 0.001694896
v 0.027096774 0.049596774 0.001397603
v 0.027096774 -0.050403226 0.001694727
v 0.028064516 0.049596774 0.001393635
v 0.028225806 0.049758065 0.001392481
v 0.028387097 -0.050403226 0.001689407
v 0.028548387 -0.050564516 0.001689204
v 0.029677419 0.049758065 0.001386244
v 0.029838710 0.049919355 0.001385053
v 0.030322581 0.049919355 0.001382895
v 0.030806452 0.050241935 0.001379746
v 0.031451613 0.050241935 0.001376774
v 0.032741935 0.049596774 0.001372569
v 0.033387097 0.049596774 0.001369420
v 0.033387097 0.046451613 0.001378765
v 0.033387097 0.038387097 0.001402726
v 0.033387097 0.030322581 0.001426688
v 0.033387097 0.022258065 0.001450650
v 0.033387097 0.014193548 0.001474611
v 0.033387097 0.006129032 0.001498573
v 0.033387097 -0.001935484 0.001522535
v 0.033387097 -0.010000000 0.001546496
v 0.033387097 -0.018064516 0.001570458
v 0.033387097 -0.026129032 0.001594420
v 0.033387097 -0.034193548 0.001618381
v 0.033387097 -0.042258065 0.001642343
v 0.034032258 0.049919355 0.001365254
v 0.036612903 -0.050403226 0.001649924
v 0.036774194 -0.050564516 0.001649535
v 0.037419355 0.049758065 0.001347940
v 0.037419355 -0.050564516 0.001646023
v 0.037580645 -0.050403226 0.001644656
v 0.037903226 0.050080645 0.001344309
v 0.039516129 0.050080645 0.001335171
v 0.039677419 0.049919355 0.001334717
v 0.040000000 0.050080645 0.001332361
v 0.040000000 -0.050403226 0.001630923
v 0.040161290 -0.050241935 0.001629500
v 0.040967742 0.050080645 0.001326644
v 0.041129032 -0.050241935 0.001623762
v 0.041290323 0.049758065 0.001325668
v 0.041451613 0.046451613 0.001334520
v 0.041451613 0.038387097 0.001358482
v 0.041451613 0.030322581 0.001382444
v 0.041451613 0.022258065 0.001406405
v 0.041451613 0.014193548 0.001430367
v 0.041451613 0.006129032 0.001454329
v 0.041451613 -0.001935484 0.001478290
v 0.041451613 -0.010000000 0.001502252
v 0.041451613 -0.018064516 0.001526214
v 0.041451613 -0.026129032 0.001550175
v 0.041451613 -0.034193548 0.001574137
v 0.041451613 -0.042258065 0.001598099
v 0.042096774 -0.049435484 0.001615501
v 0.042500000 -0.049838710 0.001614218
v 0.042500000 -0.050161290 0.001615176
v 0.042741935 -0.050403226 0.001614396
v 0.045000000 0.049758065 0.001302425
v 0.045806452 -0.050403226 0.001594733
v 0.046612903 -0.049919355 0.001587915
v 0.047258065 0.050080645 0.001286424
v 0.047419355 -0.049919355 0.001582449
v 0.047580645 -0.050080645 0.001581825
v 0.047741935 -0.049919355 0.001580239
v 0.048064516 0.049596774 0.001282329
v 0.048225806 -0.049919355 0.001576899
v 0.048709677 0.049596774 0.001277841
v 0.048870968 -0.050241935 0.001573356
v 0.049516129 0.046451613 0.001281501
v 0.049516129 0.038387097 0.001305463
v 0.049516129 0.030322581 0.001329424
v 0.049516129 0.022258065 0.001353386
v 0.049516129 0.014193548 0.001377348
v 0.049516129 0.006129032 0.001401309
v 0.049516129 -0.001935484 0.001425271
v 0.049516129 -0.010000000 0.001449233
v 0.049516129 -0.018064516 0.001473194
v 0.049516129 -0.026129032 0.001497156
v 0.049516129 -0.034193548 0.001521118
v 0.049516129 -0.042258065 0.001545079
v 0.049677419 0.049919355 0.001270050
v 0.051612903 -0.050403226 0.001554110
v 0.051774194 0.049919355 0.001254837
v 0.051774194 -0.050564516 0.001553399
v 0.051935484 -0.050403226 0.001551727
v 0.052258065 0.049596774 0.001252205
v 0.052419355 -0.050403226 0.001548127
v 0.052580645 -0.050564516 0.001547400
v 0.052741935 0.049596774 0.001248586
v 0.052903226 0.049758065 0.001246894
v 0.053064516 -0.050403226 0.001543281
v 0.054354839 0.049758065 0.001235830
v 0.055000000 0.050080645 0.001229871
v 0.055967742 0.049758065 0.001223232
v 0.057580645 0.046451613 0.001220140
v 0.057580645 0.038387097 0.001244102
v 0.057580645 0.030322581 0.001268063
v 0.057580645 0.022258065 0.001292025
v 0.057580645 0.014193548 0.001315987
v 0.057580645 0.006129032 0.001339948
v 0.057580645 -0.001935484 0.001363910
v 0.057580645 -0.010000000 0.001387872
v 0.057580645 -0.018064516 0.001411833
v 0.057580645 -0.026129032 0.001435795
v 0.057580645 -0.034193548 0.001459757
v 0.057580645 -0.042258065 0.001483718
v 0.057741935 -0.050403226 0.001506611
v 0.057903226 -0.050564516 0.001505778
v 0.058387097 -0.050564516 0.001501823
v 0.058548387 -0.050403226 0.001500019
v 0.059193548 0.049919355 0.001196606
v 0.060161290 0.049596774 0.001189478
v 0.060161290 -0.050403226 0.001486603
v 0.060322581 -0.050564516 0.001485723
v 0.061290323 0.049596774 0.001179904
v 0.061935484 0.049919355 0.001173407
v 0.064193548 0.049919355 0.001153646
v 0.064838710 0.049596774 0.001148852
v 0.065483871 0.049596774 0.001143052
v 0.065645161 0.049758065 0.001141116
v 0.065645161 0.046451613 0.001150940
v 0.065645161 0.038387097 0.001174902
v 0.065645161 0.030322581 0.001198863
v 0.065645161 0.022258065 0.001222825
v 0.065645161 0.014193548 0.001246787
v 0.065645161 0.006129032 0.001270748
v 0.065645161 -0.001935484 0.001294710
v 0.065645161 -0.010000000 0.001318671
v 0.065645161 -0.018064516 0.001342633
v 0.065645161 -0.026129032 0.001366595
v 0.065645161 -0.034193548 0.001390556
v 0.065645161 -0.042258065 0.001414518
v 0.066451613 0.049758065 0.001133786
v 0.067258065 0.050080645 0.001125425
v 0.068709677 0.050080645 0.001111921
v 0.069516129 0.049758065 0.001105279
v 0.069516129 -0.050564516 0.001403362
v 0.069677419 -0.050403226 0.001401354
v 0.070161290 -0.050564516 0.001397231
v 0.070322581 -0.050403226 0.001395212
v 0.070806452 -0.050403226 0.001390576
v 0.070967742 0.049758065 0.001091421
v 0.070967742 -0.050564516 0.001389505
v 0.071129032 -0.050403226 0.001387472
v 0.071774194 0.050080645 0.001082668
v 0.072903226 -0.050403226 0.001370203
v 0.073064516 -0.050564516 0.001369096
v 0.073387097 -0.050403226 0.001365437
v 0.073548387 -0.050564516 0.001364322
v 0.073709677 0.050080645 0.001063684
v 0.073709677 0.046451613 0.001074466
v 0.073709677 0.038387097 0.001098428
v 0.073709677 0.030322581 0.001122390
v 0.073709677 0.022258065 0.001146351
v 0.073709677 0.014193548 0.001170313
v 0.073709677 0.006129032 0.001194275
v 0.073709677 -0.001935484 0.001218236
v 0.073709677 -0.010000000 0.001242198
v 0.073709677 -0.018064516 0.001266160
v 0.073709677 -0.026129032 0.001290121
v 0.073709677 -0.034193548 0.001314083
v 0.073709677 -0.042258065 0.001338045
v 0.073709677 -0.050403226 0.001362246
v 0.074516129 0.049758065 0.001056618
v 0.075806452 0.049758065 0.001043644
v 0.076612903 0.050080645 0.001034492
v 0.077741935 -0.050403226 0.001321475
v 0.078709677 -0.050080645 0.001310493
v 0.079193548 0.050241935 0.001007365
v 0.079354839 0.050080645 0.001006158
v 0.080322581 -0.050080645 0.001293589
v 0.080483871 0.050080645 0.000994281
v 0.080483871 -0.050241935 0.001292364
v 0.080806452 -0.050080645 0.001288470
v 0.080967742 0.049758065 0.000990113
v 0.080967742 -0.050241935 0.001287238
v 0.081774194 0.046451613 0.000991345
v 0.081774194 0.038387097 0.001015307
v 0.081774194 0.030322581 0.001039269
v 0.081774194 0.022258065 0.001063230
v 0.081774194 0.014193548 0.001087192
v 0.081774194 0.006129032 0.001111154
v 0.081774194 -0.001935484 0.001135115
v 0.081774194 -0.010000000 0.001159077
v 0.081774194 -0.018064516 0.001183039
v 0.081774194 -0.026129032 0.001207000
v 0.081774194 -0.034193548 0.001230962
v 0.081774194 -0.042258065 0.001254924
v 0.081774194 -0.050241935 0.001278646
v 0.081935484 -0.050080645 0.001276441
v 0.082419355 0.049758065 0.000974604
v 0.082580645 0.049596774 0.000973348
v 0.083870968 -0.050080645 0.001255549
v 0.084032258 -0.050241935 0.001254272
v 0.084838710 0.049758065 0.000948332
v 0.085161290 -0.050241935 0.001241914
v 0.085403226 0.041451613 0.000966808
v 0.085403226 -0.020483871 0.001150833
v 0.085403226 -0.038548387 0.001204508
v 0.085483871 0.049274194 0.000942676
v 0.085564516 0.047580645 0.000946819
v 0.085564516 0.046774194 0.000949215
v 0.085564516 0.036612903 0.000979407
v 0.085564516 0.035645161 0.000982282
v 0.085564516 0.030806452 0.000996659
v 0.085564516 0.030161290 0.000998576
v 0.085564516 0.025000000 0.001013912
v 0.085564516 0.024193548 0.001016308
v 0.085564516 0.018225806 0.001034040
v 0.085564516 0.011612903 0.001053688
v 0.085564516 0.005806452 0.001070940
v 0.085564516 0.005000000 0.001073337
v 0.085564516 -0.001129032 0.001091548
v 0.085564516 -0.007741935 0.001111196
v 0.085564516 -0.008387097 0.001113113
v 0.085564516 -0.014677419 0.001131803
v 0.085564516 -0.020000000 0.001147618
v 0.085564516 -0.020967742 0.001150493
v 0.085564516 -0.026935484 0.001168225
v 0.085564516 -0.032903226 0.001185956
v 0.085564516 -0.038064516 0.001201292
v 0.085564516 -0.039032258 0.001204167
v 0.085564516 -0.044193548 0.001219503
v 0.085564516 -0.048387097 0.001231963
v 0.085564516 -0.050000000 0.001236755
v 0.085725806 0.046451613 0.000948394
v 0.085725806 0.042419355 0.000960374
v 0.085725806 0.031129032 0.000993921
v 0.085725806 0.025322581 0.001011173
v 0.085725806 0.019193548 0.001029384
v 0.085725806 0.018387097 0.001031780
v 0.085725806 0.012419355 0.001049512
v 0.085725806 -0.001935484 0.001092164
v 0.085725806 -0.013709677 0.001127148
v 0.085725806 -0.025806452 0.001163090
v 0.085725806 -0.032096774 0.001181780
v 0.085725806 -0.033225806 0.001185135
v 0.085725806 -0.043709677 0.001216285
v 0.085725806 -0.045000000 0.001220119
v 0.085887097 0.017258065 0.001033352
v 0.085887097 0.004354839 0.001071691
v 0.085887097 -0.006935484 0.001105237
v 0.086048387 0.048548387 0.000938597
v 0.086129032 0.046048387 0.000945132
v 0.086129032 0.031532258 0.000988263
v 0.086129032 0.010725806 0.001050084
v 0.086129032 -0.000241935 0.001082671
v 0.086129032 -0.013306452 0.001121489
v 0.086129032 -0.021532258 0.001145930
v 0.086129032 -0.033629032 0.001181873
v 0.086290323 0.040403226 0.000960117
v 0.086290323 0.019758065 0.001021459
v 0.086290323 0.016854839 0.001030085
v 0.086290323 0.006532258 0.001060756
v 0.086290323 -0.006532258 0.001099574
v 0.086290323 -0.015564516 0.001126411
v 0.086290323 -0.019274194 0.001137433
v 0.086290323 -0.025241935 0.001155165
v 0.086290323 -0.037338710 0.001191107
v 0.086451613 0.043145161 0.000950180
v 0.086451613 0.023306452 0.001009125
v 0.086451613 -0.009435484 0.001106410
v 0.086451613 -0.027983871 0.001161521
v 0.086451613 -0.033629032 0.001178295
v 0.086451613 -0.039919355 0.001196985
v 0.086451613 -0.045725806 0.001214237
v 0.086451613 -0.047338710 0.001219029
v 0.086612903 0.034758065 0.000973307
v 0.086612903 0.031532258 0.000982892
v 0.086612903 0.026048387 0.000999186
v 0.086612903 -0.015564516 0.001122828
v 0.086612903 -0.021532258 0.001140560
v 0.086612903 -0.037338710 0.001187525
v 0.086612903 -0.042822581 0.001203818
v 0.086774194 0.037661290 0.000962886
v 0.086774194 0.028790323 0.000989244
v 0.086774194 0.016693548 0.001025187
v 0.086774194 0.013306452 0.001035251
v 0.086774194 0.003629032 0.001064005
v 0.086774194 -0.002822581 0.001083174
v 0.086774194 -0.006532258 0.001094196
v 0.086774194 -0.019274194 0.001132056
v 0.086774194 -0.025080645 0.001149308
v 0.086774194 -0.031209677 0.001167519
v 0.086774194 -0.045725806 0.001210650
v 0.086854839 -0.046290323 0.001211429
v 0.086854839 -0.047258065 0.001214305
v 0.086935484 0.043306452 0.000944316
v 0.086935484 -0.006370968 0.001091920
v 0.086935484 -0.022016129 0.001138406
v 0.086935484 -0.034274194 0.001174828
v 0.086935484 -0.037016129 0.001182975
v 0.087016129 -0.046129032 0.001209152
v 0.087096774 0.032016129 0.000976064
v 0.087096774 0.010080645 0.001041239
v 0.087096774 0.007016129 0.001050345
v 0.087096774 -0.012822581 0.001109291
v 0.087096774 -0.016048387 0.001118875
v 0.087096774 -0.018951613 0.001127501
v 0.087096774 -0.028306452 0.001155297
v 0.087258065 0.045564516 0.000934007
v 0.087258065 0.040080645 0.000950301
v 0.087258065 0.031854839 0.000974742
v 0.087419355 0.032016129 0.000972459
v 0.087419355 0.022983871 0.000999296
v 0.087419355 0.010080645 0.001037635
v 0.087419355 0.000241935 0.001066868
v 0.087419355 -0.022177419 0.001133481
v 0.087500000 -0.045967742 0.001203266
v 0.087500000 -0.046290323 0.001204224
v 0.087580645 0.028790323 0.000980238
v 0.087580645 0.013306452 0.001026244
v 0.087580645 -0.016048387 0.001113465
v 0.087580645 -0.028306452 0.001149887
v 0.087580645 -0.034274194 0.001167618
v 0.087661290 -0.046451613 0.001202897
v 0.087661290 -0.047096774 0.001204814
v 0.087741935 0.037661290 0.000952072
v 0.087741935 0.034596774 0.000961178
v 0.087741935 0.026048387 0.000986577
v 0.087741935 0.016693548 0.001014373
v 0.087741935 0.006854839 0.001043606
v 0.087741935 0.003629032 0.001053191
v 0.087741935 -0.002822581 0.001072360
v 0.087741935 -0.006370968 0.001082903
v 0.087741935 -0.009435484 0.001092009
v 0.087741935 -0.025080645 0.001138494
v 0.087741935 -0.037016129 0.001173957
v 0.087741935 -0.040080645 0.001183063
v 0.087903226 0.045725806 0.000926301
v 0.087903226 0.040403226 0.000942115
v 0.087903226 0.031693548 0.000967994
v 0.087903226 0.013145161 0.001023106
v 0.087903226 -0.031209677 0.001154895
v 0.087903226 -0.034112903 0.001163521
v 0.087903226 -0.042822581 0.001189400
v 0.087903226 -0.045887097 0.001198505
v 0.087903226 -0.047338710 0.001202818
v 0.088064516 0.042983871 0.000932636
v 0.088064516 0.037500000 0.000948930
v 0.088064516 0.034758065 0.000957076
v 0.088064516 0.029112903 0.000973850
v 0.088064516 0.019758065 0.001001645
v 0.088064516 0.016854839 0.001010271
v 0.088064516 -0.000080645 0.001060591
v 0.088064516 -0.002661290 0.001068259
v 0.088064516 -0.013145161 0.001099409
v 0.088064516 -0.037177419 0.001170815
v 0.088145161 -0.015645161 0.001105930
v 0.088225806 0.031693548 0.000964368
v 0.088225806 -0.019274194 0.001115805
v 0.088225806 -0.047338710 0.001199192
v 0.088306452 0.048548387 0.000913380
v 0.088306452 0.047903226 0.000915297
v 0.088467742 0.046290323 0.000918272
v 0.088467742 0.040967742 0.000934086
v 0.088467742 0.017903226 0.001002617
v 0.088467742 -0.045322581 0.001190476
v 0.088629032 0.047419355 0.000913097
v 0.088629032 0.035483871 0.000948560
v 0.088629032 0.029838710 0.000965334
v 0.088629032 0.019193548 0.000996963
v 0.088629032 0.017580645 0.001001755
v 0.088629032 0.011129032 0.001020925
v 0.088629032 -0.025967742 0.001131148
v 0.088629032 -0.027419355 0.001135461
v 0.088629032 -0.037741935 0.001166132
v 0.088629032 -0.039354839 0.001170925
v 0.088790323 0.042258065 0.000926611
v 0.088790323 0.030967742 0.000960157
v 0.088790323 0.030161290 0.000962553
v 0.088790323 0.025161290 0.000977410
v 0.088790323 0.024193548 0.000980285
v 0.088790323 0.018387097 0.000997537
v 0.088790323 0.012419355 0.001015269
v 0.088790323 0.004838710 0.001037793
v 0.088790323 -0.000806452 0.001054566
v 0.088790323 -0.007258065 0.001073735
v 0.088790323 -0.008064516 0.001076132
v 0.088790323 -0.020967742 0.001114470
v 0.088790323 -0.026451613 0.001130764
v 0.088790323 -0.033064516 0.001150413
v 0.088790323 -0.043870968 0.001182521
v 0.088790323 -0.044516129 0.001184438
v 0.088951613 0.036451613 0.000942039
v 0.088951613 0.011935484 0.001014883
v 0.088951613 0.005806452 0.001033094
v 0.088951613 0.005161290 0.001035010
v 0.088951613 -0.001451613 0.001054659
v 0.088951613 -0.014193548 0.001092518
v 0.088951613 -0.020161290 0.001110250
v 0.088951613 -0.032419355 0.001146672
v 0.088951613 -0.038387097 0.001164403
v 0.088951613 -0.043709677 0.001180218
v 0.088951613 -0.048870968 0.001195554
v 0.088951613 -0.050000000 0.001198908
v 0.089112903 -0.048387097 0.001192290
v 0.089193548 0.049435484 0.000900721
v 0.089193548 -0.050241935 0.001196887
v 0.089838710 0.046451613 0.000902257
v 0.089838710 0.038387097 0.000926219
v 0.089838710 0.030322581 0.000950180
v 0.089838710 0.022258065 0.000974142
v 0.089838710 0.014193548 0.000998104
v 0.089838710 0.006129032 0.001022065
v 0.089838710 -0.001935484 0.001046027
v 0.089838710 -0.010000000 0.001069989
v 0.089838710 -0.018064516 0.001093950
v 0.089838710 -0.026129032 0.001117912
v 0.089838710 -0.034193548 0.001141874
v 0.089838710 -0.042258065 0.001165835
v 0.090161290 0.049758065 0.000888755
v 0.090806452 0.049758065 0.000881375
v 0.091129032 0.050080645 0.000876714
v 0.091612903 -0.050241935 0.001169229
v 0.091935484 0.050080645 0.000867423
v 0.091935484 -0.049919355 0.001164547
v 0.092096774 0.049919355 0.000866038
v 0.092903226 -0.050080645 0.001153810
v 0.093225806 0.049919355 0.000852931
v 0.093387097 0.050080645 0.000850571
v 0.093387097 -0.050403226 0.001149133
v 0.094677419 0.050080645 0.000835458
v 0.094838710 0.049919355 0.000834040
v 0.096774194 -0.050403226 0.001109202
v 0.096935484 -0.050241935 0.001106801
v 0.097903226 0.046451613 0.000807930
v 0.097903226 0.038387097 0.000831892
v 0.097903226 0.030322581 0.000855853
v 0.097903226 0.022258065 0.000879815
v 0.097903226 0.014193548 0.000903777
v 0.097903226 0.006129032 0.000927738
v 0.097903226 -0.001935484 0.000951700
v 0.097903226 -0.010000000 0.000975662
v 0.097903226 -0.018064516 0.000999623
v 0.097903226 -0.026129032 0.001023585
v 0.097903226 -0.034193548 0.001047547
v 0.097903226 -0.042258065 0.001071508
v 0.098064516 0.049919355 0.000795692
v 0.098225806 0.049758065 0.000794235
v 0.099354839 0.049596774 0.000781109
v 0.099677419 0.049274194 0.000778164
v 0.100161290 0.049274194 0.000772297
v 0.100161290 -0.050241935 0.001067984
v 0.100322581 0.049112903 0.000770817
v 0.100322581 -0.050080645 0.001065546
v 0.100967742 -0.050080645 0.001057693
v 0.101129032 -0.050241935 0.001056204
v 0.101451613 0.049274194 0.000756577
v 0.101935484 -0.050241935 0.001046342
v 0.102096774 0.049758065 0.000747240
v 0.102580645 -0.050564516 0.001039381
v 0.103064516 0.050080645 0.000734384
v 0.103064516 -0.050403226 0.001032946
v 0.103225806 -0.050564516 0.001031437
v 0.104838710 0.050080645 0.000712424
v 0.104838710 -0.050564516 0.001011465
v 0.105645161 0.049758065 0.000703339
v 0.105967742 0.049919355 0.000698833
v 0.105967742 0.046451613 0.000709136
v 0.105967742 0.038387097 0.000733098
v 0.105967742 0.030322581 0.000757060
v 0.105967742 0.022258065 0.000781021
v 0.105967742 0.014193548 0.000804983
v 0.105967742 0.006129032 0.000828945
v 0.105967742 -0.001935484 0.000852906
v 0.105967742 -0.010000000 0.000876868
v 0.105967742 -0.018064516 0.000900830
v 0.105967742 -0.026129032 0.000924791
v 0.105967742 -0.034193548 0.000948753
v 0.105967742 -0.042258065 0.000972715
v 0.106290323 -0.050080645 0.000991924
v 0.107258065 -0.050080645 0.000979789
v 0.107580645 -0.050403226 0.000976692
v 0.108225806 -0.050403226 0.000968562
v 0.108387097 -0.050564516 0.000967006
v 0.108548387 -0.050403226 0.000964490
v 0.108709677 -0.050564516 0.000962930
v 0.109193548 0.049919355 0.000658245
v 0.109354839 0.050080645 0.000655721
v 0.109516129 0.049919355 0.000654156
v 0.109516129 -0.050564516 0.000952718
v 0.109677419 0.050080645 0.000651630
v 0.109677419 -0.050403226 0.000950192
v 0.110161290 0.049758065 0.000646441
v 0.110322581 -0.050403226 0.000941993
v 0.110645161 0.049919355 0.000639803
v 0.110806452 -0.050564516 0.000936310
v 0.110967742 -0.050403226 0.000933774
v 0.112419355 -0.050241935 0.000914728
v 0.112741935 -0.049919355 0.000909630
v 0.113225806 -0.049919355 0.000903412
v 0.113387097 0.049919355 0.000604692
v 0.113387097 -0.050080645 0.000901816
v 0.113548387 0.049758065 0.000603095
v 0.113870968 -0.050080645 0.000895585
v 0.114032258 0.046451613 0.000606684
v 0.114032258 0.038387097 0.000630646
v 0.114032258 0.030322581 0.000654607
v 0.114032258 0.022258065 0.000678569
v 0.114032258 0.014193548 0.000702531
v 0.114032258 0.006129032 0.000726492
v 0.114032258 -0.001935484 0.000750454
v 0.114032258 -0.010000000 0.000774416
v 0.114032258 -0.018064516 0.000798377
v 0.114032258 -0.026129032 0.000822339
v 0.114032258 -0.034193548 0.000846301
v 0.114032258 -0.042258065 0.000870262
v 0.114354839 -0.050403226 0.000890301
v 0.114838710 0.049758065 0.000586445
v 0.115000000 0.049919355 0.000583880
v 0.115322581 -0.050403226 0.000877787
v 0.115483871 -0.050564516 0.000876177
v 0.116129032 0.049919355 0.000569247
v 0.116290323 0.050080645 0.000566673
v 0.116451613 0.049919355 0.000565056
v 0.116774194 0.050080645 0.000560382
v 0.116774194 -0.050564516 0.000859424
v 0.116935484 0.049919355 0.000558763
v 0.117096774 -0.050241935 0.000854267
v 0.118064516 -0.050080645 0.000841168
v 0.118225806 -0.050241935 0.000839541
v 0.118709677 0.049758065 0.000536090
v 0.118709677 -0.050241935 0.000833215
v 0.119032258 -0.050564516 0.000829952
v 0.119677419 0.050080645 0.000522456
v 0.122096774 0.046451613 0.000501412
v 0.122096774 0.038387097 0.000525373
v 0.122096774 0.030322581 0.000549335
v 0.122096774 0.022258065 0.000573296
v 0.122096774 0.014193548 0.000597258
v 0.122096774 0.006129032 0.000621220
v 0.122096774 -0.001935484 0.000645181
v 0.122096774 -0.010000000 0.000669143
v 0.122096774 -0.018064516 0.000693105
v 0.122096774 -0.026129032 0.000717066
v 0.122096774 -0.034193548 0.000741028
v 0.122096774 -0.042258065 0.000764990
v 0.123064516 0.049919355 0.000478326
v 0.123225806 0.050080645 0.000475714
v 0.124032258 0.050080645 0.000465039
v 0.124032258 -0.050403226 0.000763601
v 0.124193548 0.050241935 0.000462423
v 0.124193548 -0.050564516 0.000761943
v 0.125967742 -0.050564516 0.000738390
v 0.126612903 0.050241935 0.000430285
v 0.126935484 -0.050241935 0.000724552
v 0.127096774 0.050080645 0.000424320
v 0.127580645 -0.050241935 0.000715954
v 0.127822581 -0.050000000 0.000712009
v 0.127983871 0.049516129 0.000414171
v 0.127983871 0.048548387 0.000417046
v 0.127983871 -0.049032258 0.000706982
v 0.128629032 0.047419355 0.000411789
v 0.128629032 0.047096774 0.000412747
v 0.129274194 -0.000806452 0.000546460
v 0.129274194 -0.001451613 0.000548377
v 0.129435484 0.046129032 0.000404847
v 0.129435484 -0.046129032 0.000678968
v 0.129596774 0.001290323 0.000535917
v 0.129596774 -0.002419355 0.000546939
v 0.129596774 -0.003387097 0.000549815
v 0.129919355 0.045000000 0.000401730
v 0.130080645 0.003064516 0.000524173
v 0.130080645 -0.004193548 0.000545738
v 0.130161290 0.038387097 0.000418142
v 0.130161290 0.030322581 0.000442103
v 0.130161290 0.022258065 0.000466065
v 0.130161290 0.014193548 0.000490027
v 0.130161290 0.006129032 0.000513988
v 0.130161290 -0.010000000 0.000561912
v 0.130161290 -0.018064516 0.000585873
v 0.130161290 -0.026129032 0.000609835
v 0.130161290 -0.034193548 0.000633797
v 0.130161290 -0.042258065 0.000657758
v 0.130403226 -0.005161290 0.000544297
v 0.131048387 0.004677419 0.000506424
v 0.131048387 -0.006129032 0.000538533
v 0.131451613 -0.043951613 0.000645510
v 0.131774194 0.042983871 0.000382879
v 0.131935484 0.042983871 0.000380717
v 0.132096774 0.005887097 0.000488777
v 0.132258065 0.005887097 0.000486614
v 0.132419355 -0.043145161 0.000630137
v 0.133064516 -0.008145161 0.000517486
v 0.133225806 0.041693548 0.000367238
v 0.133387097 0.007016129 0.000468108
v 0.133387097 -0.008145161 0.000513156
v 0.134032258 -0.042177419 0.000605609
v 0.134354839 0.041370968 0.000353032
v 0.134354839 -0.008951613 0.000502553
v 0.134516129 -0.042177419 0.000599108
v 0.134838710 0.007822581 0.000446210
v 0.135000000 0.040725806 0.000346278
v 0.135645161 0.040725806 0.000337604
v 0.135645161 0.007983871 0.000434888
v 0.135806452 -0.009435484 0.000484476
v 0.135806452 -0.041532258 0.000579844
v 0.136129032 0.040403226 0.000332054
v 0.136290323 0.008467742 0.000424773
v 0.136612903 0.040403226 0.000325545
v 0.136774194 0.040241935 0.000323854
v 0.136774194 -0.010080645 0.000473375
v 0.137258065 -0.041209677 0.000559356
v 0.137500000 0.033548387 0.000333975
v 0.137500000 0.033225806 0.000334933
v 0.137500000 0.027580645 0.000351707
v 0.137500000 0.026774194 0.000354103
v 0.137500000 0.014032258 0.000391962
v 0.137500000 -0.015000000 0.000478224
v 0.137500000 -0.015645161 0.000480141
v 0.137661290 0.033387097 0.000332283
v 0.137661290 0.026451613 0.000352890
v 0.137661290 0.021129032 0.000368705
v 0.137661290 0.020161290 0.000371581
v 0.137661290 0.014516129 0.000388354
v 0.137661290 0.013387097 0.000391708
v 0.137661290 -0.021129032 0.000494264
v 0.137661290 -0.021774194 0.000496181
v 0.137661290 -0.027580645 0.000513434
v 0.137661290 -0.028387097 0.000515830
v 0.137661290 -0.034193548 0.000533082
v 0.137661290 -0.035161290 0.000535958
v 0.137822581 0.034516129 0.000326758
v 0.137822581 -0.022096774 0.000494969
v 0.137822581 -0.028709677 0.000514617
v 0.137822581 -0.035483871 0.000534745
v 0.137903226 0.032661290 0.000331184
v 0.137903226 -0.016048387 0.000475912
v 0.138064516 0.028306452 0.000341952
v 0.138064516 0.012822581 0.000387958
v 0.138225806 0.038387097 0.000309829
v 0.138225806 0.030322581 0.000333790
v 0.138225806 0.019435484 0.000366139
v 0.138225806 -0.013951613 0.000465340
v 0.138225806 -0.018064516 0.000477560
v 0.138225806 -0.020403226 0.000484509
v 0.138225806 -0.029112903 0.000510388
v 0.138387097 0.035080645 0.000317482
v 0.138387097 0.021854839 0.000356779
v 0.138387097 0.015241935 0.000376427
v 0.138387097 -0.010403226 0.000452625
v 0.138387097 -0.022661290 0.000489047
v 0.138387097 -0.026854839 0.000501507
v 0.138387097 -0.036048387 0.000528824
v 0.138387097 -0.041209677 0.000544159
v 0.138548387 0.040080645 0.000300454
v 0.138548387 -0.033306452 0.000518505
v 0.138709677 0.028790323 0.000331829
v 0.138709677 0.025725806 0.000340935
v 0.138870968 0.012500000 0.000378060
v 0.139112903 0.039516129 0.000294532
v 0.139193548 0.028790323 0.000325315
v 0.139193548 -0.036209677 0.000518446
v 0.139354839 0.035403226 0.000303495
v 0.139354839 0.025564516 0.000332728
v 0.139354839 -0.010403226 0.000439597
v 0.139516129 0.015564516 0.000360269
v 0.139516129 0.008951613 0.000379917
v 0.139516129 -0.013629032 0.000447010
v 0.139516129 -0.016854839 0.000456595
v 0.139516129 -0.020080645 0.000466179
v 0.139516129 -0.029596774 0.000494454
v 0.139516129 -0.033145161 0.000504997
v 0.139596774 0.038387097 0.000291371
v 0.139596774 0.032096774 0.000310062
v 0.139596774 0.024677419 0.000332106
v 0.139596774 0.022258065 0.000339295
v 0.139596774 0.017096774 0.000354630
v 0.139677419 -0.010564516 0.000435733
v 0.139677419 -0.023306452 0.000473592
v 0.139758065 0.031774194 0.000308848
v 0.139758065 0.030806452 0.000311724
v 0.139758065 0.029193548 0.000316516
v 0.139758065 0.025161290 0.000328497
v 0.139758065 0.018709677 0.000347666
v 0.139758065 -0.019838710 0.000462203
v 0.139758065 -0.024032258 0.000474663
v 0.139758065 -0.026129032 0.000480893
v 0.139919355 0.036451613 0.000292779
v 0.139919355 0.035967742 0.000294217
v 0.139919355 0.030645161 0.000310031
v 0.139919355 0.029516129 0.000313386
v 0.139919355 0.024354839 0.000328722
v 0.139919355 0.018387097 0.000346453
v 0.139919355 0.017580645 0.000348849
v 0.139919355 0.016774194 0.000351246
v 0.139919355 0.009516129 0.000372811
v 0.139919355 -0.017258065 0.000452364
v 0.139919355 -0.018064516 0.000454760
v 0.139919355 -0.019516129 0.000459073
v 0.139919355 -0.024193548 0.000472971
v 0.139919355 -0.025645161 0.000477284
v 0.139919355 -0.030322581 0.000491182
v 0.139919355 -0.032741935 0.000498370
v 0.139919355 -0.037419355 0.000512268
v 0.139919355 -0.037903226 0.000513706
v 0.139919355 -0.039193548 0.000517539
v 0.140080645 0.037903226 0.000286294
v 0.140080645 0.036612903 0.000290128
v 0.140080645 0.016290323 0.000350512
v 0.140080645 0.011612903 0.000364409
v 0.140080645 -0.011129032 0.000431981
v 0.140080645 -0.012903226 0.000437253
v 0.140080645 -0.017741935 0.000451630
v 0.140080645 -0.037258065 0.000509617
v 0.140080645 -0.038064516 0.000512013
v -0.140080645 0.016612903 -0.000450447
v -0.140080645 -0.011451613 -0.000367060
v -0.140080645 -0.012741935 -0.000363226
v -0.140080645 -0.032258065 -0.000305239
v -0.140080645 -0.038064516 -0.000287987
v -0.139919355 0.037741935 -0.000511055
v -0.139919355 0.036612903 -0.000507700
v -0.139919355 0.031290323 -0.000491885
v -0.139919355 0.029516129 -0.000486614
v -0.139919355 0.023387097 -0.000468403
v -0.139919355 0.018225806 -0.000453068
v -0.139919355 0.016774194 -0.000448754
v -0.139919355 0.011451613 -0.000432940
v -0.139919355 0.010322581 -0.000429585
v -0.139919355 0.010000000 -0.000428627
v -0.139919355 0.009516129 -0.000427189
v -0.139919355 -0.017741935 -0.000346199
v -0.139919355 -0.018387097 -0.000344282
v -0.139919355 -0.019354839 -0.000341406
v -0.139919355 -0.024032258 -0.000327508
v -0.139919355 -0.026129032 -0.000321278
v -0.139919355 -0.030967742 -0.000306901
v -0.139919355 -0.037096774 -0.000288691
v -0.139919355 -0.038225806 -0.000285336
v -0.139919355 -0.038870968 -0.000283419
v -0.139758065 0.038387097 -0.000510800
v -0.139758065 0.037903226 -0.000509362
v -0.139758065 0.036451613 -0.000505049
v -0.139758065 0.035806452 -0.000503132
v -0.139758065 0.025000000 -0.000471024
v -0.139758065 0.023548387 -0.000466711
v -0.139758065 0.023225806 -0.000465752
v -0.139758065 0.022580645 -0.000463835
v -0.139758065 0.010161290 -0.000426934
v -0.139758065 0.009032258 -0.000423580
v -0.139758065 -0.013225806 -0.000357445
v -0.139758065 -0.017903226 -0.000343548
v -0.139758065 -0.019516129 -0.000338755
v -0.139758065 -0.020000000 -0.000337318
v -0.139758065 -0.023709677 -0.000326295
v -0.139758065 -0.030322581 -0.000306647
v -0.139758065 -0.031129032 -0.000304251
v -0.139758065 -0.031612903 -0.000302813
v -0.139677419 0.015725806 -0.000442382
v -0.139596774 0.035483871 -0.000500002
v -0.139596774 0.031935484 -0.000489459
v -0.139516129 0.028790323 -0.000479028
v -0.139516129 0.025403226 -0.000468964
v -0.139516129 -0.017016129 -0.000342926
v -0.139516129 -0.020241935 -0.000333341
v -0.139516129 -0.032983871 -0.000295482
v -0.139354839 0.008629032 -0.000416953
v -0.139354839 -0.010564516 -0.000359924
v -0.139354839 -0.032822581 -0.000293790
v -0.139354839 -0.036532258 -0.000282767
v -0.139274194 -0.040161290 -0.000270899
v -0.139193548 0.022016129 -0.000454557
v -0.139193548 0.018951613 -0.000445452
v -0.139193548 -0.013790323 -0.000348168
v -0.139193548 -0.026854839 -0.000309350
v -0.139032258 0.025403226 -0.000462450
v -0.139032258 0.012338710 -0.000423632
v -0.139032258 -0.032983871 -0.000288967
v -0.138870968 0.035080645 -0.000489032
v -0.138870968 0.032016129 -0.000479927
v -0.138709677 -0.013790323 -0.000341653
v -0.138709677 -0.029435484 -0.000295168
v -0.138548387 -0.020403226 -0.000319833
v -0.138548387 -0.036370968 -0.000272389
v -0.138387097 0.028467742 -0.000462870
v -0.138387097 -0.023145161 -0.000309515
v -0.138387097 -0.033629032 -0.000278365
v -0.138387097 -0.041209677 -0.000255841
v -0.138225806 0.040080645 -0.000495203
v -0.138225806 0.021854839 -0.000441050
v -0.138225806 0.019274194 -0.000433382
v -0.138225806 -0.016370968 -0.000327472
v -0.138225806 -0.027016129 -0.000295842
v -0.138064516 0.034919355 -0.000477697
v -0.138064516 0.025887097 -0.000450860
v -0.138064516 0.012661290 -0.000411563
v -0.138064516 0.008629032 -0.000399582
v -0.138064516 -0.014112903 -0.000332010
v -0.138064516 -0.033629032 -0.000274023
v -0.137903226 0.008467742 -0.000396931
v -0.137903226 -0.016370968 -0.000323130
v -0.137903226 -0.029112903 -0.000285270
v -0.137903226 -0.041370968 -0.000248848
v -0.137741935 0.014919355 -0.000413930
v -0.137661290 -0.020967742 -0.000306215
v -0.137661290 -0.034032258 -0.000267397
v -0.137500000 0.034354839 -0.000468421
v -0.137500000 0.033225806 -0.000465067
v -0.137500000 0.027580645 -0.000448293
v -0.137500000 0.026451613 -0.000444939
v -0.137500000 0.021290323 -0.000429603
v -0.137500000 0.020000000 -0.000425769
v -0.137500000 -0.014677419 -0.000322734
v -0.137500000 -0.015967742 -0.000318900
v -0.137500000 -0.021290323 -0.000303086
v -0.137500000 -0.022419355 -0.000299731
v -0.137500000 -0.027741935 -0.000283916
v -0.137500000 -0.028387097 -0.000281999
v -0.137500000 -0.034354839 -0.000264268
v -0.137500000 -0.035483871 -0.000260913
v -0.137419355 -0.010403226 -0.000334349
v -0.137338710 0.026935484 -0.000444206
v -0.137338710 0.014516129 -0.000407305
v -0.137338710 0.013548387 -0.000404429
v -0.137258065 0.040403226 -0.000483136
v -0.137096774 0.008467742 -0.000386078
v -0.137096774 -0.010080645 -0.000330966
v -0.136935484 0.008306452 -0.000383428
v -0.136612903 0.040403226 -0.000474455
v -0.136612903 -0.041370968 -0.000231484
v -0.136451613 -0.010080645 -0.000322285
v -0.136129032 0.008306452 -0.000372578
v -0.135967742 0.038387097 -0.000459786
v -0.135967742 0.030322581 -0.000435824
v -0.135967742 0.022258065 -0.000411863
v -0.135967742 0.014193548 -0.000387901
v -0.135967742 -0.009758065 -0.000316735
v -0.135967742 -0.018064516 -0.000292054
v -0.135967742 -0.026129032 -0.000268093
v -0.135967742 -0.034193548 -0.000244131
v -0.135483871 -0.009758065 -0.000310227
v -0.135322581 0.040725806 -0.000458059
v -0.135322581 0.007822581 -0.000360295
v -0.135322581 -0.041693548 -0.000213170
v -0.134838710 -0.009274194 -0.000302991
v -0.134838710 -0.042016129 -0.000205707
v -0.134193548 0.007500000 -0.000344162
v -0.134032258 -0.042177419 -0.000194391
v -0.133548387 -0.008790323 -0.000287093
v -0.132903226 0.006693548 -0.000324438
v -0.132096774 0.042338710 -0.000419529
v -0.132096774 -0.007661290 -0.000270967
v -0.131370968 0.005161290 -0.000299336
v -0.131370968 0.005000000 -0.000298857
v -0.131290323 -0.043951613 -0.000152329
v -0.130403226 0.004032258 -0.000283020
v -0.130241935 -0.005322581 -0.000253065
v -0.129919355 0.003064516 -0.000273669
v -0.129919355 0.002741935 -0.000272711
v -0.129758065 -0.004354839 -0.000249467
v -0.129758065 -0.045483871 -0.000127262
v -0.129596774 0.002419355 -0.000267438
v -0.129596774 0.001774194 -0.000265521
v -0.129274194 0.045322581 -0.000390601
v -0.129274194 0.001129032 -0.000259291
v -0.129274194 -0.000161290 -0.000255457
v -0.129274194 -0.000645161 -0.000254019
v -0.129274194 -0.002096774 -0.000249706
v -0.129274194 -0.002903226 -0.000247310
v -0.129274194 -0.046612903 -0.000117438
v -0.129112903 0.045806452 -0.000389883
v -0.129112903 -0.000322581 -0.000252822
v -0.129112903 -0.000806452 -0.000251385
v -0.129112903 -0.001935484 -0.000248030
v -0.128951613 -0.046935484 -0.000112169
v -0.128790323 0.046129032 -0.000386532
v -0.128629032 0.046774194 -0.000386294
v -0.128306452 0.047096774 -0.000382946
v -0.127983871 -0.048709677 -0.000093976
v -0.127903226 0.038387097 -0.000351687
v -0.127903226 0.030322581 -0.000327725
v -0.127903226 0.022258065 -0.000303763
v -0.127903226 0.014193548 -0.000279802
v -0.127903226 0.006129032 -0.000255840
v -0.127903226 -0.001935484 -0.000231878
v -0.127903226 -0.010000000 -0.000207917
v -0.127903226 -0.018064516 -0.000183955
v -0.127903226 -0.026129032 -0.000159993
v -0.127903226 -0.034193548 -0.000136032
v -0.127903226 -0.042258065 -0.000112070
v -0.127661290 0.049354839 -0.000381048
v -0.127661290 -0.050000000 -0.000085840
v -0.126935484 -0.050564516 -0.000074489
v -0.126451613 0.050241935 -0.000367568
v -0.125725806 0.050483871 -0.000358633
v -0.124838710 0.050564516 -0.000347092
v -0.124354839 -0.050564516 -0.000040195
v -0.123387097 -0.050241935 -0.000028336
v -0.122741935 0.049758065 -0.000316931
v -0.121935484 0.049758065 -0.000306285
v -0.121774194 0.049919355 -0.000304638
v -0.121290323 -0.050241935 -0.000000658
v -0.120806452 -0.050564516 0.000006668
v -0.119838710 0.049919355 -0.000279181
v -0.119838710 0.046451613 -0.000268877
v -0.119838710 0.038387097 -0.000244916
v -0.119838710 0.030322581 -0.000220954
v -0.119838710 0.022258065 -0.000196992
v -0.119838710 0.014193548 -0.000173031
v -0.119838710 0.006129032 -0.000149069
v -0.119838710 -0.001935484 -0.000125107
v -0.119838710 -0.010000000 -0.000101146
v -0.119838710 -0.018064516 -0.000077184
v -0.119838710 -0.026129032 -0.000053222
v -0.119838710 -0.034193548 -0.000029261
v -0.119838710 -0.042258065 -0.000005299
v -0.119677419 0.050080645 -0.000277544
v -0.119032258 0.050080645 -0.000269090
v -0.118870968 0.049919355 -0.000266499
v -0.117419355 0.049919355 -0.000247540
v -0.117096774 0.050080645 -0.000243816
v -0.116935484 0.049919355 -0.000241237
v -0.116129032 -0.050403226 0.000067330
v -0.115967742 -0.050564516 0.000069902
v -0.115806452 0.049919355 -0.000226567
v -0.115806452 -0.050403226 0.000071516
v -0.115645161 0.049758065 -0.000223996
v -0.114193548 -0.050403226 0.000092383
v -0.114032258 0.049919355 -0.000203619
v -0.114032258 -0.050241935 0.000093984
v -0.113870968 0.050080645 -0.000202019
v -0.113387097 -0.050241935 0.000102296
v -0.113225806 -0.050403226 0.000104850
v -0.111935484 -0.050403226 0.000121407
v -0.111774194 0.050080645 -0.000175091
v -0.111774194 0.046451613 -0.000164309
v -0.111774194 0.038387097 -0.000140347
v -0.111774194 0.030322581 -0.000116385
v -0.111774194 0.022258065 -0.000092424
v -0.111774194 0.014193548 -0.000068462
v -0.111774194 0.006129032 -0.000044500
v -0.111774194 -0.001935484 -0.000020539
v -0.111774194 -0.010000000 0.000003423
v -0.111774194 -0.018064516 0.000027385
v -0.111774194 -0.026129032 0.000051346
v -0.111774194 -0.034193548 0.000075308
v -0.111774194 -0.042258065 0.000099270
v -0.111774194 -0.050564516 0.000123950
v -0.111612903 0.049919355 -0.000172549
v -0.109032258 0.049919355 -0.000139713
v -0.109032258 -0.050564516 0.000158849
v -0.108870968 0.049758065 -0.000137193
v -0.108709677 -0.050403226 0.000162451
v -0.108548387 -0.050564516 0.000164969
v -0.108387097 0.049758065 -0.000131077
v -0.108225806 -0.050403226 0.000168562
v -0.108064516 -0.050564516 0.000171076
v -0.106935484 -0.050564516 0.000185278
v -0.106774194 -0.050403226 0.000186822
v -0.106290323 0.050080645 -0.000105680
v -0.106129032 0.050241935 -0.000104142
v -0.105645161 -0.050403226 0.000200943
v -0.105161290 -0.050564516 0.000207453
v -0.105000000 -0.050403226 0.000208981
v -0.104838710 -0.050564516 0.000211465
v -0.104677419 -0.050403226 0.000212990
v -0.104516129 0.050080645 -0.000083570
v -0.104354839 0.049919355 -0.000081089
v -0.103870968 0.049919355 -0.000075096
v -0.103709677 0.050080645 -0.000073580
v -0.103709677 0.046451613 -0.000062797
v -0.103709677 0.038387097 -0.000038836
v -0.103709677 0.030322581 -0.000014874
v -0.103709677 0.022258065 0.000009088
v -0.103709677 0.014193548 0.000033049
v -0.103709677 0.006129032 0.000057011
v -0.103709677 -0.001935484 0.000080973
v -0.103709677 -0.010000000 0.000104934
v -0.103709677 -0.018064516 0.000128896
v -0.103709677 -0.026129032 0.000152858
v -0.103709677 -0.034193548 0.000176819
v -0.103709677 -0.042258065 0.000200781
v -0.102903226 -0.050241935 0.000234454
v -0.102741935 -0.050403226 0.000236918
v -0.101612903 0.050080645 -0.000047791
v -0.101451613 0.049919355 -0.000045339
v -0.100806452 0.049919355 -0.000037466
v -0.100806452 -0.050403226 0.000260617
v -0.100645161 -0.050564516 0.000263060
v -0.100322581 0.049596774 -0.000030620
v -0.099193548 0.049596774 -0.000016942
v -0.098225806 0.049919355 -0.000006245
v -0.097096774 -0.050564516 0.000305836
v -0.096612903 -0.050241935 0.000310643
v -0.095645161 0.046451613 0.000034826
v -0.095645161 0.038387097 0.000058787
v -0.095645161 0.030322581 0.000082749
v -0.095645161 0.022258065 0.000106711
v -0.095645161 0.014193548 0.000130672
v -0.095645161 0.006129032 0.000154634
v -0.095645161 -0.001935484 0.000178596
v -0.095645161 -0.010000000 0.000202557
v -0.095645161 -0.018064516 0.000226519
v -0.095645161 -0.026129032 0.000250481
v -0.095645161 -0.034193548 0.000274442
v -0.095645161 -0.042258065 0.000298404
v -0.095000000 -0.050241935 0.000329744
v -0.094838710 -0.050403226 0.000332123
v -0.094354839 0.049758065 0.000040207
v -0.094193548 0.049596774 0.000042578
v -0.093709677 0.049596774 0.000048242
v -0.093709677 -0.050403226 0.000345367
v -0.093548387 0.049758065 0.000049647
v -0.093548387 -0.050564516 0.000347730
v -0.093225806 0.049596774 0.000053889
v -0.092096774 -0.050564516 0.000364600
v -0.091935484 -0.050403226 0.000365985
v -0.091290323 0.049596774 0.000076298
v -0.091129032 0.049758065 0.000077673
v -0.090483871 0.049758065 0.000085069
v -0.089354839 0.049112903 0.000099850
v -0.088870968 -0.050403226 0.000401019
v -0.088709677 -0.050564516 0.000403321
v -0.088548387 0.048306452 0.000111372
v -0.088064516 0.048145161 0.000117300
v -0.087580645 0.046451613 0.000127762
v -0.087580645 0.038387097 0.000151724
v -0.087580645 0.030322581 0.000175685
v -0.087580645 0.022258065 0.000199647
v -0.087580645 0.014193548 0.000223609
v -0.087580645 0.006129032 0.000247570
v -0.087580645 -0.001935484 0.000271532
v -0.087580645 -0.010000000 0.000295494
v -0.087580645 -0.018064516 0.000319455
v -0.087580645 -0.026129032 0.000343417
v -0.087580645 -0.034193548 0.000367379
v -0.087580645 -0.042258065 0.000391340
v -0.087419355 -0.050564516 0.000417826
v -0.087258065 -0.050403226 0.000419151
v -0.087096774 0.048145161 0.000128140
v -0.087096774 -0.050564516 0.000421431
v -0.086935484 -0.050403226 0.000422751
v -0.086451613 -0.050403226 0.000428135
v -0.085967742 -0.050564516 0.000433978
v -0.085806452 -0.050403226 0.000435282
v -0.085483871 0.049435484 0.000142197
v -0.085322581 -0.050564516 0.000441098
v -0.085161290 -0.050403226 0.000442394
v -0.084838710 0.049435484 0.000149291
v -0.084677419 0.049596774 0.000150579
v -0.084032258 -0.050403226 0.000454751
v -0.083709677 0.049596774 0.000161137
v -0.083548387 0.049758065 0.000162409
v -0.083548387 -0.050241935 0.000459534
v -0.083064516 -0.049758065 0.000463337
v -0.082258065 -0.049435484 0.000471066
v -0.081774194 -0.048790323 0.000474333
v -0.081129032 -0.048467742 0.000480253
v -0.080806452 -0.048467742 0.000483678
v -0.080322581 -0.048790323 0.000489755
v -0.080000000 0.049596774 0.000200824
v -0.079838710 0.049758065 0.000202041
v -0.079516129 0.046451613 0.000215251
v -0.079516129 0.038387097 0.000239213
v -0.079516129 0.030322581 0.000263174
v -0.079516129 0.022258065 0.000287136
v -0.079516129 0.014193548 0.000311098
v -0.079516129 0.006129032 0.000335059
v -0.079516129 -0.001935484 0.000359021
v -0.079516129 -0.010000000 0.000382983
v -0.079516129 -0.018064516 0.000406944
v -0.079516129 -0.026129032 0.000430906
v -0.079516129 -0.034193548 0.000454868
v -0.079516129 -0.042258065 0.000478829
v -0.078870968 -0.048951613 0.000505460
v -0.078387097 -0.049274194 0.000511448
v -0.078064516 -0.049274194 0.000514789
v -0.077580645 0.049758065 0.000225533
v -0.077419355 0.049919355 0.000226713
v -0.077258065 0.049758065 0.000228849
v -0.077258065 -0.050241935 0.000525973
v -0.077096774 0.049919355 0.000230024
v -0.076774194 0.049758065 0.000233804
v -0.076774194 -0.050403226 0.000531407
v -0.076290323 -0.050241935 0.000535860
v -0.075322581 -0.050241935 0.000545653
v -0.075161290 -0.050403226 0.000547756
v -0.075000000 0.049758065 0.000251772
v -0.074838710 0.049919355 0.000252911
v -0.074032258 -0.050403226 0.000559044
v -0.073870968 -0.050564516 0.000561126
v -0.071451613 0.046451613 0.000296577
v -0.071451613 0.038387097 0.000320539
v -0.071451613 0.030322581 0.000344500
v -0.071451613 0.022258065 0.000368462
v -0.071451613 0.014193548 0.000392424
v -0.071451613 0.006129032 0.000416385
v -0.071451613 -0.001935484 0.000440347
v -0.071451613 -0.010000000 0.000464309
v -0.071451613 -0.018064516 0.000488270
v -0.071451613 -0.026129032 0.000512232
v -0.071451613 -0.034193548 0.000536194
v -0.071451613 -0.042258065 0.000560155
v -0.071290323 -0.050564516 0.000586395
v -0.071129032 -0.050403226 0.000587472
v -0.070967742 0.049919355 0.000290942
v -0.070806452 0.049758065 0.000292972
v -0.070161290 0.049758065 0.000299148
v -0.070000000 0.049919355 0.000300205
v -0.068870968 -0.050564516 0.000609448
v -0.068709677 -0.050403226 0.000610484
v -0.067741935 0.049919355 0.000321429
v -0.067580645 0.049758065 0.000323403
v -0.065322581 0.049919355 0.000343548
v -0.065161290 0.049758065 0.000345479
v -0.065000000 0.049919355 0.000346448
v -0.064838710 0.049758065 0.000348373
v -0.063387097 0.046451613 0.000371075
v -0.063387097 0.038387097 0.000395036
v -0.063387097 0.030322581 0.000418998
v -0.063387097 0.022258065 0.000442960
v -0.063387097 0.014193548 0.000466921
v -0.063387097 0.006129032 0.000490883
v -0.063387097 -0.001935484 0.000514845
v -0.063387097 -0.010000000 0.000538806
v -0.063387097 -0.018064516 0.000562768
v -0.063387097 -0.026129032 0.000586730
v -0.063387097 -0.034193548 0.000610691
v -0.063387097 -0.042258065 0.000634653
v -0.063387097 -0.050403226 0.000658854
v -0.063064516 -0.050564516 0.000662162
v -0.062903226 0.049758065 0.000365489
v -0.062741935 -0.050403226 0.000664500
v -0.062580645 -0.050564516 0.000666384
v -0.060483871 0.050080645 0.000385320
v -0.059838710 0.049758065 0.000391707
v -0.059516129 -0.050564516 0.000692485
v -0.059354839 -0.050403226 0.000693349
v -0.058709677 0.049758065 0.000401087
v -0.058548387 0.049919355 0.000401936
v -0.055322581 0.046451613 0.000438134
v -0.055322581 0.038387097 0.000462096
v -0.055322581 0.030322581 0.000486057
v -0.055322581 0.022258065 0.000510019
v -0.055322581 0.014193548 0.000533981
v -0.055322581 0.006129032 0.000557942
v -0.055322581 -0.001935484 0.000581904
v -0.055322581 -0.010000000 0.000605866
v -0.055322581 -0.018064516 0.000629827
v -0.055322581 -0.026129032 0.000653789
v -0.055322581 -0.034193548 0.000677751
v -0.055322581 -0.042258065 0.000701712
v -0.054838710 0.049919355 0.000431605
v -0.054677419 -0.050403226 0.000730940
v -0.054516129 -0.050241935 0.000731710
v -0.054354839 0.049596774 0.000436310
v -0.054354839 -0.050403226 0.000733434
v -0.054193548 -0.050241935 0.000734197
v -0.053709677 -0.050241935 0.000737904
v -0.053548387 -0.050403226 0.000739613
v -0.053387097 0.049596774 0.000443714
v -0.052419355 0.049919355 0.000450044
v -0.048870968 0.049758065 0.000476231
v -0.048225806 0.050080645 0.000479774
v -0.047258065 0.046451613 0.000497207
v -0.047258065 0.038387097 0.000521169
v -0.047258065 0.030322581 0.000545131
v -0.047258065 0.022258065 0.000569092
v -0.047258065 0.014193548 0.000593054
v -0.047258065 0.006129032 0.000617015
v -0.047258065 -0.001935484 0.000640977
v -0.047258065 -0.010000000 0.000664939
v -0.047258065 -0.018064516 0.000688900
v -0.047258065 -0.026129032 0.000712862
v -0.047258065 -0.034193548 0.000736824
v -0.047258065 -0.042258065 0.000760785
v -0.047096774 0.050080645 0.000487521
v -0.046935484 0.049919355 0.000489093
v -0.046774194 0.050080645 0.000489704
v -0.044838710 0.050080645 0.000502515
v -0.044516129 0.049758065 0.000505561
v -0.043548387 0.049758065 0.000511739
v -0.043064516 0.050080645 0.000513823
v -0.041774194 -0.050403226 0.000820345
v -0.041612903 0.050080645 0.000522762
v -0.041612903 -0.050241935 0.000820845
v -0.041451613 0.049919355 0.000524217
v -0.040967742 -0.050241935 0.000824727
v -0.040806452 -0.050403226 0.000826168
v -0.040161290 0.049919355 0.000531896
v -0.040000000 0.049758065 0.000533319
v -0.039354839 -0.050403226 0.000834664
v -0.039193548 0.046451613 0.000547810
v -0.039193548 0.038387097 0.000571772
v -0.039193548 0.030322581 0.000595734
v -0.039193548 0.022258065 0.000619695
v -0.039193548 0.014193548 0.000643657
v -0.039193548 0.006129032 0.000667619
v -0.039193548 -0.001935484 0.000691580
v -0.039193548 -0.010000000 0.000715542
v -0.039193548 -0.018064516 0.000739504
v -0.039193548 -0.026129032 0.000763465
v -0.039193548 -0.034193548 0.000787427
v -0.039193548 -0.042258065 0.000811389
v -0.039193548 -0.050564516 0.000836069
v -0.038225806 -0.050564516 0.000841552
v -0.038064516 -0.050403226 0.000841974
v -0.037903226 0.049758065 0.000545268
v -0.037741935 0.049919355 0.000545683
v -0.037419355 -0.050403226 0.000845543
v -0.037258065 -0.050564516 0.000846906
v -0.036290323 0.049758065 0.000554048
v -0.036129032 0.049919355 0.000554427
v -0.033548387 0.049919355 0.000567665
v -0.033387097 0.050080645 0.000567982
v -0.033387097 -0.050564516 0.000867023
v -0.033225806 0.049919355 0.000569254
v -0.033225806 -0.050403226 0.000867337
v -0.032741935 0.050080645 0.000571131
v -0.031935484 0.050080645 0.000574985
v -0.031774194 0.049919355 0.000576224
v -0.031129032 0.046451613 0.000589529
v -0.031129032 0.038387097 0.000613491
v -0.031129032 0.030322581 0.000637453
v -0.031129032 0.022258065 0.000661414
v -0.031129032 0.014193548 0.000685376
v -0.031129032 0.006129032 0.000709338
v -0.031129032 -0.001935484 0.000733299
v -0.031129032 -0.010000000 0.000757261
v -0.031129032 -0.018064516 0.000781223
v -0.031129032 -0.026129032 0.000805184
v -0.031129032 -0.034193548 0.000829146
v -0.031129032 -0.042258065 0.000853108
v -0.028064516 -0.050403226 0.000890759
v -0.027741935 -0.050564516 0.000892576
v -0.027580645 -0.050403226 0.000892760
v -0.027419355 -0.050564516 0.000893899
v -0.027258065 -0.050403226 0.000894076
v -0.026290323 0.050080645 0.000599369
v -0.025483871 0.049758065 0.000603437
v -0.024838710 -0.050403226 0.000903460
v -0.024677419 -0.050241935 0.000903577
v -0.024516129 -0.050403226 0.000904648
v -0.023225806 0.049758065 0.000611641
v -0.023064516 0.046451613 0.000622023
v -0.023064516 0.038387097 0.000645985
v -0.023064516 0.030322581 0.000669947
v -0.023064516 0.022258065 0.000693908
v -0.023064516 0.014193548 0.000717870
v -0.023064516 0.006129032 0.000741832
v -0.023064516 -0.001935484 0.000765793
v -0.023064516 -0.010000000 0.000789755
v -0.023064516 -0.018064516 0.000813717
v -0.023064516 -0.026129032 0.000837678
v -0.023064516 -0.034193548 0.000861640
v -0.023064516 -0.042258065 0.000885602
v -0.022580645 0.050080645 0.000612891
v -0.022419355 -0.050403226 0.000911995
v -0.022258065 -0.050564516 0.000913013
v -0.022096774 -0.050403226 0.000913069
v -0.020483871 -0.050403226 0.000918207
v -0.020322581 -0.050241935 0.000918221
v -0.020000000 0.050080645 0.000621112
v -0.019677419 0.049758065 0.000623029
v -0.018225806 0.049758065 0.000627153
v -0.018225806 -0.050241935 0.000924278
v -0.018064516 -0.050403226 0.000925196
v -0.017580645 0.050080645 0.000627928
v -0.017096774 -0.050403226 0.000927750
v -0.016935484 -0.050564516 0.000928641
v -0.016129032 0.050241935 0.000631123
v -0.015967742 0.050080645 0.000631991
v -0.015161290 -0.050564516 0.000932919
v -0.015000000 0.046451613 0.000645026
v -0.015000000 0.038387097 0.000668988
v -0.015000000 0.030322581 0.000692949
v -0.015000000 0.022258065 0.000716911
v -0.015000000 0.014193548 0.000740873
v -0.015000000 0.006129032 0.000764834
v -0.015000000 -0.001935484 0.000788796
v -0.015000000 -0.010000000 0.000812758
v -0.015000000 -0.018064516 0.000836719
v -0.015000000 -0.026129032 0.000860681
v -0.015000000 -0.034193548 0.000884643
v -0.015000000 -0.042258065 0.000908604
v -0.015000000 -0.050403226 0.000932806
v -0.014193548 -0.050403226 0.000934576
v -0.013709677 0.049919355 0.000637509
v -0.013548387 -0.050080645 0.000934964
v -0.012903226 0.049435484 0.000640561
v -0.012580645 0.049596774 0.000640701
v -0.012580645 -0.049919355 0.000936388
v -0.012258065 0.049435484 0.000641783
v -0.011612903 -0.050403226 0.000939588
v -0.010161290 0.049758065 0.000644366
v -0.009516129 0.050080645 0.000644365
v -0.009516129 -0.050403226 0.000942927
v -0.009354839 -0.050564516 0.000943636
v -0.008870968 0.050080645 0.000645259
v -0.008709677 0.049919355 0.000645952
v -0.007903226 -0.050564516 0.000945525
v -0.007741935 -0.050403226 0.000945236
v -0.007258065 -0.050403226 0.000945784
v -0.007096774 -0.050564516 0.000946437
v -0.006935484 0.046451613 0.000658349
v -0.006935484 0.038387097 0.000682311
v -0.006935484 0.030322581 0.000706273
v -0.006935484 0.022258065 0.000730234
v -0.006935484 0.014193548 0.000754196
v -0.006935484 0.006129032 0.000778158
v -0.006935484 -0.001935484 0.000802119
v -0.006935484 -0.010000000 0.000826081
v -0.006935484 -0.018064516 0.000850043
v -0.006935484 -0.026129032 0.000874004
v -0.006935484 -0.034193548 0.000897966
v -0.006935484 -0.042258065 0.000921928
v -0.005322581 0.049919355 0.000649538
v -0.005161290 0.049758065 0.000650145
v -0.005161290 -0.050564516 0.000948228
v -0.004677419 -0.050403226 0.000948108
v -0.004516129 -0.050564516 0.000948699
v -0.003064516 0.049758065 0.000651447
v -0.003064516 -0.050564516 0.000949530
v -0.002903226 0.049919355 0.000651041
v -0.002903226 -0.050403226 0.000949124
v 0.001129032 0.046451613 0.000661885
v 0.001129032 0.038387097 0.000685846
v 0.001129032 0.030322581 0.000709808
v 0.001129032 0.022258065 0.000733770
v 0.001129032 0.014193548 0.000757731
v 0.001129032 0.006129032 0.000781693
v 0.001129032 -0.001935484 0.000805655
v 0.001129032 -0.010000000 0.000829616
v 0.001129032 -0.018064516 0.000853578
v 0.001129032 -0.026129032 0.000877540
v 0.001129032 -0.034193548 0.000901501
v 0.001129032 -0.042258065 0.000925463
v 0.001451613 0.049758065 0.000651997
v 0.001612903 0.049919355 0.000651481
v 0.004838710 0.049919355 0.000649909
v 0.005000000 0.050080645 0.000649310
v 0.005967742 -0.050403226 0.000947071
v 0.006129032 0.050080645 0.000648362
v 0.006129032 -0.050564516 0.000947403
v 0.006612903 0.049758065 0.000648855
v 0.007903226 0.049758065 0.000647442
v 0.008064516 0.049919355 0.000646768
v 0.009193548 0.046451613 0.000655602
v 0.009193548 0.038387097 0.000679564
v 0.009193548 0.030322581 0.000703526
v 0.009193548 0.022258065 0.000727487
v 0.009193548 0.014193548 0.000751449
v 0.009193548 0.006129032 0.000775411
v 0.009193548 -0.001935484 0.000799372
v 0.009193548 -0.010000000 0.000823334
v 0.009193548 -0.018064516 0.000847296
v 0.009193548 -0.026129032 0.000871257
v 0.009193548 -0.034193548 0.000895219
v 0.009193548 -0.042258065 0.000919181
v 0.011774194 0.049919355 0.000641221
v 0.012096774 -0.050564516 0.000939204
v 0.012258065 0.050080645 0.000639866
v 0.012258065 -0.050403226 0.000938429
v 0.012903226 0.049758065 0.000639603
v 0.014354839 0.050241935 0.000635188
v 0.015161290 0.049919355 0.000634357
v 0.015645161 -0.050403226 0.000931320
v 0.015806452 -0.050241935 0.000930459
v 0.015967742 0.049919355 0.000632470
v 0.016129032 0.050080645 0.000631602
v 0.016774194 -0.050241935 0.000928091
v 0.016935484 -0.050403226 0.000928162
v 0.017258065 0.050080645 0.000628772
v 0.017258065 0.046451613 0.000639554
v 0.017258065 0.038387097 0.000663516
v 0.017258065 0.030322581 0.000687478
v 0.017258065 0.022258065 0.000711439
v 0.017258065 0.014193548 0.000735401
v 0.017258065 0.006129032 0.000759363
v 0.017258065 -0.001935484 0.000783324
v 0.017258065 -0.010000000 0.000807286
v 0.017258065 -0.018064516 0.000831248
v 0.017258065 -0.026129032 0.000855209
v 0.017258065 -0.034193548 0.000879171
v 0.017258065 -0.042258065 0.000903133
v 0.017419355 0.049919355 0.000628831
v 0.017903226 0.050080645 0.000627069
v 0.019354839 0.049596774 0.000624452
v 0.019354839 -0.050403226 0.000921576
v 0.019516129 0.049758065 0.000623502
v 0.019516129 -0.050564516 0.000921586
v 0.020161290 -0.050564516 0.000919668
v 0.020322581 -0.050403226 0.000918700
v 0.020806452 0.049758065 0.000619606
v 0.021129032 0.050080645 0.000617635
v 0.022096774 -0.050403226 0.000913069
v 0.022258065 -0.050564516 0.000913013
v 0.022903226 0.050080645 0.000611794
v 0.023064516 0.049919355 0.000611720
v 0.023709677 -0.050564516 0.000908029
v 0.023870968 -0.050403226 0.000906977
v 0.024032258 -0.050564516 0.000906879
v 0.025322581 0.046451613 0.000613872
v 0.025322581 0.038387097 0.000637833
v 0.025322581 0.030322581 0.000661795
v 0.025322581 0.022258065 0.000685757
v 0.025322581 0.014193548 0.000709718
v 0.025322581 0.006129032 0.000733680
v 0.025322581 -0.001935484 0.000757642
v 0.025322581 -0.010000000 0.000781603
v 0.025322581 -0.018064516 0.000805565
v 0.025322581 -0.026129032 0.000829527
v 0.025322581 -0.034193548 0.000853488
v 0.025322581 -0.042258065 0.000877450
v 0.025483871 -0.050564516 0.000901520
v 0.025806452 0.050080645 0.000601246
v 0.026129032 -0.050241935 0.000898081
v 0.026935484 -0.050241935 0.000894896
v 0.027096774 0.049596774 0.000597603
v 0.027096774 -0.050403226 0.000894727
v 0.028064516 0.049596774 0.000593635
v 0.028225806 0.049758065 0.000592481
v 0.028387097 -0.050403226 0.000889407
v 0.028548387 -0.050564516 0.000889204
v 0.029677419 0.049758065 0.000586244
v 0.029838710 0.049919355 0.000585053
v 0.030322581 0.049919355 0.000582895
v 0.030806452 0.050241935 0.000579746
v 0.031451613 0.050241935 0.000576774
v 0.032741935 0.049596774 0.000572569
v 0.033387097 0.049596774 0.000569420
v 0.033387097 0.046451613 0.000578765
v 0.033387097 0.038387097 0.000602726
v 0.033387097 0.030322581 0.000626688
v 0.033387097 0.022258065 0.000650650
v 0.033387097 0.014193548 0.000674611
v 0.033387097 0.006129032 0.000698573
v 0.033387097 -0.001935484 0.000722535
v 0.033387097 -0.010000000 0.000746496
v 0.033387097 -0.018064516 0.000770458
v 0.033387097 -0.026129032 0.000794420
v 0.033387097 -0.034193548 0.000818381
v 0.033387097 -0.042258065 0.000842343
v 0.034032258 0.049919355 0.000565254
v 0.036612903 -0.050403226 0.000849924
v 0.036774194 -0.050564516 0.000849535
v 0.037419355 0.049758065 0.000547940
v 0.037419355 -0.050564516 0.000846023
v 0.037580645 -0.050403226 0.000844656
v 0.037903226 0.050080645 0.000544309
v 0.039516129 0.050080645 0.000535171
v 0.039677419 0.049919355 0.000534717
v 0.040000000 0.050080645 0.000532361
v 0.040000000 -0.050403226 0.000830923
v 0.040161290 -0.050241935 0.000829500
v 0.040967742 0.050080645 0.000526644
v 0.041129032 -0.050241935 0.000823762
v 0.041290323 0.049758065 0.000525668
v 0.041451613 0.046451613 0.000534520
v 0.041451613 0.038387097 0.000558482
v 0.041451613 0.030322581 0.000582444
v 0.041451613 0.022258065 0.000606405
v 0.041451613 0.014193548 0.000630367
v 0.041451613 0.006129032 0.000654329
v 0.041451613 -0.001935484 0.000678290
v 0.041451613 -0.010000000 0.000702252
v 0.041451613 -0.018064516 0.000726214
v 0.041451613 -0.026129032 0.000750175
v 0.041451613 -0.034193548 0.000774137
v 0.041451613 -0.042258065 0.000798099
v 0.042096774 -0.049435484 0.000815501
v 0.042500000 -0.049838710 0.000814218
v 0.042500000 -0.050161290 0.000815176
v 0.042741935 -0.050403226 0.000814396
v 0.045000000 0.049758065 0.000502425
v 0.045806452 -0.050403226 0.000794733
v 0.046612903 -0.049919355 0.000787915
v 0.047258065 0.050080645 0.000486424
v 0.047419355 -0.049919355 0.000782449
v 0.047580645 -0.050080645 0.000781825
v 0.047741935 -0.049919355 0.000780239
v 0.048064516 0.049596774 0.000482329
v 0.048225806 -0.049919355 0.000776899
v 0.048709677 0.049596774 0.000477841
v 0.048870968 -0.050241935 0.000773356
v 0.049516129 0.046451613 0.000481501
v 0.049516129 0.038387097 0.000505463
v 0.049516129 0.030322581 0.000529424
v 0.049516129 0.022258065 0.000553386
v 0.049516129 0.014193548 0.000577348
v 0.049516129 0.006129032 0.000601309
v 0.049516129 -0.001935484 0.000625271
v 0.049516129 -0.010000000 0.000649233
v 0.049516129 -0.018064516 0.000673194
v 0.049516129 -0.026129032 0.000697156
v 0.049516129 -0.034193548 0.000721118
v 0.049516129 -0.042258065 0.000745079
v 0.049677419 0.049919355 0.000470050
v 0.051612903 -0.050403226 0.000754110
v 0.051774194 0.049919355 0.000454837
v 0.051774194 -0.050564516 0.000753399
v 0.051935484 -0.050403226 0.000751727
v 0.052258065 0.049596774 0.000452205
v 0.052419355 -0.050403226 0.000748127
v 0.052580645 -0.050564516 0.000747400
v 0.052741935 0.049596774 0.000448586
v 0.052903226 0.049758065 0.000446894
v 0.053064516 -0.050403226 0.000743281
v 0.054354839 0.049758065 0.000435830
v 0.055000000 0.050080645 0.000429871
v 0.055967742 0.049758065 0.000423232
v 0.057580645 0.046451613 0.000420140
v 0.057580645 0.038387097 0.000444102
v 0.057580645 0.030322581 0.000468063
v 0.057580645 0.022258065 0.000492025
v 0.057580645 0.014193548 0.000515987
v 0.057580645 0.006129032 0.000539948
v 0.057580645 -0.001935484 0.000563910
v 0.057580645 -0.010000000 0.000587872
v 0.057580645 -0.018064516 0.000611833
v 0.057580645 -0.026129032 0.000635795
v 0.057580645 -0.034193548 0.000659757
v 0.057580645 -0.042258065 0.000683718
v 0.057741935 -0.050403226 0.000706611
v 0.057903226 -0.050564516 0.000705778
v 0.058387097 -0.050564516 0.000701823
v 0.058548387 -0.050403226 0.000700019
v 0.059193548 0.049919355 0.000396606
v 0.060161290 0.049596774 0.000389478
v 0.060161290 -0.050403226 0.000686603
v 0.060322581 -0.050564516 0.000685723
v 0.061290323 0.049596774 0.000379904
v 0.061935484 0.049919355 0.000373407
v 0.064193548 0.049919355 0.000353646
v 0.064838710 0.049596774 0.000348852
v 0.065483871 0.049596774 0.000343052
v 0.065645161 0.049758065 0.000341116
v 0.065645161 0.046451613 0.000350940
v 0.065645161 0.038387097 0.000374902
v 0.065645161 0.030322581 0.000398863
v 0.065645161 0.022258065 0.000422825
v 0.065645161 0.014193548 0.000446787
v 0.065645161 0.006129032 0.000470748
v 0.065645161 -0.001935484 0.000494710
v 0.065645161 -0.010000000 0.000518671
v 0.065645161 -0.018064516 0.000542633
v 0.065645161 -0.026129032 0.000566595
v 0.065645161 -0.034193548 0.000590556
v 0.065645161 -0.042258065 0.000614518
v 0.066451613 0.049758065 0.000333786
v 0.067258065 0.050080645 0.000325425
v 0.068709677 0.050080645 0.000311921
v 0.069516129 0.049758065 0.000305279
v 0.069516129 -0.050564516 0.000603362
v 0.069677419 -0.050403226 0.000601354
v 0.070161290 -0.050564516 0.000597231
v 0.070322581 -0.050403226 0.000595212
v 0.070806452 -0.050403226 0.000590576
v 0.070967742 0.049758065 0.000291421
v 0.070967742 -0.050564516 0.000589505
v 0.071129032 -0.050403226 0.000587472
v 0.071774194 0.050080645 0.000282668
v 0.072903226 -0.050403226 0.000570203
v 0.073064516 -0.050564516 0.000569096
v 0.073387097 -0.050403226 0.000565437
v 0.073548387 -0.050564516 0.000564322
v 0.073709677 0.050080645 0.000263684
v 0.073709677 0.046451613 0.000274466
v 0.073709677 0.038387097 0.000298428
v 0.073709677 0.030322581 0.000322390
v 0.073709677 0.022258065 0.000346351
v 0.073709677 0.014193548 0.000370313
v 0.073709677 0.006129032 0.000394275
v 0.073709677 -0.001935484 0.000418236
v 0.073709677 -0.010000000 0.000442198
v 0.073709677 -0.018064516 0.000466160
v 0.073709677 -0.026129032 0.000490121
v 0.073709677 -0.034193548 0.000514083
v 0.073709677 -0.042258065 0.000538045
v 0.073709677 -0.050403226 0.000562246
v 0.074516129 0.049758065 0.000256618
v 0.075806452 0.049758065 0.000243644
v 0.076612903 0.050080645 0.000234492
v 0.077741935 -0.050403226 0.000521475
v 0.078709677 -0.050080645 0.000510493
v 0.079193548 0.050241935 0.000207365
v 0.079354839 0.050080645 0.000206158
v 0.080322581 -0.050080645 0.000493589
v 0.080483871 0.050080645 0.000194281
v 0.080483871 -0.050241935 0.000492364
v 0.080806452 -0.050080645 0.000488470
v 0.080967742 0.049758065 0.000190113
v 0.080967742 -0.050241935 0.000487238
v 0.081774194 0.046451613 0.000191345
v 0.081774194 0.038387097 0.000215307
v 0.081774194 0.030322581 0.000239269
v 0.081774194 0.022258065 0.000263230
v 0.081774194 0.014193548 0.000287192
v 0.081774194 0.006129032 0.000311154
v 0.081774194 -0.001935484 0.000335115
v 0.081774194 -0.010000000 0.000359077
v 0.081774194 -0.018064516 0.000383039
v 0.081774194 -0.026129032 0.000407000
v 0.081774194 -0.034193548 0.000430962
v 0.081774194 -0.042258065 0.000454924
v 0.081774194 -0.050241935 0.000478646
v 0.081935484 -0.050080645 0.000476441
v 0.082419355 0.049758065 0.000174604
v 0.082580645 0.049596774 0.000173348
v 0.083870968 -0.050080645 0.000455549
v 0.084032258 -0.050241935 0.000454272
v 0.084838710 0.049758065 0.000148332
v 0.085161290 -0.050241935 0.000441914
v 0.085403226 0.041451613 0.000166808
v 0.085403226 -0.020483871 0.000350833
v 0.085403226 -0.038548387 0.000404508
v 0.085483871 0.049274194 0.000142676
v 0.085564516 0.047580645 0.000146819
v 0.085564516 0.046774194 0.000149215
v 0.085564516 0.036612903 0.000179407
v 0.085564516 0.035645161 0.000182282
v 0.085564516 0.030806452 0.000196659
v 0.085564516 0.030161290 0.000198576
v 0.085564516 0.025000000 0.000213912
v 0.085564516 0.024193548 0.000216308
v 0.085564516 0.018225806 0.000234040
v 0.085564516 0.011612903 0.000253688
v 0.085564516 0.005806452 0.000270940
v 0.085564516 0.005000000 0.000273337
v 0.085564516 -0.001129032 0.000291548
v 0.085564516 -0.007741935 0.000311196
v 0.085564516 -0.008387097 0.000313113
v 0.085564516 -0.014677419 0.000331803
v 0.085564516 -0.020000000 0.000347618
v 0.085564516 -0.020967742 0.000350493
v 0.085564516 -0.026935484 0.000368225
v 0.085564516 -0.032903226 0.000385956
v 0.085564516 -0.038064516 0.000401292
v 0.085564516 -0.039032258 0.000404167
v 0.085564516 -0.044193548 0.000419503
v 0.085564516 -0.048387097 0.000431963
v 0.085564516 -0.050000000 0.000436755
v 0.085725806 0.046451613 0.000148394
v 0.085725806 0.042419355 0.000160374
v 0.085725806 0.031129032 0.000193921
v 0.085725806 0.025322581 0.000211173
v 0.085725806 0.019193548 0.000229384
v 0.085725806 0.018387097 0.000231780
v 0.085725806 0.012419355 0.000249512
v 0.085725806 -0.001935484 0.000292164
v 0.085725806 -0.013709677 0.000327148
v 0.085725806 -0.025806452 0.000363090
v 0.085725806 -0.032096774 0.000381780
v 0.085725806 -0.033225806 0.000385135
v 0.085725806 -0.043709677 0.000416285
v 0.085725806 -0.045000000 0.000420119
v 0.085887097 0.017258065 0.000233352
v 0.085887097 0.004354839 0.000271691
v 0.085887097 -0.006935484 0.000305237
v 0.086048387 0.048548387 0.000138597
v 0.086129032 0.046048387 0.000145132
v 0.086129032 0.031532258 0.000188263
v 0.086129032 0.010725806 0.000250084
v 0.086129032 -0.000241935 0.000282671
v 0.086129032 -0.013306452 0.000321489
v 0.086129032 -0.021532258 0.000345930
v 0.086129032 -0.033629032 0.000381873
v 0.086290323 0.040403226 0.000160117
v 0.086290323 0.019758065 0.000221459
v 0.086290323 0.016854839 0.000230085
v 0.086290323 0.006532258 0.000260756
v 0.086290323 -0.006532258 0.000299574
v 0.086290323 -0.015564516 0.000326411
v 0.086290323 -0.019274194 0.000337433
v 0.086290323 -0.025241935 0.000355165
v 0.086290323 -0.037338710 0.000391107
v 0.086451613 0.043145161 0.000150180
v 0.086451613 0.023306452 0.000209125
v 0.086451613 -0.009435484 0.000306410
v 0.086451613 -0.027983871 0.000361521
v 0.086451613 -0.033629032 0.000378295
v 0.086451613 -0.039919355 0.000396985
v 0.086451613 -0.045725806 0.000414237
v 0.086451613 -0.047338710 0.000419029
v 0.086612903 0.034758065 0.000173307
v 0.086612903 0.031532258 0.000182892
v 0.086612903 0.026048387 0.000199186
v 0.086612903 -0.015564516 0.000322828
v 0.086612903 -0.021532258 0.000340560
v 0.086612903 -0.037338710 0.000387525
v 0.086612903 -0.042822581 0.000403818
v 0.086774194 0.037661290 0.000162886
v 0.086774194 0.028790323 0.000189244
v 0.086774194 0.016693548 0.000225187
v 0.086774194 0.013306452 0.000235251
v 0.086774194 0.003629032 0.000264005
v 0.086774194 -0.002822581 0.000283174
v 0.086774194 -0.006532258 0.000294196
v 0.086774194 -0.019274194 0.000332056
v 0.086774194 -0.025080645 0.000349308
v 0.086774194 -0.031209677 0.000367519
v 0.086774194 -0.045725806 0.000410650
v 0.086854839 -0.046290323 0.000411429
v 0.086854839 -0.047258065 0.000414305
v 0.086935484 0.043306452 0.000144316
v 0.086935484 -0.006370968 0.000291920
v 0.086935484 -0.022016129 0.000338406
v 0.086935484 -0.034274194 0.000374828
v 0.086935484 -0.037016129 0.000382975
v 0.087016129 -0.046129032 0.000409152
v 0.087096774 0.032016129 0.000176064
v 0.087096774 0.010080645 0.000241239
v 0.087096774 0.007016129 0.000250345
v 0.087096774 -0.012822581 0.000309291
v 0.087096774 -0.016048387 0.000318875
v 0.087096774 -0.018951613 0.000327501
v 0.087096774 -0.028306452 0.000355297
v 0.087258065 0.045564516 0.000134007
v 0.087258065 0.040080645 0.000150301
v 0.087258065 0.031854839 0.000174742
v 0.087419355 0.032016129 0.000172459
v 0.087419355 0.022983871 0.000199296
v 0.087419355 0.010080645 0.000237635
v 0.087419355 0.000241935 0.000266868
v 0.087419355 -0.022177419 0.000333481
v 0.087500000 -0.045967742 0.000403266
v 0.087500000 -0.046290323 0.000404224
v 0.087580645 0.028790323 0.000180238
v 0.087580645 0.013306452 0.000226244
v 0.087580645 -0.016048387 0.000313465
v 0.087580645 -0.028306452 0.000349887
v 0.087580645 -0.034274194 0.000367618
v 0.087661290 -0.046451613 0.000402897
v 0.087661290 -0.047096774 0.000404814
v 0.087741935 0.037661290 0.000152072
v 0.087741935 0.034596774 0.000161178
v 0.087741935 0.026048387 0.000186577
v 0.087741935 0.016693548 0.000214373
v 0.087741935 0.006854839 0.000243606
v 0.087741935 0.003629032 0.000253191
v 0.087741935 -0.002822581 0.000272360
v 0.087741935 -0.006370968 0.000282903
v 0.087741935 -0.009435484 0.000292009
v 0.087741935 -0.025080645 0.000338494
v 0.087741935 -0.037016129 0.000373957
v 0.087741935 -0.040080645 0.000383063
v 0.087903226 0.045725806 0.000126301
v 0.087903226 0.040403226 0.000142115
v 0.087903226 0.031693548 0.000167994
v 0.087903226 0.013145161 0.000223106
v 0.087903226 -0.031209677 0.000354895
v 0.087903226 -0.034112903 0.000363521
v 0.087903226 -0.042822581 0.000389400
v 0.087903226 -0.045887097 0.000398505
v 0.087903226 -0.047338710 0.000402818
v 0.088064516 0.042983871 0.000132636
v 0.088064516 0.037500000 0.000148930
v 0.088064516 0.034758065 0.000157076
v 0.088064516 0.029112903 0.000173850
v 0.088064516 0.019758065 0.000201645
v 0.088064516 0.016854839 0.000210271
v 0.088064516 -0.000080645 0.000260591
v 0.088064516 -0.002661290 0.000268259
v 0.088064516 -0.013145161 0.000299409
v 0.088064516 -0.037177419 0.000370815
v 0.088145161 -0.015645161 0.000305930
v 0.088225806 0.031693548 0.000164368
v 0.088225806 -0.019274194 0.000315805
v 0.088225806 -0.047338710 0.000399192
v 0.088306452 0.048548387 0.000113380
v 0.088306452 0.047903226 0.000115297
v 0.088467742 0.046290323 0.000118272
v 0.088467742 0.040967742 0.000134086
v 0.088467742 0.017903226 0.000202617
v 0.088467742 -0.045322581 0.000390476
v 0.088629032 0.047419355 0.000113097
v 0.088629032 0.035483871 0.000148560
v 0.088629032 0.029838710 0.000165334
v 0.088629032 0.019193548 0.000196963
v 0.088629032 0.017580645 0.000201755
v 0.088629032 0.011129032 0.000220925
v 0.088629032 -0.025967742 0.000331148
v 0.088629032 -0.027419355 0.000335461
v 0.088629032 -0.037741935 0.000366132
v 0.088629032 -0.039354839 0.000370925
v 0.088790323 0.042258065 0.000126611
v 0.088790323 0.030967742 0.000160157
v 0.088790323 0.030161290 0.000162553
v 0.088790323 0.025161290 0.000177410
v 0.088790323 0.024193548 0.000180285
v 0.088790323 0.018387097 0.000197537
v 0.088790323 0.012419355 0.000215269
v 0.088790323 0.004838710 0.000237793
v 0.088790323 -0.000806452 0.000254566
v 0.088790323 -0.007258065 0.000273735
v 0.088790323 -0.008064516 0.000276132
v 0.088790323 -0.020967742 0.000314470
v 0.088790323 -0.026451613 0.000330764
v 0.088790323 -0.033064516 0.000350413
v 0.088790323 -0.043870968 0.000382521
v 0.088790323 -0.044516129 0.000384438
v 0.088951613 0.036451613 0.000142039
v 0.088951613 0.011935484 0.000214883
v 0.088951613 0.005806452 0.000233094
v 0.088951613 0.005161290 0.000235010
v 0.088951613 -0.001451613 0.000254659
v 0.088951613 -0.014193548 0.000292518
v 0.088951613 -0.020161290 0.000310250
v 0.088951613 -0.032419355 0.000346672
v 0.088951613 -0.038387097 0.000364403
v 0.088951613 -0.043709677 0.000380218
v 0.088951613 -0.048870968 0.000395554
v 0.088951613 -0.050000000 0.000398908
v 0.089112903 -0.048387097 0.000392290
v 0.089193548 0.049435484 0.000100721
v 0.089193548 -0.050241935 0.000396887
v 0.089838710 0.046451613 0.000102257
v 0.089838710 0.038387097 0.000126219
v 0.089838710 0.030322581 0.000150180
v 0.089838710 0.022258065 0.000174142
v 0.089838710 0.014193548 0.000198104
v 0.089838710 0.006129032 0.000222065
v 0.089838710 -0.001935484 0.000246027
v 0.089838710 -0.010000000 0.000269989
v 0.089838710 -0.018064516 0.000293950
v 0.089838710 -0.026129032 0.000317912
v 0.089838710 -0.034193548 0.000341874
v 0.089838710 -0.042258065 0.000365835
v 0.090161290 0.049758065 0.000088755
v 0.090806452 0.049758065 0.000081375
v 0.091129032 0.050080645 0.000076714
v 0.091612903 -0.050241935 0.000369229
v 0.091935484 0.050080645 0.000067423
v 0.091935484 -0.049919355 0.000364547
v 0.092096774 0.049919355 0.000066038
v 0.092903226 -0.050080645 0.000353810
v 0.093225806 0.049919355 0.000052931
v 0.093387097 0.050080645 0.000050571
v 0.093387097 -0.050403226 0.000349133
v 0.094677419 0.050080645 0.000035458
v 0.094838710 0.049919355 0.000034040
v 0.096774194 -0.050403226 0.000309202
v 0.096935484 -0.050241935 0.000306801
v 0.097903226 0.046451613 0.000007930
v 0.097903226 0.038387097 0.000031892
v 0.097903226 0.030322581 0.000055853
v 0.097903226 0.022258065 0.000079815
v 0.097903226 0.014193548 0.000103777
v 0.097903226 0.006129032 0.000127738
v 0.097903226 -0.001935484 0.000151700
v 0.097903226 -0.010000000 0.000175662
v 0.097903226 -0.018064516 0.000199623
v 0.097903226 -0.026129032 0.000223585
v 0.097903226 -0.034193548 0.000247547
v 0.097903226 -0.042258065 0.000271508
v 0.098064516 0.049919355 -0.000004308
v 0.098225806 0.049758065 -0.000005765
v 0.099354839 0.049596774 -0.000018891
v 0.099677419 0.049274194 -0.000021836
v 0.100161290 0.049274194 -0.000027703
v 0.100161290 -0.050241935 0.000267984
v 0.100322581 0.049112903 -0.000029183
v 0.100322581 -0.050080645 0.000265546
v 0.100967742 -0.050080645 0.000257693
v 0.101129032 -0.050241935 0.000256204
v 0.101451613 0.049274194 -0.000043423
v 0.101935484 -0.050241935 0.000246342
v 0.102096774 0.049758065 -0.000052760
v 0.102580645 -0.050564516 0.000239381
v 0.103064516 0.050080645 -0.000065616
v 0.103064516 -0.050403226 0.000232946
v 0.103225806 -0.050564516 0.000231437
v 0.104838710 0.050080645 -0.000087576
v 0.104838710 -0.050564516 0.000211465
v 0.105645161 0.049758065 -0.000096661
v 0.105967742 0.049919355 -0.000101167
v 0.105967742 0.046451613 -0.000090864
v 0.105967742 0.038387097 -0.000066902
v 0.105967742 0.030322581 -0.000042940
v 0.105967742 0.022258065 -0.000018979
v 0.105967742 0.014193548 0.000004983
v 0.105967742 0.006129032 0.000028945
v 0.105967742 -0.001935484 0.000052906
v 0.105967742 -0.010000000 0.000076868
v 0.105967742 -0.018064516 0.000100830
v 0.105967742 -0.026129032 0.000124791
v 0.105967742 -0.034193548 0.000148753
v 0.105967742 -0.042258065 0.000172715
v 0.106290323 -0.050080645 0.000191924
v 0.107258065 -0.050080645 0.000179789
v 0.107580645 -0.050403226 0.000176692
v 0.108225806 -0.050403226 0.000168562
v 0.108387097 -0.050564516 0.000167006
v 0.108548387 -0.050403226 0.000164490
v 0.108709677 -0.050564516 0.000162930
v 0.109193548 0.049919355 -0.000141755
v 0.109354839 0.050080645 -0.000144279
v 0.109516129 0.049919355 -0.000145844
v 0.109516129 -0.050564516 0.000152718
v 0.109677419 0.050080645 -0.000148370
v 0.109677419 -0.050403226 0.000150192
v 0.110161290 0.049758065 -0.000153559
v 0.110322581 -0.050403226 0.000141993
v 0.110645161 0.049919355 -0.000160197
v 0.110806452 -0.050564516 0.000136310
v 0.110967742 -0.050403226 0.000133774
v 0.112419355 -0.050241935 0.000114728
v 0.112741935 -0.049919355 0.000109630
v 0.113225806 -0.049919355 0.000103412
v 0.113387097 0.049919355 -0.000195308
v 0.113387097 -0.050080645 0.000101816
v 0.113548387 0.049758065 -0.000196905
v 0.113870968 -0.050080645 0.000095585
v 0.114032258 0.046451613 -0.000193316
v 0.114032258 0.038387097 -0.000169354
v 0.114032258 0.030322581 -0.000145393
v 0.114032258 0.022258065 -0.000121431
v 0.114032258 0.014193548 -0.000097469
v 0.114032258 0.006129032 -0.000073508
v 0.114032258 -0.001935484 -0.000049546
v 0.114032258 -0.010000000 -0.000025584
v 0.114032258 -0.018064516 -0.000001623
v 0.114032258 -0.026129032 0.000022339
v 0.114032258 -0.034193548 0.000046301
v 0.114032258 -0.042258065 0.000070262
v 0.114354839 -0.050403226 0.000090301
v 0.114838710 0.049758065 -0.000213555
v 0.115000000 0.049919355 -0.000216120
v 0.115322581 -0.050403226 0.000077787
v 0.115483871 -0.050564516 0.000076177
v 0.116129032 0.049919355 -0.000230753
v 0.116290323 0.050080645 -0.000233327
v 0.116451613 0.049919355 -0.000234944
v 0.116774194 0.050080645 -0.000239618
v 0.116774194 -0.050564516 0.000059424
v 0.116935484 0.049919355 -0.000241237
v 0.117096774 -0.050241935 0.000054267
v 0.118064516 -0.050080645 0.000041168
v 0.118225806 -0.050241935 0.000039541
v 0.118709677 0.049758065 -0.000263910
v 0.118709677 -0.050241935 0.000033215
v 0.119032258 -0.050564516 0.000029952
v 0.119677419 0.050080645 -0.000277544
v 0.122096774 0.046451613 -0.000298588
v 0.122096774 0.038387097 -0.000274627
v 0.122096774 0.030322581 -0.000250665
v 0.122096774 0.022258065 -0.000226704
v 0.122096774 0.014193548 -0.000202742
v 0.122096774 0.006129032 -0.000178780
v 0.122096774 -0.001935484 -0.000154819
v 0.122096774 -0.010000000 -0.000130857
v 0.122096774 -0.018064516 -0.000106895
v 0.122096774 -0.026129032 -0.000082934
v 0.122096774 -0.034193548 -0.000058972
v 0.122096774 -0.042258065 -0.000035010
v 0.123064516 0.049919355 -0.000321674
v 0.123225806 0.050080645 -0.000324286
v 0.124032258 0.050080645 -0.000334961
v 0.124032258 -0.050403226 -0.000036399
v 0.124193548 0.050241935 -0.000337577
v 0.124193548 -0.050564516 -0.000038057
v 0.125967742 -0.050564516 -0.000061610
v 0.126612903 0.050241935 -0.000369715
v 0.126935484 -0.050241935 -0.000075448
v 0.127096774 0.050080645 -0.000375680
v 0.127580645 -0.050241935 -0.000084046
v 0.127822581 -0.050000000 -0.000087991
v 0.127983871 0.049516129 -0.000385829
v 0.127983871 0.048548387 -0.000382954
v 0.127983871 -0.049032258 -0.000093018
v 0.128629032 0.047419355 -0.000388211
v 0.128629032 0.047096774 -0.000387253
v 0.129274194 -0.000806452 -0.000253540
v 0.129274194 -0.001451613 -0.000251623
v 0.129435484 0.046129032 -0.000395153
v 0.129435484 -0.046129032 -0.000121032
v 0.129596774 0.001290323 -0.000264083
v 0.129596774 -0.002419355 -0.000253061
v 0.129596774 -0.003387097 -0.000250185
v 0.129919355 0.045000000 -0.000398270
v 0.130080645 0.003064516 -0.000275827
v 0.130080645 -0.004193548 -0.000254262
v 0.130161290 0.038387097 -0.000381858
v 0.130161290 0.030322581 -0.000357897
v 0.130161290 0.022258065 -0.000333935
v 0.130161290 0.014193548 -0.000309973
v 0.130161290 0.006129032 -0.000286012
v 0.130161290 -0.010000000 -0.000238088
v 0.130161290 -0.018064516 -0.000214127
v 0.130161290 -0.026129032 -0.000190165
v 0.130161290 -0.034193548 -0.000166203
v 0.130161290 -0.042258065 -0.000142242
v 0.130403226 -0.005161290 -0.000255703
v 0.131048387 0.004677419 -0.000293576
v 0.131048387 -0.006129032 -0.000261467
v 0.131451613 -0.043951613 -0.000154490
v 0.131774194 0.042983871 -0.000417121
v 0.131935484 0.042983871 -0.000419283
v 0.132096774 0.005887097 -0.000311223
v 0.132258065 0.005887097 -0.000313386
v 0.132419355 -0.043145161 -0.000169863
v 0.133064516 -0.008145161 -0.000282514
v 0.133225806 0.041693548 -0.000432762
v 0.133387097 0.007016129 -0.000331892
v 0.133387097 -0.008145161 -0.000286844
v 0.134032258 -0.042177419 -0.000194391
v 0.134354839 0.041370968 -0.000446968
v 0.134354839 -0.008951613 -0.000297447
v 0.134516129 -0.042177419 -0.000200892
v 0.134838710 0.007822581 -0.000353790
v 0.135000000 0.040725806 -0.000453722
v 0.135645161 0.040725806 -0.000462396
v 0.135645161 0.007983871 -0.000365112
v 0.135806452 -0.009435484 -0.000315524
v 0.135806452 -0.041532258 -0.000220156
v 0.136129032 0.040403226 -0.000467946
v 0.136290323 0.008467742 -0.000375227
v 0.136612903 0.040403226 -0.000474455
v 0.136774194 0.040241935 -0.000476146
v 0.136774194 -0.010080645 -0.000326625
v 0.137258065 -0.041209677 -0.000240644
v 0.137500000 0.033548387 -0.000466025
v 0.137500000 0.033225806 -0.000465067
v 0.137500000 0.027580645 -0.000448293
v 0.137500000 0.026774194 -0.000445897
v 0.137500000 0.014032258 -0.000408038
v 0.137500000 -0.015000000 -0.000321776
v 0.137500000 -0.015645161 -0.000319859
v 0.137661290 0.033387097 -0.000467717
v 0.137661290 0.026451613 -0.000447110
v 0.137661290 0.021129032 -0.000431295
v 0.137661290 0.020161290 -0.000428419
v 0.137661290 0.014516129 -0.000411646
v 0.137661290 0.013387097 -0.000408292
v 0.137661290 -0.021129032 -0.000305736
v 0.137661290 -0.021774194 -0.000303819
v 0.137661290 -0.027580645 -0.000286566
v 0.137661290 -0.028387097 -0.000284170
v 0.137661290 -0.034193548 -0.000266918
v 0.137661290 -0.035161290 -0.000264042
v 0.137822581 0.034516129 -0.000473242
v 0.137822581 -0.022096774 -0.000305031
v 0.137822581 -0.028709677 -0.000285383
v 0.137822581 -0.035483871 -0.000265255
v 0.137903226 0.032661290 -0.000468816
v 0.137903226 -0.016048387 -0.000324088
v 0.138064516 0.028306452 -0.000458048
v 0.138064516 0.012822581 -0.000412042
v 0.138225806 0.038387097 -0.000490171
v 0.138225806 0.030322581 -0.000466210
v 0.138225806 0.019435484 -0.000433861
v 0.138225806 -0.013951613 -0.000334660
v 0.138225806 -0.018064516 -0.000322440
v 0.138225806 -0.020403226 -0.000315491
v 0.138225806 -0.029112903 -0.000289612
v 0.138387097 0.035080645 -0.000482518
v 0.138387097 0.021854839 -0.000443221
v 0.138387097 0.015241935 -0.000423573
v 0.138387097 -0.010403226 -0.000347375
v 0.138387097 -0.022661290 -0.000310953
v 0.138387097 -0.026854839 -0.000298493
v 0.138387097 -0.036048387 -0.000271176
v 0.138387097 -0.041209677 -0.000255841
v 0.138548387 0.040080645 -0.000499546
v 0.138548387 -0.033306452 -0.000281495
v 0.138709677 0.028790323 -0.000468171
v 0.138709677 0.025725806 -0.000459065
v 0.138870968 0.012500000 -0.000421940
v 0.139112903 0.039516129 -0.000505468
v 0.139193548 0.028790323 -0.000474685
v 0.139193548 -0.036209677 -0.000281554
v 0.139354839 0.035403226 -0.000496505
v 0.139354839 0.025564516 -0.000467272
v 0.139354839 -0.010403226 -0.000360403
v 0.139516129 0.015564516 -0.000439731
v 0.139516129 0.008951613 -0.000420083
v 0.139516129 -0.013629032 -0.000352990
v 0.139516129 -0.016854839 -0.000343405
v 0.139516129 -0.020080645 -0.000333821
v 0.139516129 -0.029596774 -0.000305546
v 0.139516129 -0.033145161 -0.000295003
v 0.139596774 0.038387097 -0.000508629
v 0.139596774 0.032096774 -0.000489938
v 0.139596774 0.024677419 -0.000467894
v 0.139596774 0.022258065 -0.000460705
v 0.139596774 0.017096774 -0.000445370
v 0.139677419 -0.010564516 -0.000364267
v 0.139677419 -0.023306452 -0.000326408
v 0.139758065 0.031774194 -0.000491152
v 0.139758065 0.030806452 -0.000488276
v 0.139758065 0.029193548 -0.000483484
v 0.139758065 0.025161290 -0.000471503
v 0.139758065 0.018709677 -0.000452334
v 0.139758065 -0.019838710 -0.000337797
v 0.139758065 -0.024032258 -0.000325337
v 0.139758065 -0.026129032 -0.000319107
v 0.139919355 0.036451613 -0.000507221
v 0.139919355 0.035967742 -0.000505783
v 0.139919355 0.030645161 -0.000489969
v 0.139919355 0.029516129 -0.000486614
v 0.139919355 0.024354839 -0.000471278
v 0.139919355 0.018387097 -0.000453547
v 0.139919355 0.017580645 -0.000451151
v 0.139919355 0.016774194 -0.000448754
v 0.139919355 0.009516129 -0.000427189
v 0.139919355 -0.017258065 -0.000347636
v 0.139919355 -0.018064516 -0.000345240
v 0.139919355 -0.019516129 -0.000340927
v 0.139919355 -0.024193548 -0.000327029
v 0.139919355 -0.025645161 -0.000322716
v 0.139919355 -0.030322581 -0.000308818
v 0.139919355 -0.032741935 -0.000301630
v 0.139919355 -0.037419355 -0.000287732
v 0.139919355 -0.037903226 -0.000286294
v 0.139919355 -0.039193548 -0.000282461
v 0.140080645 0.037903226 -0.000513706
v 0.140080645 0.036612903 -0.000509872
v 0.140080645 0.016290323 -0.000449488
v 0.140080645 0.011612903 -0.000435591
v 0.140080645 -0.011129032 -0.000368019
v 0.140080645 -0.012903226 -0.000362747
v 0.140080645 -0.017741935 -0.000348370
v 0.140080645 -0.037258065 -0.000290383
v 0.140080645 -0.038064516 -0.000287987
vt 0.053240741 0.629950495
vt 0.053240741 0.414603960
vt 0.053240741 0.404702970
vt 0.053240741 0.254950495
vt 0.053240741 0.210396040
vt 0.053755144 0.792079208
vt 0.053755144 0.783415842
vt 0.053755144 0.742574257
vt 0.053755144 0.728960396
vt 0.053755144 0.681930693
vt 0.053755144 0.642326733
vt 0.053755144 0.631188119
vt 0.053755144 0.590346535
vt 0.053755144 0.581683168
vt 0.053755144 0.579207921
vt 0.053755144 0.575495050
vt 0.053755144 0.366336634
vt 0.053755144 0.361386139
vt 0.053755144 0.353960396
vt 0.053755144 0.318069307
vt 0.053755144 0.301980198
vt 0.053755144 0.264851485
vt 0.053755144 0.217821782
vt 0.053755144 0.209158416
vt 0.053755144 0.204207921
vt 0.054269547 0.797029703
vt 0.054269547 0.793316832
vt 0.054269547 0.782178218
vt 0.054269547 0.777227723
vt 0.054269547 0.694306931
vt 0.054269547 0.683168317
vt 0.054269547 0.680693069
vt 0.054269547 0.675742574
vt 0.054269547 0.580445545
vt 0.054269547 0.571782178
vt 0.054269547 0.400990099
vt 0.054269547 0.365099010
vt 0.054269547 0.352722772
vt 0.054269547 0.349009901
vt 0.054269547 0.320544554
vt 0.054269547 0.269801980
vt 0.054269547 0.263613861
vt 0.054269547 0.259900990
vt 0.054526749 0.623143564
vt 0.054783951 0.774752475
vt 0.054783951 0.747524752
vt 0.055041152 0.723391089
vt 0.055041152 0.697400990
vt 0.055041152 0.371905941
vt 0.055041152 0.347153465
vt 0.055041152 0.249381188
vt 0.055555556 0.568688119
vt 0.055555556 0.421410891
vt 0.055555556 0.250618812
vt 0.055555556 0.222153465
vt 0.055812757 0.194306931
vt 0.056069959 0.671410891
vt 0.056069959 0.647896040
vt 0.056069959 0.396658416
vt 0.056069959 0.296410891
vt 0.056584362 0.697400990
vt 0.056584362 0.597153465
vt 0.056584362 0.249381188
vt 0.057098765 0.771658416
vt 0.057098765 0.748143564
vt 0.057613169 0.396658416
vt 0.057613169 0.276608911
vt 0.058127572 0.345915842
vt 0.058127572 0.223391089
vt 0.058641975 0.720915842
vt 0.058641975 0.324876238
vt 0.058641975 0.244430693
vt 0.058641975 0.186262376
vt 0.059156379 0.810024752
vt 0.059156379 0.670173267
vt 0.059156379 0.650371287
vt 0.059156379 0.376856436
vt 0.059156379 0.295173267
vt 0.059670782 0.770420792
vt 0.059670782 0.701113861
vt 0.059670782 0.599628713
vt 0.059670782 0.568688119
vt 0.059670782 0.394183168
vt 0.059670782 0.244430693
vt 0.060185185 0.567450495
vt 0.060185185 0.376856436
vt 0.060185185 0.279084158
vt 0.060185185 0.185024752
vt 0.060699588 0.616955446
vt 0.060956790 0.341584158
vt 0.060956790 0.241336634
vt 0.061471193 0.766089109
vt 0.061471193 0.757425743
vt 0.061471193 0.714108911
vt 0.061471193 0.705445545
vt 0.061471193 0.665841584
vt 0.061471193 0.655940594
vt 0.061471193 0.389851485
vt 0.061471193 0.379950495
vt 0.061471193 0.339108911
vt 0.061471193 0.330445545
vt 0.061471193 0.289603960
vt 0.061471193 0.284653465
vt 0.061471193 0.238861386
vt 0.061471193 0.230198020
vt 0.061728395 0.422648515
vt 0.061985597 0.709158416
vt 0.061985597 0.613861386
vt 0.061985597 0.606435644
vt 0.062242798 0.812500000
vt 0.062757202 0.567450495
vt 0.062757202 0.425123762
vt 0.063271605 0.566212871
vt 0.064300412 0.812500000
vt 0.064300412 0.185024752
vt 0.064814815 0.425123762
vt 0.065843621 0.566212871
vt 0.066358025 0.797029703
vt 0.066358025 0.735148515
vt 0.066358025 0.673267327
vt 0.066358025 0.611386139
vt 0.066358025 0.427599010
vt 0.066358025 0.363861386
vt 0.066358025 0.301980198
vt 0.066358025 0.240099010
vt 0.067901235 0.427599010
vt 0.068415638 0.814975248
vt 0.068415638 0.562500000
vt 0.068415638 0.182549505
vt 0.069958848 0.431311881
vt 0.069958848 0.180074257
vt 0.072016461 0.560024752
vt 0.072530864 0.178836634
vt 0.074074074 0.435024752
vt 0.076131687 0.553836634
vt 0.078703704 0.827351485
vt 0.078703704 0.443688119
vt 0.081018519 0.542079208
vt 0.081018519 0.540841584
vt 0.081275720 0.165222772
vt 0.084104938 0.533415842
vt 0.084619342 0.461633663
vt 0.085648148 0.525990099
vt 0.085648148 0.523514851
vt 0.086162551 0.469059406
vt 0.086162551 0.153465347
vt 0.086676955 0.521039604
vt 0.086676955 0.516089109
vt 0.087705761 0.850247525
vt 0.087705761 0.511138614
vt 0.087705761 0.501237624
vt 0.087705761 0.497524752
vt 0.087705761 0.486386139
vt 0.087705761 0.480198020
vt 0.087705761 0.144801980
vt 0.088220165 0.853960396
vt 0.088220165 0.500000000
vt 0.088220165 0.496287129
vt 0.088220165 0.487623762
vt 0.088734568 0.142326733
vt 0.089248971 0.856435644
vt 0.089763374 0.861386139
vt 0.090792181 0.863861386
vt 0.091820988 0.128712871
vt 0.092078189 0.797029703
vt 0.092078189 0.735148515
vt 0.092078189 0.673267327
vt 0.092078189 0.611386139
vt 0.092078189 0.549504950
vt 0.092078189 0.487623762
vt 0.092078189 0.425742574
vt 0.092078189 0.363861386
vt 0.092078189 0.301980198
vt 0.092078189 0.240099010
vt 0.092078189 0.178217822
vt 0.092849794 0.881188119
vt 0.092849794 0.118811881
vt 0.095164609 0.114480198
vt 0.096707819 0.887995050
vt 0.099022634 0.889851485
vt 0.101851852 0.890470297
vt 0.103395062 0.114480198
vt 0.106481481 0.116955446
vt 0.108539095 0.884282178
vt 0.111111111 0.884282178
vt 0.111625514 0.885519802
vt 0.113168724 0.116955446
vt 0.114711934 0.114480198
vt 0.117798354 0.885519802
vt 0.117798354 0.858910891
vt 0.117798354 0.797029703
vt 0.117798354 0.735148515
vt 0.117798354 0.673267327
vt 0.117798354 0.611386139
vt 0.117798354 0.549504950
vt 0.117798354 0.487623762
vt 0.117798354 0.425742574
vt 0.117798354 0.363861386
vt 0.117798354 0.301980198
vt 0.117798354 0.240099010
vt 0.117798354 0.178217822
vt 0.118312757 0.886757426
vt 0.120370370 0.886757426
vt 0.120884774 0.885519802
vt 0.125514403 0.885519802
vt 0.126543210 0.886757426
vt 0.127057613 0.885519802
vt 0.129629630 0.115717822
vt 0.130144033 0.114480198
vt 0.130658436 0.885519802
vt 0.130658436 0.115717822
vt 0.131172840 0.884282178
vt 0.135802469 0.115717822
vt 0.136316872 0.885519802
vt 0.136316872 0.116955446
vt 0.136831276 0.886757426
vt 0.138374486 0.116955446
vt 0.138888889 0.115717822
vt 0.143004115 0.115717822
vt 0.143518519 0.886757426
vt 0.143518519 0.858910891
vt 0.143518519 0.797029703
vt 0.143518519 0.735148515
vt 0.143518519 0.673267327
vt 0.143518519 0.611386139
vt 0.143518519 0.549504950
vt 0.143518519 0.487623762
vt 0.143518519 0.425742574
vt 0.143518519 0.363861386
vt 0.143518519 0.301980198
vt 0.143518519 0.240099010
vt 0.143518519 0.178217822
vt 0.143518519 0.114480198
vt 0.144032922 0.885519802
vt 0.152263374 0.885519802
vt 0.152263374 0.114480198
vt 0.152777778 0.884282178
vt 0.153292181 0.115717822
vt 0.153806584 0.114480198
vt 0.154320988 0.884282178
vt 0.154835391 0.115717822
vt 0.155349794 0.114480198
vt 0.158950617 0.114480198
vt 0.159465021 0.115717822
vt 0.161008230 0.886757426
vt 0.161522634 0.887995050
vt 0.163065844 0.115717822
vt 0.164609053 0.114480198
vt 0.165123457 0.115717822
vt 0.165637860 0.114480198
vt 0.166152263 0.115717822
vt 0.166666667 0.886757426
vt 0.167181070 0.885519802
vt 0.168724280 0.885519802
vt 0.169238683 0.886757426
vt 0.169238683 0.858910891
vt 0.169238683 0.797029703
vt 0.169238683 0.735148515
vt 0.169238683 0.673267327
vt 0.169238683 0.611386139
vt 0.169238683 0.549504950
vt 0.169238683 0.487623762
vt 0.169238683 0.425742574
vt 0.169238683 0.363861386
vt 0.169238683 0.301980198
vt 0.169238683 0.240099010
vt 0.169238683 0.178217822
vt 0.171810700 0.116955446
vt 0.172325103 0.115717822
vt 0.175925926 0.886757426
vt 0.176440329 0.885519802
vt 0.178497942 0.885519802
vt 0.178497942 0.115717822
vt 0.179012346 0.114480198
vt 0.180041152 0.883044554
vt 0.183641975 0.883044554
vt 0.186728395 0.885519802
vt 0.190329218 0.114480198
vt 0.191872428 0.116955446
vt 0.194958848 0.858910891
vt 0.194958848 0.797029703
vt 0.194958848 0.735148515
vt 0.194958848 0.673267327
vt 0.194958848 0.611386139
vt 0.194958848 0.549504950
vt 0.194958848 0.487623762
vt 0.194958848 0.425742574
vt 0.194958848 0.363861386
vt 0.194958848 0.301980198
vt 0.194958848 0.240099010
vt 0.194958848 0.178217822
vt 0.197016461 0.116955446
vt 0.197530864 0.115717822
vt 0.199074074 0.884282178
vt 0.199588477 0.883044554
vt 0.201131687 0.883044554
vt 0.201131687 0.115717822
vt 0.201646091 0.884282178
vt 0.201646091 0.114480198
vt 0.202674897 0.883044554
vt 0.206275720 0.114480198
vt 0.206790123 0.115717822
vt 0.208847737 0.883044554
vt 0.209362140 0.884282178
vt 0.211419753 0.884282178
vt 0.215020576 0.879331683
vt 0.216563786 0.115717822
vt 0.217078189 0.114480198
vt 0.217592593 0.873143564
vt 0.219135802 0.871905941
vt 0.220679012 0.858910891
vt 0.220679012 0.797029703
vt 0.220679012 0.735148515
vt 0.220679012 0.673267327
vt 0.220679012 0.611386139
vt 0.220679012 0.549504950
vt 0.220679012 0.487623762
vt 0.220679012 0.425742574
vt 0.220679012 0.363861386
vt 0.220679012 0.301980198
vt 0.220679012 0.240099010
vt 0.220679012 0.178217822
vt 0.221193416 0.114480198
vt 0.221707819 0.115717822
vt 0.222222222 0.871905941
vt 0.222222222 0.114480198
vt 0.222736626 0.115717822
vt 0.224279835 0.115717822
vt 0.225823045 0.114480198
vt 0.226337449 0.115717822
vt 0.227366255 0.881806931
vt 0.227880658 0.114480198
vt 0.228395062 0.115717822
vt 0.229423868 0.881806931
vt 0.229938272 0.883044554
vt 0.231995885 0.115717822
vt 0.233024691 0.883044554
vt 0.233539095 0.884282178
vt 0.233539095 0.116955446
vt 0.235082305 0.120668317
vt 0.237654321 0.123143564
vt 0.239197531 0.128094059
vt 0.241255144 0.130569307
vt 0.242283951 0.130569307
vt 0.243827160 0.128094059
vt 0.244855967 0.883044554
vt 0.245370370 0.884282178
vt 0.246399177 0.858910891
vt 0.246399177 0.797029703
vt 0.246399177 0.735148515
vt 0.246399177 0.673267327
vt 0.246399177 0.611386139
vt 0.246399177 0.549504950
vt 0.246399177 0.487623762
vt 0.246399177 0.425742574
vt 0.246399177 0.363861386
vt 0.246399177 0.301980198
vt 0.246399177 0.240099010
vt 0.246399177 0.178217822
vt 0.248456790 0.126856436
vt 0.250000000 0.124381188
vt 0.251028807 0.124381188
vt 0.252572016 0.884282178
vt 0.253086420 0.885519802
vt 0.253600823 0.884282178
vt 0.253600823 0.116955446
vt 0.254115226 0.885519802
vt 0.255144033 0.884282178
vt 0.255144033 0.115717822
vt 0.256687243 0.116955446
vt 0.259773663 0.116955446
vt 0.260288066 0.115717822
vt 0.260802469 0.884282178
vt 0.261316872 0.885519802
vt 0.263888889 0.115717822
vt 0.264403292 0.114480198
vt 0.272119342 0.858910891
vt 0.272119342 0.797029703
vt 0.272119342 0.735148515
vt 0.272119342 0.673267327
vt 0.272119342 0.611386139
vt 0.272119342 0.549504950
vt 0.272119342 0.487623762
vt 0.272119342 0.425742574
vt 0.272119342 0.363861386
vt 0.272119342 0.301980198
vt 0.272119342 0.240099010
vt 0.272119342 0.178217822
vt 0.272633745 0.114480198
vt 0.273148148 0.115717822
vt 0.273662551 0.885519802
vt 0.274176955 0.884282178
vt 0.276234568 0.884282178
vt 0.276748971 0.885519802
vt 0.280349794 0.114480198
vt 0.280864198 0.115717822
vt 0.283950617 0.885519802
vt 0.284465021 0.884282178
vt 0.291666667 0.885519802
vt 0.292181070 0.884282178
vt 0.292695473 0.885519802
vt 0.293209877 0.884282178
vt 0.297839506 0.858910891
vt 0.297839506 0.797029703
vt 0.297839506 0.735148515
vt 0.297839506 0.673267327
vt 0.297839506 0.611386139
vt 0.297839506 0.549504950
vt 0.297839506 0.487623762
vt 0.297839506 0.425742574
vt 0.297839506 0.363861386
vt 0.297839506 0.301980198
vt 0.297839506 0.240099010
vt 0.297839506 0.178217822
vt 0.297839506 0.115717822
vt 0.298868313 0.114480198
vt 0.299382716 0.884282178
vt 0.299897119 0.115717822
vt 0.300411523 0.114480198
vt 0.307098765 0.886757426
vt 0.309156379 0.884282178
vt 0.310185185 0.114480198
vt 0.310699588 0.115717822
vt 0.312757202 0.884282178
vt 0.313271605 0.885519802
vt 0.323559671 0.858910891
vt 0.323559671 0.797029703
vt 0.323559671 0.735148515
vt 0.323559671 0.673267327
vt 0.323559671 0.611386139
vt 0.323559671 0.549504950
vt 0.323559671 0.487623762
vt 0.323559671 0.425742574
vt 0.323559671 0.363861386
vt 0.323559671 0.301980198
vt 0.323559671 0.240099010
vt 0.323559671 0.178217822
vt 0.325102881 0.885519802
vt 0.325617284 0.115717822
vt 0.326131687 0.116955446
vt 0.326646091 0.883044554
vt 0.326646091 0.115717822
vt 0.327160494 0.116955446
vt 0.328703704 0.116955446
vt 0.329218107 0.115717822
vt 0.329732510 0.883044554
vt 0.332818930 0.885519802
vt 0.344135802 0.884282178
vt 0.346193416 0.886757426
vt 0.349279835 0.858910891
vt 0.349279835 0.797029703
vt 0.349279835 0.735148515
vt 0.349279835 0.673267327
vt 0.349279835 0.611386139
vt 0.349279835 0.549504950
vt 0.349279835 0.487623762
vt 0.349279835 0.425742574
vt 0.349279835 0.363861386
vt 0.349279835 0.301980198
vt 0.349279835 0.240099010
vt 0.349279835 0.178217822
vt 0.349794239 0.886757426
vt 0.350308642 0.885519802
vt 0.350823045 0.886757426
vt 0.356995885 0.886757426
vt 0.358024691 0.884282178
vt 0.361111111 0.884282178
vt 0.362654321 0.886757426
vt 0.366769547 0.115717822
vt 0.367283951 0.886757426
vt 0.367283951 0.116955446
vt 0.367798354 0.885519802
vt 0.369341564 0.116955446
vt 0.369855967 0.115717822
vt 0.371913580 0.885519802
vt 0.372427984 0.884282178
vt 0.374485597 0.115717822
vt 0.375000000 0.858910891
vt 0.375000000 0.797029703
vt 0.375000000 0.735148515
vt 0.375000000 0.673267327
vt 0.375000000 0.611386139
vt 0.375000000 0.549504950
vt 0.375000000 0.487623762
vt 0.375000000 0.425742574
vt 0.375000000 0.363861386
vt 0.375000000 0.301980198
vt 0.375000000 0.240099010
vt 0.375000000 0.178217822
vt 0.375000000 0.114480198
vt 0.378086420 0.114480198
vt 0.378600823 0.115717822
vt 0.379115226 0.884282178
vt 0.379629630 0.885519802
vt 0.380658436 0.115717822
vt 0.381172840 0.114480198
vt 0.384259259 0.884282178
vt 0.384773663 0.885519802
vt 0.393004115 0.885519802
vt 0.393518519 0.886757426
vt 0.393518519 0.114480198
vt 0.394032922 0.885519802
vt 0.394032922 0.115717822
vt 0.395576132 0.886757426
vt 0.398148148 0.886757426
vt 0.398662551 0.885519802
vt 0.400720165 0.858910891
vt 0.400720165 0.797029703
vt 0.400720165 0.735148515
vt 0.400720165 0.673267327
vt 0.400720165 0.611386139
vt 0.400720165 0.549504950
vt 0.400720165 0.487623762
vt 0.400720165 0.425742574
vt 0.400720165 0.363861386
vt 0.400720165 0.301980198
vt 0.400720165 0.240099010
vt 0.400720165 0.178217822
vt 0.410493827 0.115717822
vt 0.411522634 0.114480198
vt 0.412037037 0.115717822
vt 0.412551440 0.114480198
vt 0.413065844 0.115717822
vt 0.416152263 0.886757426
vt 0.418724280 0.884282178
vt 0.420781893 0.115717822
vt 0.421296296 0.116955446
vt 0.421810700 0.115717822
vt 0.425925926 0.884282178
vt 0.426440329 0.858910891
vt 0.426440329 0.797029703
vt 0.426440329 0.735148515
vt 0.426440329 0.673267327
vt 0.426440329 0.611386139
vt 0.426440329 0.549504950
vt 0.426440329 0.487623762
vt 0.426440329 0.425742574
vt 0.426440329 0.363861386
vt 0.426440329 0.301980198
vt 0.426440329 0.240099010
vt 0.426440329 0.178217822
vt 0.427983539 0.886757426
vt 0.428497942 0.115717822
vt 0.429012346 0.114480198
vt 0.429526749 0.115717822
vt 0.434670782 0.115717822
vt 0.435185185 0.116955446
vt 0.436213992 0.886757426
vt 0.437242798 0.884282178
vt 0.441872428 0.884282178
vt 0.441872428 0.116955446
vt 0.442386831 0.115717822
vt 0.443930041 0.886757426
vt 0.445473251 0.115717822
vt 0.445987654 0.114480198
vt 0.448559671 0.887995050
vt 0.449074074 0.886757426
vt 0.451646091 0.114480198
vt 0.452160494 0.858910891
vt 0.452160494 0.797029703
vt 0.452160494 0.735148515
vt 0.452160494 0.673267327
vt 0.452160494 0.611386139
vt 0.452160494 0.549504950
vt 0.452160494 0.487623762
vt 0.452160494 0.425742574
vt 0.452160494 0.363861386
vt 0.452160494 0.301980198
vt 0.452160494 0.240099010
vt 0.452160494 0.178217822
vt 0.452160494 0.115717822
vt 0.454732510 0.115717822
vt 0.456275720 0.885519802
vt 0.456790123 0.118193069
vt 0.458847737 0.881806931
vt 0.459876543 0.883044554
vt 0.459876543 0.119430693
vt 0.460905350 0.881806931
vt 0.462962963 0.115717822
vt 0.467592593 0.884282178
vt 0.469650206 0.886757426
vt 0.469650206 0.115717822
vt 0.470164609 0.114480198
vt 0.471707819 0.886757426
vt 0.472222222 0.885519802
vt 0.474794239 0.114480198
vt 0.475308642 0.115717822
vt 0.476851852 0.115717822
vt 0.477366255 0.114480198
vt 0.477880658 0.858910891
vt 0.477880658 0.797029703
vt 0.477880658 0.735148515
vt 0.477880658 0.673267327
vt 0.477880658 0.611386139
vt 0.477880658 0.549504950
vt 0.477880658 0.487623762
vt 0.477880658 0.425742574
vt 0.477880658 0.363861386
vt 0.477880658 0.301980198
vt 0.477880658 0.240099010
vt 0.477880658 0.178217822
vt 0.483024691 0.885519802
vt 0.483539095 0.884282178
vt 0.483539095 0.114480198
vt 0.485082305 0.115717822
vt 0.485596708 0.114480198
vt 0.490226337 0.884282178
vt 0.490226337 0.114480198
vt 0.490740741 0.885519802
vt 0.490740741 0.115717822
vt 0.503600823 0.858910891
vt 0.503600823 0.797029703
vt 0.503600823 0.735148515
vt 0.503600823 0.673267327
vt 0.503600823 0.611386139
vt 0.503600823 0.549504950
vt 0.503600823 0.487623762
vt 0.503600823 0.425742574
vt 0.503600823 0.363861386
vt 0.503600823 0.301980198
vt 0.503600823 0.240099010
vt 0.503600823 0.178217822
vt 0.504629630 0.884282178
vt 0.505144033 0.885519802
vt 0.515432099 0.885519802
vt 0.515946502 0.886757426
vt 0.519032922 0.115717822
vt 0.519547325 0.886757426
vt 0.519547325 0.114480198
vt 0.521090535 0.884282178
vt 0.525205761 0.884282178
vt 0.525720165 0.885519802
vt 0.529320988 0.858910891
vt 0.529320988 0.797029703
vt 0.529320988 0.735148515
vt 0.529320988 0.673267327
vt 0.529320988 0.611386139
vt 0.529320988 0.549504950
vt 0.529320988 0.487623762
vt 0.529320988 0.425742574
vt 0.529320988 0.363861386
vt 0.529320988 0.301980198
vt 0.529320988 0.240099010
vt 0.529320988 0.178217822
vt 0.537551440 0.885519802
vt 0.538580247 0.114480198
vt 0.539094650 0.886757426
vt 0.539094650 0.115717822
vt 0.541152263 0.884282178
vt 0.545781893 0.887995050
vt 0.548353909 0.885519802
vt 0.549897119 0.115717822
vt 0.550411523 0.116955446
vt 0.550925926 0.885519802
vt 0.551440329 0.886757426
vt 0.553497942 0.116955446
vt 0.554012346 0.115717822
vt 0.555041152 0.886757426
vt 0.555041152 0.858910891
vt 0.555041152 0.797029703
vt 0.555041152 0.735148515
vt 0.555041152 0.673267327
vt 0.555041152 0.611386139
vt 0.555041152 0.549504950
vt 0.555041152 0.487623762
vt 0.555041152 0.425742574
vt 0.555041152 0.363861386
vt 0.555041152 0.301980198
vt 0.555041152 0.240099010
vt 0.555041152 0.178217822
vt 0.555555556 0.885519802
vt 0.557098765 0.886757426
vt 0.561728395 0.883044554
vt 0.561728395 0.115717822
vt 0.562242798 0.884282178
vt 0.562242798 0.114480198
vt 0.564300412 0.114480198
vt 0.564814815 0.115717822
vt 0.566358025 0.884282178
vt 0.567386831 0.886757426
vt 0.570473251 0.115717822
vt 0.570987654 0.114480198
vt 0.573045267 0.886757426
vt 0.573559671 0.885519802
vt 0.575617284 0.114480198
vt 0.576131687 0.115717822
vt 0.576646091 0.114480198
vt 0.580761317 0.858910891
vt 0.580761317 0.797029703
vt 0.580761317 0.735148515
vt 0.580761317 0.673267327
vt 0.580761317 0.611386139
vt 0.580761317 0.549504950
vt 0.580761317 0.487623762
vt 0.580761317 0.425742574
vt 0.580761317 0.363861386
vt 0.580761317 0.301980198
vt 0.580761317 0.240099010
vt 0.580761317 0.178217822
vt 0.581275720 0.114480198
vt 0.582304527 0.886757426
vt 0.583333333 0.116955446
vt 0.585905350 0.116955446
vt 0.586419753 0.883044554
vt 0.586419753 0.115717822
vt 0.589506173 0.883044554
vt 0.590020576 0.884282178
vt 0.590534979 0.115717822
vt 0.591049383 0.114480198
vt 0.594650206 0.884282178
vt 0.595164609 0.885519802
vt 0.596707819 0.885519802
vt 0.598251029 0.887995050
vt 0.600308642 0.887995050
vt 0.604423868 0.883044554
vt 0.606481481 0.883044554
vt 0.606481481 0.858910891
vt 0.606481481 0.797029703
vt 0.606481481 0.735148515
vt 0.606481481 0.673267327
vt 0.606481481 0.611386139
vt 0.606481481 0.549504950
vt 0.606481481 0.487623762
vt 0.606481481 0.425742574
vt 0.606481481 0.363861386
vt 0.606481481 0.301980198
vt 0.606481481 0.240099010
vt 0.606481481 0.178217822
vt 0.608539095 0.885519802
vt 0.616769547 0.115717822
vt 0.617283951 0.114480198
vt 0.619341564 0.884282178
vt 0.619341564 0.114480198
vt 0.619855967 0.115717822
vt 0.620884774 0.886757426
vt 0.626028807 0.886757426
vt 0.626543210 0.885519802
vt 0.627572016 0.886757426
vt 0.627572016 0.115717822
vt 0.628086420 0.116955446
vt 0.630658436 0.886757426
vt 0.631172840 0.116955446
vt 0.631687243 0.884282178
vt 0.632201646 0.858910891
vt 0.632201646 0.797029703
vt 0.632201646 0.735148515
vt 0.632201646 0.673267327
vt 0.632201646 0.611386139
vt 0.632201646 0.549504950
vt 0.632201646 0.487623762
vt 0.632201646 0.425742574
vt 0.632201646 0.363861386
vt 0.632201646 0.301980198
vt 0.632201646 0.240099010
vt 0.632201646 0.178217822
vt 0.634259259 0.123143564
vt 0.635545267 0.120049505
vt 0.635545267 0.117574257
vt 0.636316872 0.115717822
vt 0.643518519 0.884282178
vt 0.646090535 0.115717822
vt 0.648662551 0.119430693
vt 0.650720165 0.886757426
vt 0.651234568 0.119430693
vt 0.651748971 0.118193069
vt 0.652263374 0.119430693
vt 0.653292181 0.883044554
vt 0.653806584 0.119430693
vt 0.655349794 0.883044554
vt 0.655864198 0.116955446
vt 0.657921811 0.858910891
vt 0.657921811 0.797029703
vt 0.657921811 0.735148515
vt 0.657921811 0.673267327
vt 0.657921811 0.611386139
vt 0.657921811 0.549504950
vt 0.657921811 0.487623762
vt 0.657921811 0.425742574
vt 0.657921811 0.363861386
vt 0.657921811 0.301980198
vt 0.657921811 0.240099010
vt 0.657921811 0.178217822
vt 0.658436214 0.885519802
vt 0.664609053 0.115717822
vt 0.665123457 0.885519802
vt 0.665123457 0.114480198
vt 0.665637860 0.115717822
vt 0.666666667 0.883044554
vt 0.667181070 0.115717822
vt 0.667695473 0.114480198
vt 0.668209877 0.883044554
vt 0.668724280 0.884282178
vt 0.669238683 0.115717822
vt 0.673353909 0.884282178
vt 0.675411523 0.886757426
vt 0.678497942 0.884282178
vt 0.683641975 0.858910891
vt 0.683641975 0.797029703
vt 0.683641975 0.735148515
vt 0.683641975 0.673267327
vt 0.683641975 0.611386139
vt 0.683641975 0.549504950
vt 0.683641975 0.487623762
vt 0.683641975 0.425742574
vt 0.683641975 0.363861386
vt 0.683641975 0.301980198
vt 0.683641975 0.240099010
vt 0.683641975 0.178217822
vt 0.684156379 0.115717822
vt 0.684670782 0.114480198
vt 0.686213992 0.114480198
vt 0.686728395 0.115717822
vt 0.688786008 0.885519802
vt 0.691872428 0.883044554
vt 0.691872428 0.115717822
vt 0.692386831 0.114480198
vt 0.695473251 0.883044554
vt 0.697530864 0.885519802
vt 0.704732510 0.885519802
vt 0.706790123 0.883044554
vt 0.708847737 0.883044554
vt 0.709362140 0.884282178
vt 0.709362140 0.858910891
vt 0.709362140 0.797029703
vt 0.709362140 0.735148515
vt 0.709362140 0.673267327
vt 0.709362140 0.611386139
vt 0.709362140 0.549504950
vt 0.709362140 0.487623762
vt 0.709362140 0.425742574
vt 0.709362140 0.363861386
vt 0.709362140 0.301980198
vt 0.709362140 0.240099010
vt 0.709362140 0.178217822
vt 0.711934156 0.884282178
vt 0.714506173 0.886757426
vt 0.719135802 0.886757426
vt 0.721707819 0.884282178
vt 0.721707819 0.114480198
vt 0.722222222 0.115717822
vt 0.723765432 0.114480198
vt 0.724279835 0.115717822
vt 0.725823045 0.115717822
vt 0.726337449 0.884282178
vt 0.726337449 0.114480198
vt 0.726851852 0.115717822
vt 0.728909465 0.886757426
vt 0.732510288 0.115717822
vt 0.733024691 0.114480198
vt 0.734053498 0.115717822
vt 0.734567901 0.114480198
vt 0.735082305 0.886757426
vt 0.735082305 0.858910891
vt 0.735082305 0.797029703
vt 0.735082305 0.735148515
vt 0.735082305 0.673267327
vt 0.735082305 0.611386139
vt 0.735082305 0.549504950
vt 0.735082305 0.487623762
vt 0.735082305 0.425742574
vt 0.735082305 0.363861386
vt 0.735082305 0.301980198
vt 0.735082305 0.240099010
vt 0.735082305 0.178217822
vt 0.735082305 0.115717822
vt 0.737654321 0.884282178
vt 0.741769547 0.884282178
vt 0.744341564 0.886757426
vt 0.747942387 0.115717822
vt 0.751028807 0.118193069
vt 0.752572016 0.887995050
vt 0.753086420 0.886757426
vt 0.756172840 0.118193069
vt 0.756687243 0.886757426
vt 0.756687243 0.116955446
vt 0.757716049 0.118193069
vt 0.758230453 0.884282178
vt 0.758230453 0.116955446
vt 0.760802469 0.858910891
vt 0.760802469 0.797029703
vt 0.760802469 0.735148515
vt 0.760802469 0.673267327
vt 0.760802469 0.611386139
vt 0.760802469 0.549504950
vt 0.760802469 0.487623762
vt 0.760802469 0.425742574
vt 0.760802469 0.363861386
vt 0.760802469 0.301980198
vt 0.760802469 0.240099010
vt 0.760802469 0.178217822
vt 0.760802469 0.116955446
vt 0.761316872 0.118193069
vt 0.762860082 0.884282178
vt 0.763374486 0.883044554
vt 0.767489712 0.118193069
vt 0.768004115 0.116955446
vt 0.770576132 0.884282178
vt 0.771604938 0.116955446
vt 0.772376543 0.820544554
vt 0.772376543 0.345297030
vt 0.772376543 0.206683168
vt 0.772633745 0.880569307
vt 0.772890947 0.867574257
vt 0.772890947 0.861386139
vt 0.772890947 0.783415842
vt 0.772890947 0.775990099
vt 0.772890947 0.738861386
vt 0.772890947 0.733910891
vt 0.772890947 0.694306931
vt 0.772890947 0.688118812
vt 0.772890947 0.642326733
vt 0.772890947 0.591584158
vt 0.772890947 0.547029703
vt 0.772890947 0.540841584
vt 0.772890947 0.493811881
vt 0.772890947 0.443069307
vt 0.772890947 0.438118812
vt 0.772890947 0.389851485
vt 0.772890947 0.349009901
vt 0.772890947 0.341584158
vt 0.772890947 0.295792079
vt 0.772890947 0.250000000
vt 0.772890947 0.210396040
vt 0.772890947 0.202970297
vt 0.772890947 0.163366337
vt 0.772890947 0.131188119
vt 0.772890947 0.118811881
vt 0.773405350 0.858910891
vt 0.773405350 0.827970297
vt 0.773405350 0.741336634
vt 0.773405350 0.696782178
vt 0.773405350 0.649752475
vt 0.773405350 0.643564356
vt 0.773405350 0.597772277
vt 0.773405350 0.487623762
vt 0.773405350 0.397277228
vt 0.773405350 0.304455446
vt 0.773405350 0.256188119
vt 0.773405350 0.247524752
vt 0.773405350 0.167079208
vt 0.773405350 0.157178218
vt 0.773919753 0.634900990
vt 0.773919753 0.535891089
vt 0.773919753 0.449257426
vt 0.774434156 0.875000000
vt 0.774691358 0.855816832
vt 0.774691358 0.744430693
vt 0.774691358 0.584777228
vt 0.774691358 0.500618812
vt 0.774691358 0.400371287
vt 0.774691358 0.337252475
vt 0.774691358 0.244430693
vt 0.775205761 0.812500000
vt 0.775205761 0.654084158
vt 0.775205761 0.631806931
vt 0.775205761 0.552599010
vt 0.775205761 0.452351485
vt 0.775205761 0.383044554
vt 0.775205761 0.354579208
vt 0.775205761 0.308787129
vt 0.775205761 0.215965347
vt 0.775720165 0.833539604
vt 0.775720165 0.681311881
vt 0.775720165 0.430074257
vt 0.775720165 0.287747525
vt 0.775720165 0.244430693
vt 0.775720165 0.196163366
vt 0.775720165 0.151608911
vt 0.775720165 0.139232673
vt 0.776234568 0.769183168
vt 0.776234568 0.744430693
vt 0.776234568 0.702351485
vt 0.776234568 0.383044554
vt 0.776234568 0.337252475
vt 0.776234568 0.215965347
vt 0.776234568 0.173886139
vt 0.776748971 0.791460396
vt 0.776748971 0.723391089
vt 0.776748971 0.630569307
vt 0.776748971 0.604579208
vt 0.776748971 0.530321782
vt 0.776748971 0.480816832
vt 0.776748971 0.452351485
vt 0.776748971 0.354579208
vt 0.776748971 0.310024752
vt 0.776748971 0.262995050
vt 0.776748971 0.151608911
vt 0.777006173 0.147277228
vt 0.777006173 0.139851485
vt 0.777263374 0.834777228
vt 0.777263374 0.453589109
vt 0.777263374 0.333539604
vt 0.777263374 0.239480198
vt 0.777263374 0.218440594
vt 0.777520576 0.148514851
vt 0.777777778 0.748143564
vt 0.777777778 0.579826733
vt 0.777777778 0.556311881
vt 0.777777778 0.404084158
vt 0.777777778 0.379331683
vt 0.777777778 0.357054455
vt 0.777777778 0.285272277
vt 0.778292181 0.852103960
vt 0.778292181 0.810024752
vt 0.778292181 0.746905941
vt 0.778806584 0.748143564
vt 0.778806584 0.678836634
vt 0.778806584 0.579826733
vt 0.778806584 0.504331683
vt 0.778806584 0.332301980
vt 0.779063786 0.149752475
vt 0.779063786 0.147277228
vt 0.779320988 0.723391089
vt 0.779320988 0.604579208
vt 0.779320988 0.379331683
vt 0.779320988 0.285272277
vt 0.779320988 0.239480198
vt 0.779578189 0.146039604
vt 0.779578189 0.141089109
vt 0.779835391 0.791460396
vt 0.779835391 0.767945545
vt 0.779835391 0.702351485
vt 0.779835391 0.630569307
vt 0.779835391 0.555074257
vt 0.779835391 0.530321782
vt 0.779835391 0.480816832
vt 0.779835391 0.453589109
vt 0.779835391 0.430074257
vt 0.779835391 0.310024752
vt 0.779835391 0.218440594
vt 0.779835391 0.194925743
vt 0.780349794 0.853341584
vt 0.780349794 0.812500000
vt 0.780349794 0.745668317
vt 0.780349794 0.603341584
vt 0.780349794 0.262995050
vt 0.780349794 0.240717822
vt 0.780349794 0.173886139
vt 0.780349794 0.150371287
vt 0.780349794 0.139232673
vt 0.780864198 0.832301980
vt 0.780864198 0.790222772
vt 0.780864198 0.769183168
vt 0.780864198 0.725866337
vt 0.780864198 0.654084158
vt 0.780864198 0.631806931
vt 0.780864198 0.501856436
vt 0.780864198 0.482054455
vt 0.780864198 0.401608911
vt 0.780864198 0.217202970
vt 0.781121399 0.382425743
vt 0.781378601 0.745668317
vt 0.781378601 0.354579208
vt 0.781378601 0.139232673
vt 0.781635802 0.875000000
vt 0.781635802 0.870049505
vt 0.782150206 0.857673267
vt 0.782150206 0.816831683
vt 0.782150206 0.639851485
vt 0.782150206 0.154702970
vt 0.782664609 0.866336634
vt 0.782664609 0.774752475
vt 0.782664609 0.731435644
vt 0.782664609 0.649752475
vt 0.782664609 0.637376238
vt 0.782664609 0.587871287
vt 0.782664609 0.303217822
vt 0.782664609 0.292079208
vt 0.782664609 0.212871287
vt 0.782664609 0.200495050
vt 0.783179012 0.826732673
vt 0.783179012 0.740099010
vt 0.783179012 0.733910891
vt 0.783179012 0.695544554
vt 0.783179012 0.688118812
vt 0.783179012 0.643564356
vt 0.783179012 0.597772277
vt 0.783179012 0.539603960
vt 0.783179012 0.496287129
vt 0.783179012 0.446782178
vt 0.783179012 0.440594059
vt 0.783179012 0.341584158
vt 0.783179012 0.299504950
vt 0.783179012 0.248762376
vt 0.783179012 0.165841584
vt 0.783179012 0.160891089
vt 0.783693416 0.782178218
vt 0.783693416 0.594059406
vt 0.783693416 0.547029703
vt 0.783693416 0.542079208
vt 0.783693416 0.491336634
vt 0.783693416 0.393564356
vt 0.783693416 0.347772277
vt 0.783693416 0.253712871
vt 0.783693416 0.207920792
vt 0.783693416 0.167079208
vt 0.783693416 0.127475248
vt 0.783693416 0.118811881
vt 0.784207819 0.131188119
vt 0.784465021 0.881806931
vt 0.784465021 0.116955446
vt 0.786522634 0.858910891
vt 0.786522634 0.797029703
vt 0.786522634 0.735148515
vt 0.786522634 0.673267327
vt 0.786522634 0.611386139
vt 0.786522634 0.549504950
vt 0.786522634 0.487623762
vt 0.786522634 0.425742574
vt 0.786522634 0.363861386
vt 0.786522634 0.301980198
vt 0.786522634 0.240099010
vt 0.786522634 0.178217822
vt 0.787551440 0.884282178
vt 0.789609053 0.884282178
vt 0.790637860 0.886757426
vt 0.792181070 0.116955446
vt 0.793209877 0.886757426
vt 0.793209877 0.119430693
vt 0.793724280 0.885519802
vt 0.796296296 0.118193069
vt 0.797325103 0.885519802
vt 0.797839506 0.886757426
vt 0.797839506 0.115717822
vt 0.801954733 0.886757426
vt 0.802469136 0.885519802
vt 0.808641975 0.115717822
vt 0.809156379 0.116955446
vt 0.812242798 0.858910891
vt 0.812242798 0.797029703
vt 0.812242798 0.735148515
vt 0.812242798 0.673267327
vt 0.812242798 0.611386139
vt 0.812242798 0.549504950
vt 0.812242798 0.487623762
vt 0.812242798 0.425742574
vt 0.812242798 0.363861386
vt 0.812242798 0.301980198
vt 0.812242798 0.240099010
vt 0.812242798 0.178217822
vt 0.812757202 0.885519802
vt 0.813271605 0.884282178
vt 0.816872428 0.883044554
vt 0.817901235 0.880569307
vt 0.819444444 0.880569307
vt 0.819444444 0.116955446
vt 0.819958848 0.879331683
vt 0.819958848 0.118193069
vt 0.822016461 0.118193069
vt 0.822530864 0.116955446
vt 0.823559671 0.880569307
vt 0.825102881 0.116955446
vt 0.825617284 0.884282178
vt 0.827160494 0.114480198
vt 0.828703704 0.886757426
vt 0.828703704 0.115717822
vt 0.829218107 0.114480198
vt 0.834362140 0.886757426
vt 0.834362140 0.114480198
vt 0.836934156 0.884282178
vt 0.837962963 0.885519802
vt 0.837962963 0.858910891
vt 0.837962963 0.797029703
vt 0.837962963 0.735148515
vt 0.837962963 0.673267327
vt 0.837962963 0.611386139
vt 0.837962963 0.549504950
vt 0.837962963 0.487623762
vt 0.837962963 0.425742574
vt 0.837962963 0.363861386
vt 0.837962963 0.301980198
vt 0.837962963 0.240099010
vt 0.837962963 0.178217822
vt 0.838991770 0.118193069
vt 0.842078189 0.118193069
vt 0.843106996 0.115717822
vt 0.845164609 0.115717822
vt 0.845679012 0.114480198
vt 0.846193416 0.115717822
vt 0.846707819 0.114480198
vt 0.848251029 0.885519802
vt 0.848765432 0.886757426
vt 0.849279835 0.885519802
vt 0.849279835 0.114480198
vt 0.849794239 0.886757426
vt 0.849794239 0.115717822
vt 0.851337449 0.884282178
vt 0.851851852 0.115717822
vt 0.852880658 0.885519802
vt 0.853395062 0.114480198
vt 0.853909465 0.115717822
vt 0.858539095 0.116955446
vt 0.859567901 0.119430693
vt 0.861111111 0.119430693
vt 0.861625514 0.885519802
vt 0.861625514 0.118193069
vt 0.862139918 0.884282178
vt 0.863168724 0.118193069
vt 0.863683128 0.858910891
vt 0.863683128 0.797029703
vt 0.863683128 0.735148515
vt 0.863683128 0.673267327
vt 0.863683128 0.611386139
vt 0.863683128 0.549504950
vt 0.863683128 0.487623762
vt 0.863683128 0.425742574
vt 0.863683128 0.363861386
vt 0.863683128 0.301980198
vt 0.863683128 0.240099010
vt 0.863683128 0.178217822
vt 0.864711934 0.115717822
vt 0.866255144 0.884282178
vt 0.866769547 0.885519802
vt 0.867798354 0.115717822
vt 0.868312757 0.114480198
vt 0.870370370 0.885519802
vt 0.870884774 0.886757426
vt 0.871399177 0.885519802
vt 0.872427984 0.886757426
vt 0.872427984 0.114480198
vt 0.872942387 0.885519802
vt 0.873456790 0.116955446
vt 0.876543210 0.118193069
vt 0.877057613 0.116955446
vt 0.878600823 0.884282178
vt 0.878600823 0.116955446
vt 0.879629630 0.114480198
vt 0.881687243 0.886757426
vt 0.889403292 0.858910891
vt 0.889403292 0.797029703
vt 0.889403292 0.735148515
vt 0.889403292 0.673267327
vt 0.889403292 0.611386139
vt 0.889403292 0.549504950
vt 0.889403292 0.487623762
vt 0.889403292 0.425742574
vt 0.889403292 0.363861386
vt 0.889403292 0.301980198
vt 0.889403292 0.240099010
vt 0.889403292 0.178217822
vt 0.892489712 0.885519802
vt 0.893004115 0.886757426
vt 0.895576132 0.886757426
vt 0.895576132 0.115717822
vt 0.896090535 0.887995050
vt 0.896090535 0.114480198
vt 0.901748971 0.114480198
vt 0.903806584 0.887995050
vt 0.904835391 0.116955446
vt 0.905349794 0.886757426
vt 0.906893004 0.116955446
vt 0.907664609 0.118811881
vt 0.908179012 0.882425743
vt 0.908179012 0.875000000
vt 0.908179012 0.126237624
vt 0.910236626 0.866336634
vt 0.910236626 0.863861386
vt 0.912294239 0.496287129
vt 0.912294239 0.491336634
vt 0.912808642 0.856435644
vt 0.912808642 0.148514851
vt 0.913323045 0.512376238
vt 0.913323045 0.483910891
vt 0.913323045 0.476485149
vt 0.914351852 0.847772277
vt 0.914866255 0.525990099
vt 0.914866255 0.470297030
vt 0.915123457 0.797029703
vt 0.915123457 0.735148515
vt 0.915123457 0.673267327
vt 0.915123457 0.611386139
vt 0.915123457 0.549504950
vt 0.915123457 0.425742574
vt 0.915123457 0.363861386
vt 0.915123457 0.301980198
vt 0.915123457 0.240099010
vt 0.915123457 0.178217822
vt 0.915895062 0.462871287
vt 0.917952675 0.538366337
vt 0.917952675 0.455445545
vt 0.919238683 0.165222772
vt 0.920267490 0.832301980
vt 0.920781893 0.832301980
vt 0.921296296 0.547648515
vt 0.921810700 0.547648515
vt 0.922325103 0.171410891
vt 0.924382716 0.439975248
vt 0.924897119 0.822400990
vt 0.925411523 0.556311881
vt 0.925411523 0.439975248
vt 0.927469136 0.178836634
vt 0.928497942 0.819925743
vt 0.928497942 0.433787129
vt 0.929012346 0.178836634
vt 0.930041152 0.562500000
vt 0.930555556 0.814975248
vt 0.932613169 0.814975248
vt 0.932613169 0.563737624
vt 0.933127572 0.430074257
vt 0.933127572 0.183787129
vt 0.934156379 0.812500000
vt 0.934670782 0.567450495
vt 0.935699588 0.812500000
vt 0.936213992 0.811262376
vt 0.936213992 0.425123762
vt 0.937757202 0.186262376
vt 0.938528807 0.759900990
vt 0.938528807 0.757425743
vt 0.938528807 0.714108911
vt 0.938528807 0.707920792
vt 0.938528807 0.610148515
vt 0.938528807 0.387376238
vt 0.938528807 0.382425743
vt 0.939043210 0.758663366
vt 0.939043210 0.705445545
vt 0.939043210 0.664603960
vt 0.939043210 0.657178218
vt 0.939043210 0.613861386
vt 0.939043210 0.605198020
vt 0.939043210 0.340346535
vt 0.939043210 0.335396040
vt 0.939043210 0.290841584
vt 0.939043210 0.284653465
vt 0.939043210 0.240099010
vt 0.939043210 0.232673267
vt 0.939557613 0.767326733
vt 0.939557613 0.332920792
vt 0.939557613 0.282178218
vt 0.939557613 0.230198020
vt 0.939814815 0.753094059
vt 0.939814815 0.379331683
vt 0.940329218 0.719678218
vt 0.940329218 0.600866337
vt 0.940843621 0.797029703
vt 0.940843621 0.735148515
vt 0.940843621 0.651608911
vt 0.940843621 0.395420792
vt 0.940843621 0.363861386
vt 0.940843621 0.345915842
vt 0.940843621 0.279084158
vt 0.941358025 0.771658416
vt 0.941358025 0.670173267
vt 0.941358025 0.619430693
vt 0.941358025 0.422648515
vt 0.941358025 0.328589109
vt 0.941358025 0.296410891
vt 0.941358025 0.225866337
vt 0.941358025 0.186262376
vt 0.941872428 0.810024752
vt 0.941872428 0.246905941
vt 0.942386831 0.723391089
vt 0.942386831 0.699876238
vt 0.942901235 0.598391089
vt 0.943672840 0.805693069
vt 0.943930041 0.723391089
vt 0.943930041 0.224628713
vt 0.944444444 0.774133663
vt 0.944444444 0.698638614
vt 0.944444444 0.422648515
vt 0.944958848 0.621905941
vt 0.944958848 0.571163366
vt 0.944958848 0.397896040
vt 0.944958848 0.373143564
vt 0.944958848 0.348391089
vt 0.944958848 0.275371287
vt 0.944958848 0.248143564
vt 0.945216049 0.797029703
vt 0.945216049 0.748762376
vt 0.945216049 0.691831683
vt 0.945216049 0.673267327
vt 0.945216049 0.633663366
vt 0.945473251 0.421410891
vt 0.945473251 0.323638614
vt 0.945730453 0.746287129
vt 0.945730453 0.738861386
vt 0.945730453 0.726485149
vt 0.945730453 0.695544554
vt 0.945730453 0.646039604
vt 0.945730453 0.350247525
vt 0.945730453 0.318069307
vt 0.945730453 0.301980198
vt 0.946244856 0.782178218
vt 0.946244856 0.778465347
vt 0.946244856 0.737623762
vt 0.946244856 0.728960396
vt 0.946244856 0.689356436
vt 0.946244856 0.643564356
vt 0.946244856 0.637376238
vt 0.946244856 0.631188119
vt 0.946244856 0.575495050
vt 0.946244856 0.370049505
vt 0.946244856 0.363861386
vt 0.946244856 0.352722772
vt 0.946244856 0.316831683
vt 0.946244856 0.305693069
vt 0.946244856 0.269801980
vt 0.946244856 0.251237624
vt 0.946244856 0.215346535
vt 0.946244856 0.211633663
vt 0.946244856 0.201732673
vt 0.946759259 0.793316832
vt 0.946759259 0.783415842
vt 0.946759259 0.627475248
vt 0.946759259 0.591584158
vt 0.946759259 0.417079208
vt 0.946759259 0.403465347
vt 0.946759259 0.366336634
vt 0.946759259 0.216584158
vt 0.946759259 0.210396040
vt 0.833322962 0.457402809
vt 0.833322962 0.443642647
vt 0.833322962 0.443009996
vt 0.833322962 0.433441148
vt 0.833322962 0.430594218
vt 0.833343704 0.467762471
vt 0.833343704 0.467208901
vt 0.833343704 0.464599216
vt 0.833343704 0.463729320
vt 0.833343704 0.460724227
vt 0.833343704 0.458193623
vt 0.833343704 0.457481890
vt 0.833343704 0.454872204
vt 0.833343704 0.454318635
vt 0.833343704 0.454160472
vt 0.833343704 0.453923228
vt 0.833343704 0.440558473
vt 0.833343704 0.440242147
vt 0.833343704 0.439767659
vt 0.833343704 0.437474299
vt 0.833343704 0.436446240
vt 0.833343704 0.434073799
vt 0.833343704 0.431068706
vt 0.833343704 0.430515136
vt 0.833343704 0.430198811
vt 0.833364446 0.468078797
vt 0.833364446 0.467841553
vt 0.833364446 0.467129820
vt 0.833364446 0.466813494
vt 0.833364446 0.461515041
vt 0.833364446 0.460803309
vt 0.833364446 0.460645146
vt 0.833364446 0.460328820
vt 0.833364446 0.454239553
vt 0.833364446 0.453685984
vt 0.833364446 0.442772752
vt 0.833364446 0.440479391
vt 0.833364446 0.439688577
vt 0.833364446 0.439451333
vt 0.833364446 0.437632461
vt 0.833364446 0.434390124
vt 0.833364446 0.433994717
vt 0.833364446 0.433757473
vt 0.833374817 0.456967861
vt 0.833385189 0.466655332
vt 0.833385189 0.464915541
vt 0.833395560 0.463373454
vt 0.833395560 0.461712745
vt 0.833395560 0.440914339
vt 0.833395560 0.439332711
vt 0.833395560 0.433085281
vt 0.833416302 0.453488280
vt 0.833416302 0.444077595
vt 0.833416302 0.433164363
vt 0.833416302 0.431345491
vt 0.833426673 0.429566159
vt 0.833437044 0.460052036
vt 0.833437044 0.458549489
vt 0.833437044 0.442495967
vt 0.833437044 0.436090374
vt 0.833457786 0.461712745
vt 0.833457786 0.455307152
vt 0.833457786 0.433085281
vt 0.833478528 0.466457628
vt 0.833478528 0.464955082
vt 0.833499270 0.442495967
vt 0.833499270 0.434825072
vt 0.833520012 0.439253630
vt 0.833520012 0.431424572
vt 0.833540754 0.463215291
vt 0.833540754 0.437909246
vt 0.833540754 0.432768956
vt 0.833540754 0.429052130
vt 0.833561496 0.468909151
vt 0.833561496 0.459972954
vt 0.833561496 0.458707652
vt 0.833561496 0.441230665
vt 0.833561496 0.436011293
vt 0.833582238 0.466378547
vt 0.833582238 0.461949989
vt 0.833582238 0.455465315
vt 0.833582238 0.453488280
vt 0.833582238 0.442337804
vt 0.833582238 0.432768956
vt 0.833602980 0.453409199
vt 0.833602980 0.441230665
vt 0.833602980 0.434983235
vt 0.833602980 0.428973049
vt 0.833623722 0.456572454
vt 0.833634093 0.438976845
vt 0.833634093 0.432571252
vt 0.833654835 0.466101762
vt 0.833654835 0.465548192
vt 0.833654835 0.462780344
vt 0.833654835 0.462226774
vt 0.833654835 0.459696169
vt 0.833654835 0.459063518
vt 0.833654835 0.442061019
vt 0.833654835 0.441428368
vt 0.833654835 0.438818682
vt 0.833654835 0.438265112
vt 0.833654835 0.435655427
vt 0.833654835 0.435339101
vt 0.833654835 0.432413090
vt 0.833654835 0.431859520
vt 0.833665206 0.444156676
vt 0.833675577 0.462464018
vt 0.833675577 0.456374751
vt 0.833675577 0.455900263
vt 0.833685948 0.469067314
vt 0.833706691 0.453409199
vt 0.833706691 0.444314839
vt 0.833727433 0.453330117
vt 0.833768917 0.469067314
vt 0.833768917 0.428973049
vt 0.833789659 0.444314839
vt 0.833831143 0.453330117
vt 0.833851885 0.468078797
vt 0.833851885 0.464124727
vt 0.833851885 0.460170658
vt 0.833851885 0.456216588
vt 0.833851885 0.444473002
vt 0.833851885 0.440400310
vt 0.833851885 0.436446240
vt 0.833851885 0.432492171
vt 0.833914111 0.444473002
vt 0.833934853 0.469225477
vt 0.833934853 0.453092873
vt 0.833934853 0.428814886
vt 0.833997080 0.444710246
vt 0.833997080 0.428656723
vt 0.834080048 0.452934710
vt 0.834100790 0.428577642
vt 0.834163016 0.444947490
vt 0.834245984 0.452539303
vt 0.834349695 0.470016291
vt 0.834349695 0.445501060
vt 0.834443034 0.451788030
vt 0.834443034 0.451708949
vt 0.834453405 0.427707747
vt 0.834567486 0.451234461
vt 0.834588228 0.446647740
vt 0.834629713 0.450759972
vt 0.834629713 0.450601809
vt 0.834650455 0.447122228
vt 0.834650455 0.426956474
vt 0.834671197 0.450443647
vt 0.834671197 0.450127321
vt 0.834712681 0.471479296
vt 0.834712681 0.449810995
vt 0.834712681 0.449178344
vt 0.834712681 0.448941100
vt 0.834712681 0.448229368
vt 0.834712681 0.447833961
vt 0.834712681 0.426402904
vt 0.834733423 0.471716541
vt 0.834733423 0.449099263
vt 0.834733423 0.448862019
vt 0.834733423 0.448308449
vt 0.834754165 0.426244741
vt 0.834774907 0.471874703
vt 0.834795649 0.472191029
vt 0.834837133 0.472349192
vt 0.834878617 0.425374846
vt 0.834888988 0.468078797
vt 0.834888988 0.464124727
vt 0.834888988 0.460170658
vt 0.834888988 0.456216588
vt 0.834888988 0.452262519
vt 0.834888988 0.448308449
vt 0.834888988 0.444354380
vt 0.834888988 0.440400310
vt 0.834888988 0.436446240
vt 0.834888988 0.432492171
vt 0.834888988 0.428538101
vt 0.834920102 0.473456331
vt 0.834920102 0.424742195
vt 0.835013441 0.424465410
vt 0.835075667 0.473891279
vt 0.835169006 0.474009901
vt 0.835283088 0.474049442
vt 0.835345314 0.424465410
vt 0.835469766 0.424623573
vt 0.835552735 0.473654035
vt 0.835656445 0.473654035
vt 0.835677187 0.473733116
vt 0.835739413 0.424623573
vt 0.835801639 0.424465410
vt 0.835926092 0.473733116
vt 0.835926092 0.472032866
vt 0.835926092 0.468078797
vt 0.835926092 0.464124727
vt 0.835926092 0.460170658
vt 0.835926092 0.456216588
vt 0.835926092 0.452262519
vt 0.835926092 0.448308449
vt 0.835926092 0.444354380
vt 0.835926092 0.440400310
vt 0.835926092 0.436446240
vt 0.835926092 0.432492171
vt 0.835926092 0.428538101
vt 0.835946834 0.473812198
vt 0.836029802 0.473812198
vt 0.836050544 0.473733116
vt 0.836237223 0.473733116
vt 0.836278707 0.473812198
vt 0.836299449 0.473733116
vt 0.836403159 0.424544491
vt 0.836423902 0.424465410
vt 0.836444644 0.473733116
vt 0.836444644 0.424544491
vt 0.836465386 0.473654035
vt 0.836652064 0.424544491
vt 0.836672806 0.473733116
vt 0.836672806 0.424623573
vt 0.836693548 0.473812198
vt 0.836755775 0.424623573
vt 0.836776517 0.424544491
vt 0.836942453 0.424544491
vt 0.836963195 0.473812198
vt 0.836963195 0.472032866
vt 0.836963195 0.468078797
vt 0.836963195 0.464124727
vt 0.836963195 0.460170658
vt 0.836963195 0.456216588
vt 0.836963195 0.452262519
vt 0.836963195 0.448308449
vt 0.836963195 0.444354380
vt 0.836963195 0.440400310
vt 0.836963195 0.436446240
vt 0.836963195 0.432492171
vt 0.836963195 0.428538101
vt 0.836963195 0.424465410
vt 0.836983937 0.473733116
vt 0.837315810 0.473733116
vt 0.837315810 0.424465410
vt 0.837336553 0.473654035
vt 0.837357295 0.424544491
vt 0.837378037 0.424465410
vt 0.837398779 0.473654035
vt 0.837419521 0.424544491
vt 0.837440263 0.424465410
vt 0.837585457 0.424465410
vt 0.837606199 0.424544491
vt 0.837668426 0.473812198
vt 0.837689168 0.473891279
vt 0.837751394 0.424544491
vt 0.837813620 0.424465410
vt 0.837834362 0.424544491
vt 0.837855104 0.424465410
vt 0.837875846 0.424544491
vt 0.837896588 0.473812198
vt 0.837917330 0.473733116
vt 0.837979557 0.473733116
vt 0.838000299 0.473812198
vt 0.838000299 0.472032866
vt 0.838000299 0.468078797
vt 0.838000299 0.464124727
vt 0.838000299 0.460170658
vt 0.838000299 0.456216588
vt 0.838000299 0.452262519
vt 0.838000299 0.448308449
vt 0.838000299 0.444354380
vt 0.838000299 0.440400310
vt 0.838000299 0.436446240
vt 0.838000299 0.432492171
vt 0.838000299 0.428538101
vt 0.838104009 0.424623573
vt 0.838124751 0.424544491
vt 0.838269946 0.473812198
vt 0.838290688 0.473733116
vt 0.838373656 0.473733116
vt 0.838373656 0.424544491
vt 0.838394398 0.424465410
vt 0.838435882 0.473574953
vt 0.838581077 0.473574953
vt 0.838705529 0.473733116
vt 0.838850723 0.424465410
vt 0.838912950 0.424623573
vt 0.839037402 0.472032866
vt 0.839037402 0.468078797
vt 0.839037402 0.464124727
vt 0.839037402 0.460170658
vt 0.839037402 0.456216588
vt 0.839037402 0.452262519
vt 0.839037402 0.448308449
vt 0.839037402 0.444354380
vt 0.839037402 0.440400310
vt 0.839037402 0.436446240
vt 0.839037402 0.432492171
vt 0.839037402 0.428538101
vt 0.839120370 0.424623573
vt 0.839141112 0.424544491
vt 0.839203339 0.473654035
vt 0.839224081 0.473574953
vt 0.839286307 0.473574953
vt 0.839286307 0.424544491
vt 0.839307049 0.473654035
vt 0.839307049 0.424465410
vt 0.839348533 0.473574953
vt 0.839493728 0.424465410
vt 0.839514470 0.424544491
vt 0.839597438 0.473574953
vt 0.839618180 0.473654035
vt 0.839701148 0.473654035
vt 0.839846343 0.473337709
vt 0.839908569 0.424544491
vt 0.839929311 0.424465410
vt 0.839950053 0.472942302
vt 0.840012279 0.472863221
vt 0.840074506 0.472032866
vt 0.840074506 0.468078797
vt 0.840074506 0.464124727
vt 0.840074506 0.460170658
vt 0.840074506 0.456216588
vt 0.840074506 0.452262519
vt 0.840074506 0.448308449
vt 0.840074506 0.444354380
vt 0.840074506 0.440400310
vt 0.840074506 0.436446240
vt 0.840074506 0.432492171
vt 0.840074506 0.428538101
vt 0.840095248 0.424465410
vt 0.840115990 0.424544491
vt 0.840136732 0.472863221
vt 0.840136732 0.424465410
vt 0.840157474 0.424544491
vt 0.840219700 0.424544491
vt 0.840281926 0.424465410
vt 0.840302668 0.424544491
vt 0.840344152 0.473495872
vt 0.840364894 0.424465410
vt 0.840385637 0.424544491
vt 0.840427121 0.473495872
vt 0.840447863 0.473574953
vt 0.840530831 0.424544491
vt 0.840572315 0.473574953
vt 0.840593057 0.473654035
vt 0.840593057 0.424623573
vt 0.840655283 0.424860817
vt 0.840758994 0.425018980
vt 0.840821220 0.425335305
vt 0.840904188 0.425493468
vt 0.840945672 0.425493468
vt 0.841007899 0.425335305
vt 0.841049383 0.473574953
vt 0.841070125 0.473654035
vt 0.841111609 0.472032866
vt 0.841111609 0.468078797
vt 0.841111609 0.464124727
vt 0.841111609 0.460170658
vt 0.841111609 0.456216588
vt 0.841111609 0.452262519
vt 0.841111609 0.448308449
vt 0.841111609 0.444354380
vt 0.841111609 0.440400310
vt 0.841111609 0.436446240
vt 0.841111609 0.432492171
vt 0.841111609 0.428538101
vt 0.841194577 0.425256224
vt 0.841256803 0.425098061
vt 0.841298288 0.425098061
vt 0.841360514 0.473654035
vt 0.841381256 0.473733116
vt 0.841401998 0.473654035
vt 0.841401998 0.424623573
vt 0.841422740 0.473733116
vt 0.841464224 0.473654035
vt 0.841464224 0.424544491
vt 0.841526450 0.424623573
vt 0.841650903 0.424623573
vt 0.841671645 0.424544491
vt 0.841692387 0.473654035
vt 0.841713129 0.473733116
vt 0.841816839 0.424544491
vt 0.841837581 0.424465410
vt 0.842148712 0.472032866
vt 0.842148712 0.468078797
vt 0.842148712 0.464124727
vt 0.842148712 0.460170658
vt 0.842148712 0.456216588
vt 0.842148712 0.452262519
vt 0.842148712 0.448308449
vt 0.842148712 0.444354380
vt 0.842148712 0.440400310
vt 0.842148712 0.436446240
vt 0.842148712 0.432492171
vt 0.842148712 0.428538101
vt 0.842169454 0.424465410
vt 0.842190196 0.424544491
vt 0.842210939 0.473733116
vt 0.842231681 0.473654035
vt 0.842314649 0.473654035
vt 0.842335391 0.473733116
vt 0.842480585 0.424465410
vt 0.842501327 0.424544491
vt 0.842625780 0.473733116
vt 0.842646522 0.473654035
vt 0.842936911 0.473733116
vt 0.842957653 0.473654035
vt 0.842978395 0.473733116
vt 0.842999137 0.473654035
vt 0.843185816 0.472032866
vt 0.843185816 0.468078797
vt 0.843185816 0.464124727
vt 0.843185816 0.460170658
vt 0.843185816 0.456216588
vt 0.843185816 0.452262519
vt 0.843185816 0.448308449
vt 0.843185816 0.444354380
vt 0.843185816 0.440400310
vt 0.843185816 0.436446240
vt 0.843185816 0.432492171
vt 0.843185816 0.428538101
vt 0.843185816 0.424544491
vt 0.843227300 0.424465410
vt 0.843248042 0.473654035
vt 0.843268784 0.424544491
vt 0.843289526 0.424465410
vt 0.843559173 0.473812198
vt 0.843642141 0.473654035
vt 0.843683625 0.424465410
vt 0.843704367 0.424544491
vt 0.843787336 0.473654035
vt 0.843808078 0.473733116
vt 0.844222919 0.472032866
vt 0.844222919 0.468078797
vt 0.844222919 0.464124727
vt 0.844222919 0.460170658
vt 0.844222919 0.456216588
vt 0.844222919 0.452262519
vt 0.844222919 0.448308449
vt 0.844222919 0.444354380
vt 0.844222919 0.440400310
vt 0.844222919 0.436446240
vt 0.844222919 0.432492171
vt 0.844222919 0.428538101
vt 0.844285145 0.473733116
vt 0.844305887 0.424544491
vt 0.844326629 0.424623573
vt 0.844347372 0.473574953
vt 0.844347372 0.424544491
vt 0.844368114 0.424623573
vt 0.844430340 0.424623573
vt 0.844451082 0.424544491
vt 0.844471824 0.473574953
vt 0.844596276 0.473733116
vt 0.845052602 0.473654035
vt 0.845135570 0.473812198
vt 0.845260023 0.472032866
vt 0.845260023 0.468078797
vt 0.845260023 0.464124727
vt 0.845260023 0.460170658
vt 0.845260023 0.456216588
vt 0.845260023 0.452262519
vt 0.845260023 0.448308449
vt 0.845260023 0.444354380
vt 0.845260023 0.440400310
vt 0.845260023 0.436446240
vt 0.845260023 0.432492171
vt 0.845260023 0.428538101
vt 0.845280765 0.473812198
vt 0.845301507 0.473733116
vt 0.845322249 0.473812198
vt 0.845571154 0.473812198
vt 0.845612638 0.473654035
vt 0.845737090 0.473654035
vt 0.845799316 0.473812198
vt 0.845965253 0.424544491
vt 0.845985995 0.473812198
vt 0.845985995 0.424623573
vt 0.846006737 0.473733116
vt 0.846068963 0.424623573
vt 0.846089705 0.424544491
vt 0.846172674 0.473733116
vt 0.846193416 0.473654035
vt 0.846276384 0.424544491
vt 0.846297126 0.472032866
vt 0.846297126 0.468078797
vt 0.846297126 0.464124727
vt 0.846297126 0.460170658
vt 0.846297126 0.456216588
vt 0.846297126 0.452262519
vt 0.846297126 0.448308449
vt 0.846297126 0.444354380
vt 0.846297126 0.440400310
vt 0.846297126 0.436446240
vt 0.846297126 0.432492171
vt 0.846297126 0.428538101
vt 0.846297126 0.424465410
vt 0.846421578 0.424465410
vt 0.846442320 0.424544491
vt 0.846463063 0.473654035
vt 0.846483805 0.473733116
vt 0.846525289 0.424544491
vt 0.846546031 0.424465410
vt 0.846670483 0.473654035
vt 0.846691225 0.473733116
vt 0.847023098 0.473733116
vt 0.847043840 0.473812198
vt 0.847043840 0.424465410
vt 0.847064583 0.473733116
vt 0.847064583 0.424544491
vt 0.847126809 0.473812198
vt 0.847230519 0.473812198
vt 0.847251261 0.473733116
vt 0.847334229 0.472032866
vt 0.847334229 0.468078797
vt 0.847334229 0.464124727
vt 0.847334229 0.460170658
vt 0.847334229 0.456216588
vt 0.847334229 0.452262519
vt 0.847334229 0.448308449
vt 0.847334229 0.444354380
vt 0.847334229 0.440400310
vt 0.847334229 0.436446240
vt 0.847334229 0.432492171
vt 0.847334229 0.428538101
vt 0.847728329 0.424544491
vt 0.847769813 0.424465410
vt 0.847790555 0.424544491
vt 0.847811297 0.424465410
vt 0.847832039 0.424544491
vt 0.847956491 0.473812198
vt 0.848060202 0.473654035
vt 0.848143170 0.424544491
vt 0.848163912 0.424623573
vt 0.848184654 0.424544491
vt 0.848350591 0.473654035
vt 0.848371333 0.472032866
vt 0.848371333 0.468078797
vt 0.848371333 0.464124727
vt 0.848371333 0.460170658
vt 0.848371333 0.456216588
vt 0.848371333 0.452262519
vt 0.848371333 0.448308449
vt 0.848371333 0.444354380
vt 0.848371333 0.440400310
vt 0.848371333 0.436446240
vt 0.848371333 0.432492171
vt 0.848371333 0.428538101
vt 0.848433559 0.473812198
vt 0.848454301 0.424544491
vt 0.848475043 0.424465410
vt 0.848495785 0.424544491
vt 0.848703206 0.424544491
vt 0.848723948 0.424623573
vt 0.848765432 0.473812198
vt 0.848806916 0.473654035
vt 0.848993595 0.473654035
vt 0.848993595 0.424623573
vt 0.849014337 0.424544491
vt 0.849076563 0.473812198
vt 0.849138789 0.424544491
vt 0.849159531 0.424465410
vt 0.849263242 0.473891279
vt 0.849283984 0.473812198
vt 0.849387694 0.424465410
vt 0.849408436 0.472032866
vt 0.849408436 0.468078797
vt 0.849408436 0.464124727
vt 0.849408436 0.460170658
vt 0.849408436 0.456216588
vt 0.849408436 0.452262519
vt 0.849408436 0.448308449
vt 0.849408436 0.444354380
vt 0.849408436 0.440400310
vt 0.849408436 0.436446240
vt 0.849408436 0.432492171
vt 0.849408436 0.428538101
vt 0.849408436 0.424544491
vt 0.849512147 0.424544491
vt 0.849574373 0.473733116
vt 0.849595115 0.424702654
vt 0.849678083 0.473495872
vt 0.849719567 0.473574953
vt 0.849719567 0.424781735
vt 0.849761051 0.473495872
vt 0.849844020 0.424544491
vt 0.850030698 0.473654035
vt 0.850113667 0.473812198
vt 0.850113667 0.424544491
vt 0.850134409 0.424465410
vt 0.850196635 0.473812198
vt 0.850217377 0.473733116
vt 0.850321087 0.424465410
vt 0.850341829 0.424544491
vt 0.850404055 0.424544491
vt 0.850424798 0.424465410
vt 0.850445540 0.472032866
vt 0.850445540 0.468078797
vt 0.850445540 0.464124727
vt 0.850445540 0.460170658
vt 0.850445540 0.456216588
vt 0.850445540 0.452262519
vt 0.850445540 0.448308449
vt 0.850445540 0.444354380
vt 0.850445540 0.440400310
vt 0.850445540 0.436446240
vt 0.850445540 0.432492171
vt 0.850445540 0.428538101
vt 0.850652960 0.473733116
vt 0.850673702 0.473654035
vt 0.850673702 0.424465410
vt 0.850735929 0.424544491
vt 0.850756671 0.424465410
vt 0.850943349 0.473654035
vt 0.850943349 0.424465410
vt 0.850964091 0.473733116
vt 0.850964091 0.424544491
vt 0.851482643 0.472032866
vt 0.851482643 0.468078797
vt 0.851482643 0.464124727
vt 0.851482643 0.460170658
vt 0.851482643 0.456216588
vt 0.851482643 0.452262519
vt 0.851482643 0.448308449
vt 0.851482643 0.444354380
vt 0.851482643 0.440400310
vt 0.851482643 0.436446240
vt 0.851482643 0.432492171
vt 0.851482643 0.428538101
vt 0.851524127 0.473654035
vt 0.851544869 0.473733116
vt 0.851959711 0.473733116
vt 0.851980453 0.473812198
vt 0.852104905 0.424544491
vt 0.852125647 0.473812198
vt 0.852125647 0.424465410
vt 0.852187873 0.473654035
vt 0.852353810 0.473654035
vt 0.852374552 0.473733116
vt 0.852519746 0.472032866
vt 0.852519746 0.468078797
vt 0.852519746 0.464124727
vt 0.852519746 0.460170658
vt 0.852519746 0.456216588
vt 0.852519746 0.452262519
vt 0.852519746 0.448308449
vt 0.852519746 0.444354380
vt 0.852519746 0.440400310
vt 0.852519746 0.436446240
vt 0.852519746 0.432492171
vt 0.852519746 0.428538101
vt 0.852851620 0.473733116
vt 0.852893104 0.424465410
vt 0.852913846 0.473812198
vt 0.852913846 0.424544491
vt 0.852996814 0.473654035
vt 0.853183493 0.473891279
vt 0.853287203 0.473733116
vt 0.853349429 0.424544491
vt 0.853370171 0.424623573
vt 0.853390913 0.473733116
vt 0.853411655 0.473812198
vt 0.853494624 0.424623573
vt 0.853515366 0.424544491
vt 0.853556850 0.473812198
vt 0.853556850 0.472032866
vt 0.853556850 0.468078797
vt 0.853556850 0.464124727
vt 0.853556850 0.460170658
vt 0.853556850 0.456216588
vt 0.853556850 0.452262519
vt 0.853556850 0.448308449
vt 0.853556850 0.444354380
vt 0.853556850 0.440400310
vt 0.853556850 0.436446240
vt 0.853556850 0.432492171
vt 0.853556850 0.428538101
vt 0.853577592 0.473733116
vt 0.853639818 0.473812198
vt 0.853826497 0.473574953
vt 0.853826497 0.424544491
vt 0.853847239 0.473654035
vt 0.853847239 0.424465410
vt 0.853930207 0.424465410
vt 0.853950949 0.424544491
vt 0.854013175 0.473654035
vt 0.854054659 0.473812198
vt 0.854179112 0.424544491
vt 0.854199854 0.424465410
vt 0.854282822 0.473812198
vt 0.854303564 0.473733116
vt 0.854386533 0.424465410
vt 0.854407275 0.424544491
vt 0.854428017 0.424465410
vt 0.854593953 0.472032866
vt 0.854593953 0.468078797
vt 0.854593953 0.464124727
vt 0.854593953 0.460170658
vt 0.854593953 0.456216588
vt 0.854593953 0.452262519
vt 0.854593953 0.448308449
vt 0.854593953 0.444354380
vt 0.854593953 0.440400310
vt 0.854593953 0.436446240
vt 0.854593953 0.432492171
vt 0.854593953 0.428538101
vt 0.854614695 0.424465410
vt 0.854656179 0.473812198
vt 0.854697664 0.424623573
vt 0.854801374 0.424623573
vt 0.854822116 0.473574953
vt 0.854822116 0.424544491
vt 0.854946568 0.473574953
vt 0.854967311 0.473654035
vt 0.854988053 0.424544491
vt 0.855008795 0.424465410
vt 0.855153989 0.473654035
vt 0.855174731 0.473733116
vt 0.855236957 0.473733116
vt 0.855299184 0.473891279
vt 0.855382152 0.473891279
vt 0.855548088 0.473574953
vt 0.855631057 0.473574953
vt 0.855631057 0.472032866
vt 0.855631057 0.468078797
vt 0.855631057 0.464124727
vt 0.855631057 0.460170658
vt 0.855631057 0.456216588
vt 0.855631057 0.452262519
vt 0.855631057 0.448308449
vt 0.855631057 0.444354380
vt 0.855631057 0.440400310
vt 0.855631057 0.436446240
vt 0.855631057 0.432492171
vt 0.855631057 0.428538101
vt 0.855714025 0.473733116
vt 0.856045898 0.424544491
vt 0.856066640 0.424465410
vt 0.856149608 0.473654035
vt 0.856149608 0.424465410
vt 0.856170350 0.424544491
vt 0.856211835 0.473812198
vt 0.856419255 0.473812198
vt 0.856439997 0.473733116
vt 0.856481481 0.473812198
vt 0.856481481 0.424544491
vt 0.856502224 0.424623573
vt 0.856605934 0.473812198
vt 0.856626676 0.424623573
vt 0.856647418 0.473654035
vt 0.856668160 0.472032866
vt 0.856668160 0.468078797
vt 0.856668160 0.464124727
vt 0.856668160 0.460170658
vt 0.856668160 0.456216588
vt 0.856668160 0.452262519
vt 0.856668160 0.448308449
vt 0.856668160 0.444354380
vt 0.856668160 0.440400310
vt 0.856668160 0.436446240
vt 0.856668160 0.432492171
vt 0.856668160 0.428538101
vt 0.856751128 0.425018980
vt 0.856802984 0.424821276
vt 0.856802984 0.424663113
vt 0.856834097 0.424544491
vt 0.857124486 0.473654035
vt 0.857228196 0.424544491
vt 0.857331906 0.424781735
vt 0.857414875 0.473812198
vt 0.857435617 0.424781735
vt 0.857456359 0.424702654
vt 0.857477101 0.424781735
vt 0.857518585 0.473574953
vt 0.857539327 0.424781735
vt 0.857601553 0.473574953
vt 0.857622295 0.424623573
vt 0.857705264 0.472032866
vt 0.857705264 0.468078797
vt 0.857705264 0.464124727
vt 0.857705264 0.460170658
vt 0.857705264 0.456216588
vt 0.857705264 0.452262519
vt 0.857705264 0.448308449
vt 0.857705264 0.444354380
vt 0.857705264 0.440400310
vt 0.857705264 0.436446240
vt 0.857705264 0.432492171
vt 0.857705264 0.428538101
vt 0.857726006 0.473733116
vt 0.857974910 0.424544491
vt 0.857995652 0.473733116
vt 0.857995652 0.424465410
vt 0.858016395 0.424544491
vt 0.858057879 0.473574953
vt 0.858078621 0.424544491
vt 0.858099363 0.424465410
vt 0.858120105 0.473574953
vt 0.858140847 0.473654035
vt 0.858161589 0.424544491
vt 0.858327526 0.473654035
vt 0.858410494 0.473812198
vt 0.858534946 0.473654035
vt 0.858742367 0.472032866
vt 0.858742367 0.468078797
vt 0.858742367 0.464124727
vt 0.858742367 0.460170658
vt 0.858742367 0.456216588
vt 0.858742367 0.452262519
vt 0.858742367 0.448308449
vt 0.858742367 0.444354380
vt 0.858742367 0.440400310
vt 0.858742367 0.436446240
vt 0.858742367 0.432492171
vt 0.858742367 0.428538101
vt 0.858763109 0.424544491
vt 0.858783851 0.424465410
vt 0.858846077 0.424465410
vt 0.858866819 0.424544491
vt 0.858949788 0.473733116
vt 0.859074240 0.473574953
vt 0.859074240 0.424544491
vt 0.859094982 0.424465410
vt 0.859219434 0.473574953
vt 0.859302403 0.473733116
vt 0.859592792 0.473733116
vt 0.859675760 0.473574953
vt 0.859758728 0.473574953
vt 0.859779470 0.473654035
vt 0.859779470 0.472032866
vt 0.859779470 0.468078797
vt 0.859779470 0.464124727
vt 0.859779470 0.460170658
vt 0.859779470 0.456216588
vt 0.859779470 0.452262519
vt 0.859779470 0.448308449
vt 0.859779470 0.444354380
vt 0.859779470 0.440400310
vt 0.859779470 0.436446240
vt 0.859779470 0.432492171
vt 0.859779470 0.428538101
vt 0.859883181 0.473654035
vt 0.859986891 0.473812198
vt 0.860173570 0.473812198
vt 0.860277280 0.473654035
vt 0.860277280 0.424465410
vt 0.860298022 0.424544491
vt 0.860360248 0.424465410
vt 0.860380990 0.424544491
vt 0.860443217 0.424544491
vt 0.860463959 0.473654035
vt 0.860463959 0.424465410
vt 0.860484701 0.424544491
vt 0.860567669 0.473812198
vt 0.860712863 0.424544491
vt 0.860733605 0.424465410
vt 0.860775090 0.424544491
vt 0.860795832 0.424465410
vt 0.860816574 0.473812198
vt 0.860816574 0.472032866
vt 0.860816574 0.468078797
vt 0.860816574 0.464124727
vt 0.860816574 0.460170658
vt 0.860816574 0.456216588
vt 0.860816574 0.452262519
vt 0.860816574 0.448308449
vt 0.860816574 0.444354380
vt 0.860816574 0.440400310
vt 0.860816574 0.436446240
vt 0.860816574 0.432492171
vt 0.860816574 0.428538101
vt 0.860816574 0.424544491
vt 0.860920284 0.473654035
vt 0.861086221 0.473654035
vt 0.861189931 0.473812198
vt 0.861335125 0.424544491
vt 0.861459578 0.424702654
vt 0.861521804 0.473891279
vt 0.861542546 0.473812198
vt 0.861666999 0.424702654
vt 0.861687741 0.473812198
vt 0.861687741 0.424623573
vt 0.861729225 0.424702654
vt 0.861749967 0.473654035
vt 0.861749967 0.424623573
vt 0.861853677 0.472032866
vt 0.861853677 0.468078797
vt 0.861853677 0.464124727
vt 0.861853677 0.460170658
vt 0.861853677 0.456216588
vt 0.861853677 0.452262519
vt 0.861853677 0.448308449
vt 0.861853677 0.444354380
vt 0.861853677 0.440400310
vt 0.861853677 0.436446240
vt 0.861853677 0.432492171
vt 0.861853677 0.428538101
vt 0.861853677 0.424623573
vt 0.861874419 0.424702654
vt 0.861936645 0.473654035
vt 0.861957387 0.473574953
vt 0.862123324 0.424702654
vt 0.862144066 0.424623573
vt 0.862247776 0.473654035
vt 0.862289261 0.424623573
vt 0.862320374 0.469581343
vt 0.862320374 0.439214089
vt 0.862320374 0.430356973
vt 0.862330745 0.473416791
vt 0.862341116 0.472586436
vt 0.862341116 0.472191029
vt 0.862341116 0.467208901
vt 0.862341116 0.466734413
vt 0.862341116 0.464361971
vt 0.862341116 0.464045646
vt 0.862341116 0.461515041
vt 0.862341116 0.461119634
vt 0.862341116 0.458193623
vt 0.862341116 0.454951286
vt 0.862341116 0.452104356
vt 0.862341116 0.451708949
vt 0.862341116 0.448703856
vt 0.862341116 0.445461519
vt 0.862341116 0.445145193
vt 0.862341116 0.442061019
vt 0.862341116 0.439451333
vt 0.862341116 0.438976845
vt 0.862341116 0.436050834
vt 0.862341116 0.433124822
vt 0.862341116 0.430594218
vt 0.862341116 0.430119729
vt 0.862341116 0.427589125
vt 0.862341116 0.425533009
vt 0.862341116 0.424742195
vt 0.862361858 0.472032866
vt 0.862361858 0.470055831
vt 0.862361858 0.464520134
vt 0.862361858 0.461673204
vt 0.862361858 0.458668111
vt 0.862361858 0.458272704
vt 0.862361858 0.455346693
vt 0.862361858 0.448308449
vt 0.862361858 0.442535508
vt 0.862361858 0.436604403
vt 0.862361858 0.433520229
vt 0.862361858 0.432966659
vt 0.862361858 0.427826369
vt 0.862361858 0.427193718
vt 0.862382600 0.457719135
vt 0.862382600 0.451392623
vt 0.862382600 0.445856926
vt 0.862403342 0.473060924
vt 0.862413713 0.471835163
vt 0.862413713 0.464717838
vt 0.862413713 0.454516338
vt 0.862413713 0.449138804
vt 0.862413713 0.442733211
vt 0.862413713 0.438700060
vt 0.862413713 0.432768956
vt 0.862434455 0.469067314
vt 0.862434455 0.458944896
vt 0.862434455 0.457521431
vt 0.862434455 0.452460222
vt 0.862434455 0.446054629
vt 0.862434455 0.441626072
vt 0.862434455 0.439807200
vt 0.862434455 0.436881188
vt 0.862434455 0.430950084
vt 0.862455197 0.470411698
vt 0.862455197 0.460684687
vt 0.862455197 0.444631164
vt 0.862455197 0.435536804
vt 0.862455197 0.432768956
vt 0.862455197 0.429684782
vt 0.862455197 0.426837852
vt 0.862455197 0.426047038
vt 0.862475939 0.466299465
vt 0.862475939 0.464717838
vt 0.862475939 0.462029070
vt 0.862475939 0.441626072
vt 0.862475939 0.438700060
vt 0.862475939 0.430950084
vt 0.862475939 0.428261317
vt 0.862496681 0.467722930
vt 0.862496681 0.463373454
vt 0.862496681 0.457442350
vt 0.862496681 0.455781640
vt 0.862496681 0.451036757
vt 0.862496681 0.447873501
vt 0.862496681 0.446054629
vt 0.862496681 0.439807200
vt 0.862496681 0.436960270
vt 0.862496681 0.433955177
vt 0.862496681 0.426837852
vt 0.862507052 0.426561067
vt 0.862507052 0.426086578
vt 0.862517423 0.470490779
vt 0.862517423 0.446133711
vt 0.862517423 0.438462816
vt 0.862517423 0.432452630
vt 0.862517423 0.431108247
vt 0.862527794 0.426640148
vt 0.862538165 0.464955082
vt 0.862538165 0.454200013
vt 0.862538165 0.452697466
vt 0.862538165 0.442970455
vt 0.862538165 0.441388827
vt 0.862538165 0.439965362
vt 0.862538165 0.435378642
vt 0.862558907 0.471597919
vt 0.862558907 0.468909151
vt 0.862558907 0.464876000
vt 0.862579650 0.464955082
vt 0.862579650 0.460526524
vt 0.862579650 0.454200013
vt 0.862579650 0.449376048
vt 0.862579650 0.438383735
vt 0.862590021 0.426719229
vt 0.862590021 0.426561067
vt 0.862600392 0.463373454
vt 0.862600392 0.455781640
vt 0.862600392 0.441388827
vt 0.862600392 0.435378642
vt 0.862600392 0.432452630
vt 0.862610763 0.426481985
vt 0.862610763 0.426165660
vt 0.862621134 0.467722930
vt 0.862621134 0.466220384
vt 0.862621134 0.462029070
vt 0.862621134 0.457442350
vt 0.862621134 0.452618385
vt 0.862621134 0.451036757
vt 0.862621134 0.447873501
vt 0.862621134 0.446133711
vt 0.862621134 0.444631164
vt 0.862621134 0.436960270
vt 0.862621134 0.431108247
vt 0.862621134 0.429605700
vt 0.862641876 0.471677000
vt 0.862641876 0.469067314
vt 0.862641876 0.464796919
vt 0.862641876 0.455702559
vt 0.862641876 0.433955177
vt 0.862641876 0.432531712
vt 0.862641876 0.428261317
vt 0.862641876 0.426758770
vt 0.862641876 0.426047038
vt 0.862662618 0.470332616
vt 0.862662618 0.467643849
vt 0.862662618 0.466299465
vt 0.862662618 0.463531617
vt 0.862662618 0.458944896
vt 0.862662618 0.457521431
vt 0.862662618 0.449217885
vt 0.862662618 0.447952583
vt 0.862662618 0.442812292
vt 0.862662618 0.431029165
vt 0.862672989 0.441586531
vt 0.862683360 0.464796919
vt 0.862683360 0.439807200
vt 0.862683360 0.426047038
vt 0.862693731 0.473060924
vt 0.862693731 0.472744599
vt 0.862714473 0.471953785
vt 0.862714473 0.469344099
vt 0.862714473 0.458035460
vt 0.862714473 0.427035555
vt 0.862735215 0.472507355
vt 0.862735215 0.466655332
vt 0.862735215 0.463887483
vt 0.862735215 0.458668111
vt 0.862735215 0.457877297
vt 0.862735215 0.454714042
vt 0.862735215 0.436525322
vt 0.862735215 0.435813589
vt 0.862735215 0.430752380
vt 0.862735215 0.429961566
vt 0.862755957 0.469976750
vt 0.862755957 0.464441053
vt 0.862755957 0.464045646
vt 0.862755957 0.461594123
vt 0.862755957 0.461119634
vt 0.862755957 0.458272704
vt 0.862755957 0.455346693
vt 0.862755957 0.451629867
vt 0.862755957 0.448862019
vt 0.862755957 0.445698763
vt 0.862755957 0.445303356
vt 0.862755957 0.438976845
vt 0.862755957 0.436288078
vt 0.862755957 0.433045741
vt 0.862755957 0.427747288
vt 0.862755957 0.427430962
vt 0.862776699 0.467129820
vt 0.862776699 0.455109449
vt 0.862776699 0.452104356
vt 0.862776699 0.451788030
vt 0.862776699 0.448545693
vt 0.862776699 0.442298263
vt 0.862776699 0.439372252
vt 0.862776699 0.433362066
vt 0.862776699 0.430436055
vt 0.862776699 0.427826369
vt 0.862776699 0.425295764
vt 0.862776699 0.424742195
vt 0.862797441 0.425533009
vt 0.862807812 0.473495872
vt 0.862807812 0.424623573
vt 0.862890781 0.472032866
vt 0.862890781 0.468078797
vt 0.862890781 0.464124727
vt 0.862890781 0.460170658
vt 0.862890781 0.456216588
vt 0.862890781 0.452262519
vt 0.862890781 0.448308449
vt 0.862890781 0.444354380
vt 0.862890781 0.440400310
vt 0.862890781 0.436446240
vt 0.862890781 0.432492171
vt 0.862890781 0.428538101
vt 0.862932265 0.473654035
vt 0.863015233 0.473654035
vt 0.863056717 0.473812198
vt 0.863118943 0.424623573
vt 0.863160427 0.473812198
vt 0.863160427 0.424781735
vt 0.863181170 0.473733116
vt 0.863284880 0.424702654
vt 0.863326364 0.473733116
vt 0.863347106 0.473812198
vt 0.863347106 0.424544491
vt 0.863513043 0.473812198
vt 0.863533785 0.473733116
vt 0.863782689 0.424544491
vt 0.863803432 0.424623573
vt 0.863927884 0.472032866
vt 0.863927884 0.468078797
vt 0.863927884 0.464124727
vt 0.863927884 0.460170658
vt 0.863927884 0.456216588
vt 0.863927884 0.452262519
vt 0.863927884 0.448308449
vt 0.863927884 0.444354380
vt 0.863927884 0.440400310
vt 0.863927884 0.436446240
vt 0.863927884 0.432492171
vt 0.863927884 0.428538101
vt 0.863948626 0.473733116
vt 0.863969368 0.473654035
vt 0.864114563 0.473574953
vt 0.864156047 0.473416791
vt 0.864218273 0.473416791
vt 0.864218273 0.424623573
vt 0.864239015 0.473337709
vt 0.864239015 0.424702654
vt 0.864321983 0.424702654
vt 0.864342725 0.424623573
vt 0.864384209 0.473416791
vt 0.864446436 0.424623573
vt 0.864467178 0.473654035
vt 0.864529404 0.424465410
vt 0.864591630 0.473812198
vt 0.864591630 0.424544491
vt 0.864612372 0.424465410
vt 0.864819793 0.473812198
vt 0.864819793 0.424465410
vt 0.864923503 0.473654035
vt 0.864964987 0.473733116
vt 0.864964987 0.472032866
vt 0.864964987 0.468078797
vt 0.864964987 0.464124727
vt 0.864964987 0.460170658
vt 0.864964987 0.456216588
vt 0.864964987 0.452262519
vt 0.864964987 0.448308449
vt 0.864964987 0.444354380
vt 0.864964987 0.440400310
vt 0.864964987 0.436446240
vt 0.864964987 0.432492171
vt 0.864964987 0.428538101
vt 0.865006472 0.424702654
vt 0.865130924 0.424702654
vt 0.865172408 0.424544491
vt 0.865255376 0.424544491
vt 0.865276118 0.424465410
vt 0.865296860 0.424544491
vt 0.865317603 0.424465410
vt 0.865379829 0.473733116
vt 0.865400571 0.473812198
vt 0.865421313 0.473733116
vt 0.865421313 0.424465410
vt 0.865442055 0.473812198
vt 0.865442055 0.424544491
vt 0.865504281 0.473654035
vt 0.865525023 0.424544491
vt 0.865566507 0.473733116
vt 0.865587249 0.424465410
vt 0.865607992 0.424544491
vt 0.865794670 0.424623573
vt 0.865836154 0.424781735
vt 0.865898380 0.424781735
vt 0.865919123 0.473733116
vt 0.865919123 0.424702654
vt 0.865939865 0.473654035
vt 0.865981349 0.424702654
vt 0.866002091 0.472032866
vt 0.866002091 0.468078797
vt 0.866002091 0.464124727
vt 0.866002091 0.460170658
vt 0.866002091 0.456216588
vt 0.866002091 0.452262519
vt 0.866002091 0.448308449
vt 0.866002091 0.444354380
vt 0.866002091 0.440400310
vt 0.866002091 0.436446240
vt 0.866002091 0.432492171
vt 0.866002091 0.428538101
vt 0.866043575 0.424544491
vt 0.866105801 0.473654035
vt 0.866126543 0.473733116
vt 0.866168027 0.424544491
vt 0.866188769 0.424465410
vt 0.866271738 0.473733116
vt 0.866292480 0.473812198
vt 0.866313222 0.473733116
vt 0.866354706 0.473812198
vt 0.866354706 0.424465410
vt 0.866375448 0.473733116
vt 0.866396190 0.424623573
vt 0.866520643 0.424702654
vt 0.866541385 0.424623573
vt 0.866603611 0.473654035
vt 0.866603611 0.424623573
vt 0.866645095 0.424465410
vt 0.866728063 0.473812198
vt 0.867039194 0.472032866
vt 0.867039194 0.468078797
vt 0.867039194 0.464124727
vt 0.867039194 0.460170658
vt 0.867039194 0.456216588
vt 0.867039194 0.452262519
vt 0.867039194 0.448308449
vt 0.867039194 0.444354380
vt 0.867039194 0.440400310
vt 0.867039194 0.436446240
vt 0.867039194 0.432492171
vt 0.867039194 0.428538101
vt 0.867163647 0.473733116
vt 0.867184389 0.473812198
vt 0.867288099 0.473812198
vt 0.867288099 0.424544491
vt 0.867308841 0.473891279
vt 0.867308841 0.424465410
vt 0.867537004 0.424465410
vt 0.867619972 0.473891279
vt 0.867661456 0.424623573
vt 0.867682198 0.473812198
vt 0.867744425 0.424623573
vt 0.867775538 0.424742195
vt 0.867796280 0.473535413
vt 0.867796280 0.473060924
vt 0.867796280 0.425216683
vt 0.867879248 0.472507355
vt 0.867879248 0.472349192
vt 0.867962216 0.448862019
vt 0.867962216 0.448545693
vt 0.867982958 0.471874703
vt 0.867982958 0.426640148
vt 0.868003700 0.449890077
vt 0.868003700 0.448071205
vt 0.868003700 0.447596717
vt 0.868045185 0.471321134
vt 0.868065927 0.450759972
vt 0.868065927 0.447201310
vt 0.868076298 0.468078797
vt 0.868076298 0.464124727
vt 0.868076298 0.460170658
vt 0.868076298 0.456216588
vt 0.868076298 0.452262519
vt 0.868076298 0.444354380
vt 0.868076298 0.440400310
vt 0.868076298 0.436446240
vt 0.868076298 0.432492171
vt 0.868076298 0.428538101
vt 0.868107411 0.446726821
vt 0.868190379 0.451550786
vt 0.868190379 0.446252333
vt 0.868242234 0.427707747
vt 0.868283718 0.470332616
vt 0.868304460 0.470332616
vt 0.868325202 0.452143896
vt 0.868345945 0.452143896
vt 0.868366687 0.428103154
vt 0.868449655 0.445263816
vt 0.868470397 0.469699965
vt 0.868491139 0.452697466
vt 0.868491139 0.445263816
vt 0.868574107 0.428577642
vt 0.868615591 0.469541802
vt 0.868615591 0.444868409
vt 0.868636333 0.428577642
vt 0.868677818 0.453092873
vt 0.868698560 0.469225477
vt 0.868781528 0.469225477
vt 0.868781528 0.453171955
vt 0.868802270 0.444631164
vt 0.868802270 0.428893968
vt 0.868843754 0.469067314
vt 0.868864496 0.453409199
vt 0.868905980 0.469067314
vt 0.868926722 0.468988233
vt 0.868926722 0.444314839
vt 0.868988949 0.429052130
vt 0.869020062 0.465706355
vt 0.869020062 0.465548192
vt 0.869020062 0.462780344
vt 0.869020062 0.462384937
vt 0.869020062 0.456137507
vt 0.869020062 0.441902856
vt 0.869020062 0.441586531
vt 0.869040804 0.465627274
vt 0.869040804 0.462226774
vt 0.869040804 0.459617088
vt 0.869040804 0.459142600
vt 0.869040804 0.456374751
vt 0.869040804 0.455821181
vt 0.869040804 0.438897764
vt 0.869040804 0.438581438
vt 0.869040804 0.435734508
vt 0.869040804 0.435339101
vt 0.869040804 0.432492171
vt 0.869040804 0.432017683
vt 0.869061546 0.466180843
vt 0.869061546 0.438423275
vt 0.869061546 0.435180938
vt 0.869061546 0.431859520
vt 0.869071917 0.465271407
vt 0.869071917 0.441388827
vt 0.869092659 0.463136210
vt 0.869092659 0.455544396
vt 0.869113401 0.468078797
vt 0.869113401 0.464124727
vt 0.869113401 0.458786733
vt 0.869113401 0.442416885
vt 0.869113401 0.440400310
vt 0.869113401 0.439253630
vt 0.869113401 0.434983235
vt 0.869134143 0.466457628
vt 0.869134143 0.459972954
vt 0.869134143 0.456730617
vt 0.869134143 0.444156676
vt 0.869134143 0.438146490
vt 0.869134143 0.436090374
vt 0.869134143 0.431582735
vt 0.869134143 0.429052130
vt 0.869154885 0.468909151
vt 0.869154885 0.432927119
vt 0.869175627 0.463373454
vt 0.869175627 0.461870908
vt 0.869196369 0.455386234
vt 0.869227482 0.468632366
vt 0.869237853 0.463373454
vt 0.869237853 0.431503654
vt 0.869258596 0.466615791
vt 0.869258596 0.461791826
vt 0.869258596 0.444156676
vt 0.869279338 0.456888780
vt 0.869279338 0.453646443
vt 0.869279338 0.442575048
vt 0.869279338 0.440993420
vt 0.869279338 0.439411793
vt 0.869279338 0.434745991
vt 0.869279338 0.433006200
vt 0.869289709 0.468078797
vt 0.869289709 0.464994622
vt 0.869289709 0.461356878
vt 0.869289709 0.460170658
vt 0.869289709 0.457640053
vt 0.869300080 0.444077595
vt 0.869300080 0.437830165
vt 0.869310451 0.464836460
vt 0.869310451 0.464361971
vt 0.869310451 0.463571157
vt 0.869310451 0.461594123
vt 0.869310451 0.458430867
vt 0.869310451 0.439530415
vt 0.869310451 0.437474299
vt 0.869310451 0.436446240
vt 0.869331193 0.467129820
vt 0.869331193 0.466892576
vt 0.869331193 0.464282890
vt 0.869331193 0.463729320
vt 0.869331193 0.461198716
vt 0.869331193 0.458272704
vt 0.869331193 0.457877297
vt 0.869331193 0.457481890
vt 0.869331193 0.453923228
vt 0.869331193 0.440795717
vt 0.869331193 0.440400310
vt 0.869331193 0.439688577
vt 0.869331193 0.437395217
vt 0.869331193 0.436683485
vt 0.869331193 0.434390124
vt 0.869331193 0.433203903
vt 0.869331193 0.430910543
vt 0.869331193 0.430673299
vt 0.869331193 0.430040648
vt 0.869351935 0.467841553
vt 0.869351935 0.467208901
vt 0.869351935 0.457244646
vt 0.869351935 0.454951286
vt 0.869351935 0.443800810
vt 0.869351935 0.442930914
vt 0.869351935 0.440558473
vt 0.869351935 0.430989625
vt 0.869351935 0.430594218
vn -0.013462683 0.002970964 0.999904960
vn -0.013462683 0.002970964 0.999904960
vn -0.013462683 0.002970964 0.999904960
vn -0.013462683 0.002970964 0.999904960
vn -0.013462683 0.002970964 0.999904960
vn -0.013462683 0.002970964 0.999904960
vn -0.013462683 0.002970964 0.999904960
vn -0.013462683 0.002970964 0.999904960
vn -0.013462683 0.002970964 0.999904960
vn -0.013462683 0.002970964 0.999904960
vn -0.013462683 0.002970964 0.999904960
vn -0.013462683 0.002970964 0.999904960
vn -0.013462683 0.002970964 0.999904960
vn -0.013462683 0.002970964 0.999904960
vn -0.013462683 0.002970964 0.999904960
vn -0.013462683 0.002970964 0.999904960
vn -0.013462683 0.002970964 0.999904960
vn -0.013462683 0.002970964 0.999904960
vn -0.013462683 0.002970964 0.999904960
vn -0.013462683 0.002970964 0.999904960
vn -0.013462683 0.002970964 0.999904960
vn -0.013462683 0.002970964 0.999904960
vn -0.013462683 0.002970964 0.999904960
vn -0.013462683 0.002970964 0.999904960
vn -0.013462683 0.002970964 0.999904960
vn -0.013462639 0.002970964 0.999904961
vn -0.013462639 0.002970964 0.999904961
vn -0.013462639 0.002970964 0.999904961
vn -0.013462639 0.002970964 0.999904961
vn -0.013462639 0.002970964 0.999904961
vn -0.013462639 0.002970964 0.999904961
vn -0.013462639 0.002970964 0.999904961
vn -0.013462639 0.002970964 0.999904961
vn -0.013462639 0.002970964 0.999904961
vn -0.013462639 0.002970964 0.999904961
vn -0.013462639 0.002970964 0.999904961
vn -0.013462639 0.002970964 0.999904961
vn -0.013462639 0.002970964 0.999904961
vn -0.013462639 0.002970964 0.999904961
vn -0.013462639 0.002970964 0.999904961
vn -0.013462639 0.002970964 0.999904961
vn -0.013462639 0.002970964 0.999904961
vn -0.013462639 0.002970964 0.999904961
vn -0.013462601 0.002970964 0.999904961
vn -0.013462551 0.002970964 0.999904962
vn -0.013462551 0.002970964 0.999904962
vn -0.013462491 0.002970964 0.999904963
vn -0.013462491 0.002970964 0.999904963
vn -0.013462491 0.002970964 0.999904963
vn -0.013462491 0.002970964 0.999904963
vn -0.013462491 0.002970964 0.999904963
vn -0.013462336 0.002970964 0.999904965
vn -0.013462336 0.002970964 0.999904965
vn -0.013462336 0.002970964 0.999904965
vn -0.013462336 0.002970964 0.999904965
vn -0.013462243 0.002970964 0.999904966
vn -0.013462138 0.002970964 0.999904968
vn -0.013462138 0.002970964 0.999904968
vn -0.013462138 0.002970964 0.999904968
vn -0.013462138 0.002970964 0.999904968
vn -0.013461895 0.002970964 0.999904971
vn -0.013461895 0.002970964 0.999904971
vn -0.013461895 0.002970964 0.999904971
vn -0.013461609 0.002970964 0.999904975
vn -0.013461609 0.002970964 0.999904975
vn -0.013461278 0.002970964 0.999904979
vn -0.013461278 0.002970964 0.999904979
vn -0.013460904 0.002970964 0.999904984
vn -0.013460904 0.002970964 0.999904984
vn -0.013460485 0.002970964 0.999904990
vn -0.013460485 0.002970964 0.999904990
vn -0.013460485 0.002970964 0.999904990
vn -0.013460485 0.002970964 0.999904990
vn -0.013460022 0.002970964 0.999904996
vn -0.013460022 0.002970964 0.999904996
vn -0.013460022 0.002970964 0.999904996
vn -0.013460022 0.002970964 0.999904996
vn -0.013460022 0.002970964 0.999904996
vn -0.013459515 0.002970964 0.999905003
vn -0.013459515 0.002970964 0.999905003
vn -0.013459515 0.002970964 0.999905003
vn -0.013459515 0.002970964 0.999905003
vn -0.013459515 0.002970964 0.999905003
vn -0.013459515 0.002970964 0.999905003
vn -0.013458964 0.002970964 0.999905010
vn -0.013458964 0.002970964 0.999905010
vn -0.013458964 0.002970964 0.999905010
vn -0.013458964 0.002970964 0.999905010
vn -0.013458369 0.002970964 0.999905018
vn -0.013458055 0.002970964 0.999905023
vn -0.013458055 0.002970964 0.999905023
vn -0.013457394 0.002970964 0.999905031
vn -0.013457394 0.002970964 0.999905031
vn -0.013457394 0.002970964 0.999905031
vn -0.013457394 0.002970964 0.999905031
vn -0.013457394 0.002970964 0.999905031
vn -0.013457394 0.002970964 0.999905031
vn -0.013457394 0.002970964 0.999905031
vn -0.013457394 0.002970964 0.999905031
vn -0.013457394 0.002970964 0.999905031
vn -0.013457394 0.002970964 0.999905031
vn -0.013457394 0.002970964 0.999905031
vn -0.013457394 0.002970964 0.999905031
vn -0.013457394 0.002970964 0.999905031
vn -0.013457394 0.002970964 0.999905031
vn -0.013457047 0.002970964 0.999905036
vn -0.013456689 0.002970964 0.999905041
vn -0.013456689 0.002970964 0.999905041
vn -0.013456689 0.002970964 0.999905041
vn -0.013456320 0.002970964 0.999905046
vn -0.013455548 0.002970964 0.999905056
vn -0.013455548 0.002970964 0.999905056
vn -0.013454733 0.002970964 0.999905067
vn -0.013452970 0.002970964 0.999905091
vn -0.013452970 0.002970964 0.999905091
vn -0.013452023 0.002970964 0.999905104
vn -0.013449996 0.002970964 0.999905131
vn -0.013448916 0.002970964 0.999905146
vn -0.013448916 0.002970964 0.999905146
vn -0.013448916 0.002970964 0.999905146
vn -0.013448916 0.002970964 0.999905146
vn -0.013448916 0.002970964 0.999905146
vn -0.013448916 0.002970964 0.999905146
vn -0.013448916 0.002970964 0.999905146
vn -0.013448916 0.002970964 0.999905146
vn -0.013445413 0.002970964 0.999905193
vn -0.013444157 0.002970964 0.999905210
vn -0.013444157 0.002970964 0.999905210
vn -0.013444157 0.002970964 0.999905210
vn -0.013440126 0.002970965 0.999905264
vn -0.013440126 0.002970965 0.999905264
vn -0.013434134 0.002970965 0.999905344
vn -0.013432527 0.002970965 0.999905366
vn -0.013427439 0.002970965 0.999905434
vn -0.013420041 0.002970965 0.999905533
vn -0.013409804 0.002970966 0.999905671
vn -0.013409804 0.002970966 0.999905671
vn -0.013399652 0.002970966 0.999905807
vn -0.013399652 0.002970966 0.999905807
vn -0.013398470 0.002970966 0.999905823
vn -0.013384735 0.002970967 0.999906007
vn -0.013382095 0.002970967 0.999906042
vn -0.013376684 0.002970967 0.999906114
vn -0.013376684 0.002970967 0.999906114
vn -0.013373913 0.002970967 0.999906151
vn -0.013373913 0.002970967 0.999906151
vn -0.013371098 0.002970967 0.999906189
vn -0.013371098 0.002970967 0.999906189
vn -0.013365337 0.002970968 0.999906266
vn -0.013365337 0.002970968 0.999906266
vn -0.013365337 0.002970968 0.999906266
vn -0.013365337 0.002970968 0.999906266
vn -0.013365337 0.002970968 0.999906266
vn -0.013365337 0.002970968 0.999906266
vn -0.013365337 0.002970968 0.999906266
vn -0.013362391 0.002970968 0.999906306
vn -0.013362391 0.002970968 0.999906306
vn -0.013362391 0.002970968 0.999906306
vn -0.013362391 0.002970968 0.999906306
vn -0.013359401 0.002970968 0.999906345
vn -0.013356367 0.002970968 0.999906386
vn -0.013353290 0.002970968 0.999906427
vn -0.013347004 0.002970968 0.999906511
vn -0.013340543 0.002970968 0.999906597
vn -0.013338900 0.002970969 0.999906619
vn -0.013338900 0.002970969 0.999906619
vn -0.013338900 0.002970969 0.999906619
vn -0.013338900 0.002970969 0.999906619
vn -0.013338900 0.002970969 0.999906619
vn -0.013338900 0.002970969 0.999906619
vn -0.013338900 0.002970969 0.999906619
vn -0.013338900 0.002970969 0.999906619
vn -0.013338900 0.002970969 0.999906619
vn -0.013338900 0.002970969 0.999906619
vn -0.013338900 0.002970969 0.999906619
vn -0.013333907 0.002970969 0.999906686
vn -0.013333907 0.002970969 0.999906686
vn -0.013318339 0.002970969 0.999906893
vn -0.013307469 0.002970970 0.999907038
vn -0.013290429 0.002970970 0.999907265
vn -0.013268407 0.002970971 0.999907557
vn -0.013255840 0.002970972 0.999907724
vn -0.013229535 0.002970973 0.999908072
vn -0.013211132 0.002970974 0.999908315
vn -0.013187155 0.002970975 0.999908632
vn -0.013182230 0.002970975 0.999908697
vn -0.013167196 0.002970975 0.999908895
vn -0.013151774 0.002970976 0.999909098
vn -0.013119768 0.002970977 0.999909518
vn -0.013119768 0.002970977 0.999909518
vn -0.013119768 0.002970977 0.999909518
vn -0.013119768 0.002970977 0.999909518
vn -0.013119768 0.002970977 0.999909518
vn -0.013119768 0.002970977 0.999909518
vn -0.013119768 0.002970977 0.999909518
vn -0.013119768 0.002970977 0.999909518
vn -0.013119768 0.002970977 0.999909518
vn -0.013119768 0.002970977 0.999909518
vn -0.013119768 0.002970977 0.999909518
vn -0.013119768 0.002970977 0.999909518
vn -0.013119768 0.002970977 0.999909518
vn -0.013114283 0.002970977 0.999909590
vn -0.013091915 0.002970978 0.999909883
vn -0.013086215 0.002970978 0.999909958
vn -0.013032995 0.002970981 0.999910653
vn -0.013020699 0.002970981 0.999910813
vn -0.013014486 0.002970981 0.999910894
vn -0.012982786 0.002970982 0.999911306
vn -0.012976318 0.002970983 0.999911390
vn -0.012969808 0.002970983 0.999911475
vn -0.012969808 0.002970983 0.999911475
vn -0.012963256 0.002970983 0.999911560
vn -0.012902374 0.002970986 0.999912347
vn -0.012895398 0.002970986 0.999912437
vn -0.012895398 0.002970986 0.999912437
vn -0.012888380 0.002970986 0.999912528
vn -0.012867072 0.002970987 0.999912802
vn -0.012859885 0.002970987 0.999912895
vn -0.012800874 0.002970989 0.999913652
vn -0.012793309 0.002970990 0.999913749
vn -0.012793309 0.002970990 0.999913749
vn -0.012793309 0.002970990 0.999913749
vn -0.012793309 0.002970990 0.999913749
vn -0.012793309 0.002970990 0.999913749
vn -0.012793309 0.002970990 0.999913749
vn -0.012793309 0.002970990 0.999913749
vn -0.012793309 0.002970990 0.999913749
vn -0.012793309 0.002970990 0.999913749
vn -0.012793309 0.002970990 0.999913749
vn -0.012793309 0.002970990 0.999913749
vn -0.012793309 0.002970990 0.999913749
vn -0.012793309 0.002970990 0.999913749
vn -0.012793309 0.002970990 0.999913749
vn -0.012785702 0.002970990 0.999913846
vn -0.012658313 0.002970995 0.999915467
vn -0.012658313 0.002970995 0.999915467
vn -0.012649998 0.002970995 0.999915572
vn -0.012641641 0.002970995 0.999915677
vn -0.012633243 0.002970996 0.999915784
vn -0.012624803 0.002970996 0.999915890
vn -0.012616322 0.002970996 0.999915997
vn -0.012607800 0.002970997 0.999916105
vn -0.012546991 0.002970999 0.999916870
vn -0.012538139 0.002970999 0.999916981
vn -0.012511338 0.002971000 0.999917316
vn -0.012502322 0.002971001 0.999917429
vn -0.012475030 0.002971002 0.999917770
vn -0.012447369 0.002971003 0.999918115
vn -0.012438068 0.002971003 0.999918230
vn -0.012428725 0.002971003 0.999918347
vn -0.012419342 0.002971004 0.999918463
vn -0.012409919 0.002971004 0.999918580
vn -0.012400454 0.002971004 0.999918698
vn -0.012371817 0.002971005 0.999919052
vn -0.012362191 0.002971006 0.999919171
vn -0.012362191 0.002971006 0.999919171
vn -0.012362191 0.002971006 0.999919171
vn -0.012362191 0.002971006 0.999919171
vn -0.012362191 0.002971006 0.999919171
vn -0.012362191 0.002971006 0.999919171
vn -0.012362191 0.002971006 0.999919171
vn -0.012362191 0.002971006 0.999919171
vn -0.012362191 0.002971006 0.999919171
vn -0.012362191 0.002971006 0.999919171
vn -0.012362191 0.002971006 0.999919171
vn -0.012362191 0.002971006 0.999919171
vn -0.012362191 0.002971006 0.999919171
vn -0.012313451 0.002971008 0.999919773
vn -0.012303582 0.002971008 0.999919894
vn -0.012233372 0.002971011 0.999920756
vn -0.012223182 0.002971011 0.999920880
vn -0.012182020 0.002971012 0.999921383
vn -0.012182020 0.002971012 0.999921383
vn -0.012171630 0.002971013 0.999921509
vn -0.012150730 0.002971014 0.999921763
vn -0.012076328 0.002971016 0.999922665
vn -0.012011012 0.002971019 0.999923451
vn -0.011933021 0.002971021 0.999924385
vn -0.011899010 0.002971023 0.999924790
vn -0.011829935 0.002971025 0.999925610
vn -0.011829935 0.002971025 0.999925610
vn -0.011829935 0.002971025 0.999925610
vn -0.011829935 0.002971025 0.999925610
vn -0.011829935 0.002971025 0.999925610
vn -0.011829935 0.002971025 0.999925610
vn -0.011829935 0.002971025 0.999925610
vn -0.011829935 0.002971025 0.999925610
vn -0.011829935 0.002971025 0.999925610
vn -0.011829935 0.002971025 0.999925610
vn -0.011829935 0.002971025 0.999925610
vn -0.011829935 0.002971025 0.999925610
vn -0.011783111 0.002971027 0.999926163
vn -0.011771308 0.002971027 0.999926302
vn -0.011735668 0.002971028 0.999926721
vn -0.011723712 0.002971029 0.999926861
vn -0.011687611 0.002971030 0.999927284
vn -0.011687611 0.002971030 0.999927284
vn -0.011675501 0.002971030 0.999927425
vn -0.011675501 0.002971030 0.999927425
vn -0.011651166 0.002971031 0.999927709
vn -0.011564794 0.002971034 0.999928712
vn -0.011552304 0.002971035 0.999928856
vn -0.011501963 0.002971036 0.999929436
vn -0.011489284 0.002971037 0.999929582
vn -0.011438190 0.002971039 0.999930168
vn -0.011347336 0.002971042 0.999931203
vn -0.011307841 0.002971043 0.999931650
vn -0.011294601 0.002971043 0.999931800
vn -0.011281325 0.002971044 0.999931950
vn -0.011241274 0.002971045 0.999932401
vn -0.011200892 0.002971046 0.999932854
vn -0.011200892 0.002971046 0.999932854
vn -0.011200892 0.002971046 0.999932854
vn -0.011200892 0.002971046 0.999932854
vn -0.011200892 0.002971046 0.999932854
vn -0.011200892 0.002971046 0.999932854
vn -0.011200892 0.002971046 0.999932854
vn -0.011200892 0.002971046 0.999932854
vn -0.011200892 0.002971046 0.999932854
vn -0.011200892 0.002971046 0.999932854
vn -0.011200892 0.002971046 0.999932854
vn -0.011200892 0.002971046 0.999932854
vn -0.011187358 0.002971047 0.999933006
vn -0.011173788 0.002971047 0.999933157
vn -0.011160180 0.002971048 0.999933309
vn -0.011160180 0.002971048 0.999933309
vn -0.011146536 0.002971048 0.999933462
vn -0.011105386 0.002971050 0.999933919
vn -0.011063908 0.002971051 0.999934379
vn -0.011050010 0.002971051 0.999934533
vn -0.011022104 0.002971052 0.999934841
vn -0.011008097 0.002971053 0.999934995
vn -0.010994054 0.002971053 0.999935150
vn -0.010965861 0.002971054 0.999935459
vn -0.010951710 0.002971055 0.999935614
vn -0.010894748 0.002971057 0.999936237
vn -0.010866053 0.002971057 0.999936549
vn -0.010851652 0.002971058 0.999936705
vn -0.010851652 0.002971058 0.999936705
vn -0.010808236 0.002971059 0.999937175
vn -0.010735169 0.002971062 0.999937963
vn -0.010690907 0.002971063 0.999938437
vn -0.010631400 0.002971065 0.999939071
vn -0.010601438 0.002971066 0.999939389
vn -0.010556234 0.002971067 0.999939868
vn -0.010525925 0.002971068 0.999940187
vn -0.010510719 0.002971069 0.999940347
vn -0.010480203 0.002971070 0.999940667
vn -0.010480203 0.002971070 0.999940667
vn -0.010480203 0.002971070 0.999940667
vn -0.010480203 0.002971070 0.999940667
vn -0.010480203 0.002971070 0.999940667
vn -0.010480203 0.002971070 0.999940667
vn -0.010480203 0.002971070 0.999940667
vn -0.010480203 0.002971070 0.999940667
vn -0.010480203 0.002971070 0.999940667
vn -0.010480203 0.002971070 0.999940667
vn -0.010480203 0.002971070 0.999940667
vn -0.010480203 0.002971070 0.999940667
vn -0.010418760 0.002971072 0.999941309
vn -0.010372320 0.002971073 0.999941792
vn -0.010341189 0.002971074 0.999942115
vn -0.010294240 0.002971075 0.999942599
vn -0.010278523 0.002971076 0.999942761
vn -0.010262772 0.002971076 0.999942922
vn -0.010262772 0.002971076 0.999942922
vn -0.010246987 0.002971077 0.999943084
vn -0.010215317 0.002971078 0.999943408
vn -0.010215317 0.002971078 0.999943408
vn -0.010167562 0.002971079 0.999943895
vn -0.010071153 0.002971082 0.999944871
vn -0.010054969 0.002971083 0.999945034
vn -0.010038752 0.002971083 0.999945197
vn -0.010022503 0.002971084 0.999945360
vn -0.009940763 0.002971086 0.999946175
vn -0.009924317 0.002971087 0.999946339
vn -0.009673759 0.002971094 0.999948794
vn -0.009673759 0.002971094 0.999948794
vn -0.009673759 0.002971094 0.999948794
vn -0.009673759 0.002971094 0.999948794
vn -0.009673759 0.002971094 0.999948794
vn -0.009673759 0.002971094 0.999948794
vn -0.009673759 0.002971094 0.999948794
vn -0.009673759 0.002971094 0.999948794
vn -0.009673759 0.002971094 0.999948794
vn -0.009673759 0.002971094 0.999948794
vn -0.009673759 0.002971094 0.999948794
vn -0.009673759 0.002971094 0.999948794
vn -0.009656799 0.002971094 0.999948958
vn -0.009639808 0.002971095 0.999949122
vn -0.009622786 0.002971095 0.999949286
vn -0.009605732 0.002971096 0.999949450
vn -0.009537201 0.002971098 0.999950106
vn -0.009519990 0.002971098 0.999950270
vn -0.009398644 0.002971102 0.999951418
vn -0.009381185 0.002971102 0.999951582
vn -0.009275789 0.002971105 0.999952565
vn -0.009258116 0.002971106 0.999952729
vn -0.009007541 0.002971112 0.999955017
vn -0.008989420 0.002971113 0.999955180
vn -0.008971269 0.002971113 0.999955343
vn -0.008953088 0.002971114 0.999955506
vn -0.008788153 0.002971118 0.999956969
vn -0.008788153 0.002971118 0.999956969
vn -0.008788153 0.002971118 0.999956969
vn -0.008788153 0.002971118 0.999956969
vn -0.008788153 0.002971118 0.999956969
vn -0.008788153 0.002971118 0.999956969
vn -0.008788153 0.002971118 0.999956969
vn -0.008788153 0.002971118 0.999956969
vn -0.008788153 0.002971118 0.999956969
vn -0.008788153 0.002971118 0.999956969
vn -0.008788153 0.002971118 0.999956969
vn -0.008788153 0.002971118 0.999956969
vn -0.008788153 0.002971118 0.999956969
vn -0.008751183 0.002971119 0.999957294
vn -0.008732655 0.002971120 0.999957456
vn -0.008714098 0.002971120 0.999957618
vn -0.008695513 0.002971121 0.999957779
vn -0.008451333 0.002971127 0.999959873
vn -0.008375253 0.002971129 0.999960513
vn -0.008337048 0.002971130 0.999960832
vn -0.008317905 0.002971130 0.999960992
vn -0.008241059 0.002971132 0.999961628
vn -0.008221780 0.002971132 0.999961787
vn -0.007830629 0.002971142 0.999964926
vn -0.007830629 0.002971142 0.999964926
vn -0.007830629 0.002971142 0.999964926
vn -0.007830629 0.002971142 0.999964926
vn -0.007830629 0.002971142 0.999964926
vn -0.007830629 0.002971142 0.999964926
vn -0.007830629 0.002971142 0.999964926
vn -0.007830629 0.002971142 0.999964926
vn -0.007830629 0.002971142 0.999964926
vn -0.007830629 0.002971142 0.999964926
vn -0.007830629 0.002971142 0.999964926
vn -0.007830629 0.002971142 0.999964926
vn -0.007771059 0.002971143 0.999965391
vn -0.007751151 0.002971144 0.999965545
vn -0.007731218 0.002971144 0.999965700
vn -0.007711260 0.002971145 0.999965854
vn -0.007711260 0.002971145 0.999965854
vn -0.007691276 0.002971145 0.999966008
vn -0.007631174 0.002971146 0.999966468
vn -0.007611090 0.002971147 0.999966621
vn -0.007590980 0.002971147 0.999966774
vn -0.007469806 0.002971150 0.999967687
vn -0.007018073 0.002971160 0.999970959
vn -0.006934723 0.002971161 0.999971541
vn -0.006809018 0.002971164 0.999972404
vn -0.006809018 0.002971164 0.999972404
vn -0.006809018 0.002971164 0.999972404
vn -0.006809018 0.002971164 0.999972404
vn -0.006809018 0.002971164 0.999972404
vn -0.006809018 0.002971164 0.999972404
vn -0.006809018 0.002971164 0.999972404
vn -0.006809018 0.002971164 0.999972404
vn -0.006809018 0.002971164 0.999972404
vn -0.006809018 0.002971164 0.999972404
vn -0.006809018 0.002971164 0.999972404
vn -0.006809018 0.002971164 0.999972404
vn -0.006787989 0.002971164 0.999972547
vn -0.006766937 0.002971165 0.999972690
vn -0.006745863 0.002971165 0.999972832
vn -0.006491275 0.002971170 0.999974517
vn -0.006448542 0.002971171 0.999974794
vn -0.006319840 0.002971174 0.999975616
vn -0.006255209 0.002971175 0.999976022
vn -0.006081961 0.002971178 0.999977091
vn -0.006060215 0.002971178 0.999977223
vn -0.006060215 0.002971178 0.999977223
vn -0.006038449 0.002971179 0.999977354
vn -0.005973032 0.002971180 0.999977747
vn -0.005951187 0.002971180 0.999977877
vn -0.005863613 0.002971182 0.999978395
vn -0.005841672 0.002971182 0.999978523
vn -0.005753714 0.002971184 0.999979033
vn -0.005731678 0.002971184 0.999979160
vn -0.005731678 0.002971184 0.999979160
vn -0.005731678 0.002971184 0.999979160
vn -0.005731678 0.002971184 0.999979160
vn -0.005731678 0.002971184 0.999979160
vn -0.005731678 0.002971184 0.999979160
vn -0.005731678 0.002971184 0.999979160
vn -0.005731678 0.002971184 0.999979160
vn -0.005731678 0.002971184 0.999979160
vn -0.005731678 0.002971184 0.999979160
vn -0.005731678 0.002971184 0.999979160
vn -0.005731678 0.002971184 0.999979160
vn -0.005731678 0.002971184 0.999979160
vn -0.005599066 0.002971186 0.999979911
vn -0.005576900 0.002971187 0.999980035
vn -0.005554715 0.002971187 0.999980158
vn -0.005532512 0.002971187 0.999980281
vn -0.005488051 0.002971188 0.999980526
vn -0.005465794 0.002971189 0.999980648
vn -0.005331878 0.002971191 0.999981371
vn -0.005309497 0.002971191 0.999981490
vn -0.004949085 0.002971197 0.999983339
vn -0.004926418 0.002971197 0.999983451
vn -0.004926418 0.002971197 0.999983451
vn -0.004903735 0.002971197 0.999983563
vn -0.004903735 0.002971197 0.999983563
vn -0.004835590 0.002971198 0.999983894
vn -0.004721700 0.002971200 0.999984439
vn -0.004698875 0.002971200 0.999984546
vn -0.004607423 0.002971201 0.999984972
vn -0.004607423 0.002971201 0.999984972
vn -0.004607423 0.002971201 0.999984972
vn -0.004607423 0.002971201 0.999984972
vn -0.004607423 0.002971201 0.999984972
vn -0.004607423 0.002971201 0.999984972
vn -0.004607423 0.002971201 0.999984972
vn -0.004607423 0.002971201 0.999984972
vn -0.004607423 0.002971201 0.999984972
vn -0.004607423 0.002971201 0.999984972
vn -0.004607423 0.002971201 0.999984972
vn -0.004607423 0.002971201 0.999984972
vn -0.004169808 0.002971207 0.999986892
vn -0.004123448 0.002971208 0.999987084
vn -0.004100247 0.002971208 0.999987180
vn -0.004077033 0.002971208 0.999987275
vn -0.004053806 0.002971208 0.999987369
vn -0.003914165 0.002971210 0.999987926
vn -0.003797445 0.002971211 0.999988376
vn -0.003703844 0.002971213 0.999988727
vn -0.003680413 0.002971213 0.999988813
vn -0.003656970 0.002971213 0.999988899
vn -0.003469003 0.002971215 0.999989569
vn -0.003445455 0.002971215 0.999989650
vn -0.003445455 0.002971215 0.999989650
vn -0.003445455 0.002971215 0.999989650
vn -0.003445455 0.002971215 0.999989650
vn -0.003445455 0.002971215 0.999989650
vn -0.003445455 0.002971215 0.999989650
vn -0.003445455 0.002971215 0.999989650
vn -0.003445455 0.002971215 0.999989650
vn -0.003445455 0.002971215 0.999989650
vn -0.003445455 0.002971215 0.999989650
vn -0.003445455 0.002971215 0.999989650
vn -0.003445455 0.002971215 0.999989650
vn -0.003374744 0.002971216 0.999989891
vn -0.003351151 0.002971216 0.999989971
vn -0.003327548 0.002971216 0.999990050
vn -0.003303933 0.002971217 0.999990128
vn -0.003067206 0.002971219 0.999990882
vn -0.003043477 0.002971219 0.999990955
vn -0.002995988 0.002971220 0.999991098
vn -0.002948461 0.002971220 0.999991239
vn -0.002734117 0.002971222 0.999991848
vn -0.002734117 0.002971222 0.999991848
vn -0.002710255 0.002971222 0.999991913
vn -0.002638617 0.002971223 0.999992105
vn -0.002566900 0.002971223 0.999992291
vn -0.002542978 0.002971223 0.999992353
vn -0.002423243 0.002971224 0.999992650
vn -0.002399272 0.002971224 0.999992708
vn -0.002279300 0.002971225 0.999992988
vn -0.002255283 0.002971225 0.999993043
vn -0.002255283 0.002971225 0.999993043
vn -0.002255283 0.002971225 0.999993043
vn -0.002255283 0.002971225 0.999993043
vn -0.002255283 0.002971225 0.999993043
vn -0.002255283 0.002971225 0.999993043
vn -0.002255283 0.002971225 0.999993043
vn -0.002255283 0.002971225 0.999993043
vn -0.002255283 0.002971225 0.999993043
vn -0.002255283 0.002971225 0.999993043
vn -0.002255283 0.002971225 0.999993043
vn -0.002255283 0.002971225 0.999993043
vn -0.002255283 0.002971225 0.999993043
vn -0.002135088 0.002971226 0.999993307
vn -0.002062886 0.002971227 0.999993458
vn -0.002038806 0.002971227 0.999993508
vn -0.001942416 0.002971227 0.999993699
vn -0.001894183 0.002971228 0.999993792
vn -0.001894183 0.002971228 0.999993792
vn -0.001845925 0.002971228 0.999993882
vn -0.001749338 0.002971228 0.999994056
vn -0.001531687 0.002971229 0.999994413
vn -0.001434820 0.002971230 0.999994557
vn -0.001434820 0.002971230 0.999994557
vn -0.001410591 0.002971230 0.999994591
vn -0.001337877 0.002971230 0.999994691
vn -0.001313631 0.002971230 0.999994723
vn -0.001192334 0.002971231 0.999994875
vn -0.001168062 0.002971231 0.999994904
vn -0.001095225 0.002971231 0.999994986
vn -0.001070939 0.002971231 0.999995012
vn -0.001046649 0.002971231 0.999995038
vn -0.001046649 0.002971231 0.999995038
vn -0.001046649 0.002971231 0.999995038
vn -0.001046649 0.002971231 0.999995038
vn -0.001046649 0.002971231 0.999995038
vn -0.001046649 0.002971231 0.999995038
vn -0.001046649 0.002971231 0.999995038
vn -0.001046649 0.002971231 0.999995038
vn -0.001046649 0.002971231 0.999995038
vn -0.001046649 0.002971231 0.999995038
vn -0.001046649 0.002971231 0.999995038
vn -0.001046649 0.002971231 0.999995038
vn -0.000803576 0.002971232 0.999995263
vn -0.000779253 0.002971232 0.999995282
vn -0.000779253 0.002971232 0.999995282
vn -0.000706269 0.002971232 0.999995336
vn -0.000681936 0.002971232 0.999995353
vn -0.000462849 0.002971233 0.999995479
vn -0.000462849 0.002971233 0.999995479
vn -0.000438497 0.002971233 0.999995490
vn -0.000438497 0.002971233 0.999995490
vn 0.000170552 0.002971233 0.999995571
vn 0.000170552 0.002971233 0.999995571
vn 0.000170552 0.002971233 0.999995571
vn 0.000170552 0.002971233 0.999995571
vn 0.000170552 0.002971233 0.999995571
vn 0.000170552 0.002971233 0.999995571
vn 0.000170552 0.002971233 0.999995571
vn 0.000170552 0.002971233 0.999995571
vn 0.000170552 0.002971233 0.999995571
vn 0.000170552 0.002971233 0.999995571
vn 0.000170552 0.002971233 0.999995571
vn 0.000170552 0.002971233 0.999995571
vn 0.000219278 0.002971233 0.999995562
vn 0.000243639 0.002971233 0.999995556
vn 0.000730599 0.002971232 0.999995319
vn 0.000754927 0.002971232 0.999995301
vn 0.000900841 0.002971232 0.999995180
vn 0.000925150 0.002971232 0.999995158
vn 0.000925150 0.002971232 0.999995158
vn 0.000998059 0.002971231 0.999995088
vn 0.001192334 0.002971231 0.999994875
vn 0.001216601 0.002971231 0.999994846
vn 0.001386358 0.002971230 0.999994625
vn 0.001386358 0.002971230 0.999994625
vn 0.001386358 0.002971230 0.999994625
vn 0.001386358 0.002971230 0.999994625
vn 0.001386358 0.002971230 0.999994625
vn 0.001386358 0.002971230 0.999994625
vn 0.001386358 0.002971230 0.999994625
vn 0.001386358 0.002971230 0.999994625
vn 0.001386358 0.002971230 0.999994625
vn 0.001386358 0.002971230 0.999994625
vn 0.001386358 0.002971230 0.999994625
vn 0.001386358 0.002971230 0.999994625
vn 0.001773493 0.002971228 0.999994013
vn 0.001821787 0.002971228 0.999993926
vn 0.001845925 0.002971228 0.999993882
vn 0.001845925 0.002971228 0.999993882
vn 0.001942416 0.002971227 0.999993699
vn 0.002159141 0.002971226 0.999993255
vn 0.002279300 0.002971225 0.999992988
vn 0.002351306 0.002971225 0.999992822
vn 0.002375293 0.002971225 0.999992765
vn 0.002399272 0.002971224 0.999992708
vn 0.002423243 0.002971224 0.999992650
vn 0.002519047 0.002971223 0.999992413
vn 0.002542978 0.002971223 0.999992353
vn 0.002590814 0.002971223 0.999992230
vn 0.002590814 0.002971223 0.999992230
vn 0.002590814 0.002971223 0.999992230
vn 0.002590814 0.002971223 0.999992230
vn 0.002590814 0.002971223 0.999992230
vn 0.002590814 0.002971223 0.999992230
vn 0.002590814 0.002971223 0.999992230
vn 0.002590814 0.002971223 0.999992230
vn 0.002590814 0.002971223 0.999992230
vn 0.002590814 0.002971223 0.999992230
vn 0.002590814 0.002971223 0.999992230
vn 0.002590814 0.002971223 0.999992230
vn 0.002590814 0.002971223 0.999992230
vn 0.002614720 0.002971223 0.999992168
vn 0.002686384 0.002971222 0.999991978
vn 0.002900894 0.002971220 0.999991378
vn 0.002900894 0.002971220 0.999991378
vn 0.002924682 0.002971220 0.999991309
vn 0.002924682 0.002971220 0.999991309
vn 0.003019737 0.002971219 0.999991026
vn 0.003043477 0.002971219 0.999990955
vn 0.003114634 0.002971218 0.999990735
vn 0.003162022 0.002971218 0.999990587
vn 0.003303933 0.002971217 0.999990128
vn 0.003327548 0.002971216 0.999990050
vn 0.003421896 0.002971215 0.999989731
vn 0.003445455 0.002971215 0.999989650
vn 0.003539578 0.002971214 0.999989322
vn 0.003563080 0.002971214 0.999989238
vn 0.003586570 0.002971214 0.999989154
vn 0.003774063 0.002971212 0.999988464
vn 0.003774063 0.002971212 0.999988464
vn 0.003774063 0.002971212 0.999988464
vn 0.003774063 0.002971212 0.999988464
vn 0.003774063 0.002971212 0.999988464
vn 0.003774063 0.002971212 0.999988464
vn 0.003774063 0.002971212 0.999988464
vn 0.003774063 0.002971212 0.999988464
vn 0.003774063 0.002971212 0.999988464
vn 0.003774063 0.002971212 0.999988464
vn 0.003774063 0.002971212 0.999988464
vn 0.003774063 0.002971212 0.999988464
vn 0.003797445 0.002971211 0.999988376
vn 0.003844171 0.002971211 0.999988197
vn 0.003890846 0.002971210 0.999988017
vn 0.004007311 0.002971209 0.999987557
vn 0.004030565 0.002971209 0.999987463
vn 0.004030565 0.002971209 0.999987463
vn 0.004169808 0.002971207 0.999986892
vn 0.004192968 0.002971207 0.999986795
vn 0.004216114 0.002971206 0.999986698
vn 0.004239247 0.002971206 0.999986600
vn 0.004400780 0.002971204 0.999985902
vn 0.004423799 0.002971204 0.999985801
vn 0.004492769 0.002971203 0.999985493
vn 0.004561606 0.002971202 0.999985182
vn 0.004653180 0.002971201 0.999984760
vn 0.004835590 0.002971198 0.999983894
vn 0.004926418 0.002971197 0.999983451
vn 0.004926418 0.002971197 0.999983451
vn 0.004926418 0.002971197 0.999983451
vn 0.004926418 0.002971197 0.999983451
vn 0.004926418 0.002971197 0.999983451
vn 0.004926418 0.002971197 0.999983451
vn 0.004926418 0.002971197 0.999983451
vn 0.004926418 0.002971197 0.999983451
vn 0.004926418 0.002971197 0.999983451
vn 0.004926418 0.002971197 0.999983451
vn 0.004926418 0.002971197 0.999983451
vn 0.004926418 0.002971197 0.999983451
vn 0.004926418 0.002971197 0.999983451
vn 0.005016987 0.002971195 0.999983001
vn 0.005376587 0.002971190 0.999981132
vn 0.005398915 0.002971190 0.999981012
vn 0.005488051 0.002971188 0.999980526
vn 0.005488051 0.002971188 0.999980526
vn 0.005510291 0.002971188 0.999980404
vn 0.005554715 0.002971187 0.999980158
vn 0.005775732 0.002971183 0.999978906
vn 0.005797731 0.002971183 0.999978779
vn 0.005841672 0.002971182 0.999978523
vn 0.005841672 0.002971182 0.999978523
vn 0.005863613 0.002971182 0.999978395
vn 0.005973032 0.002971180 0.999977747
vn 0.005994857 0.002971179 0.999977617
vn 0.006016663 0.002971179 0.999977486
vn 0.006038449 0.002971179 0.999977354
vn 0.006038449 0.002971179 0.999977354
vn 0.006038449 0.002971179 0.999977354
vn 0.006038449 0.002971179 0.999977354
vn 0.006038449 0.002971179 0.999977354
vn 0.006038449 0.002971179 0.999977354
vn 0.006038449 0.002971179 0.999977354
vn 0.006038449 0.002971179 0.999977354
vn 0.006038449 0.002971179 0.999977354
vn 0.006038449 0.002971179 0.999977354
vn 0.006038449 0.002971179 0.999977354
vn 0.006038449 0.002971179 0.999977354
vn 0.006125394 0.002971177 0.999976826
vn 0.006179572 0.002971176 0.999976492
vn 0.006179572 0.002971176 0.999976492
vn 0.006212018 0.002971176 0.999976291
vn 0.006512609 0.002971170 0.999974379
vn 0.006618959 0.002971168 0.999973680
vn 0.006724768 0.002971166 0.999972974
vn 0.006809018 0.002971164 0.999972404
vn 0.006830025 0.002971164 0.999972261
vn 0.006851010 0.002971163 0.999972118
vn 0.006871972 0.002971163 0.999971974
vn 0.006913829 0.002971162 0.999971685
vn 0.006934723 0.002971161 0.999971541
vn 0.006997270 0.002971160 0.999971105
vn 0.007018073 0.002971160 0.999970959
vn 0.007101055 0.002971158 0.999970373
vn 0.007101055 0.002971158 0.999970373
vn 0.007101055 0.002971158 0.999970373
vn 0.007101055 0.002971158 0.999970373
vn 0.007101055 0.002971158 0.999970373
vn 0.007101055 0.002971158 0.999970373
vn 0.007101055 0.002971158 0.999970373
vn 0.007101055 0.002971158 0.999970373
vn 0.007101055 0.002971158 0.999970373
vn 0.007101055 0.002971158 0.999970373
vn 0.007101055 0.002971158 0.999970373
vn 0.007101055 0.002971158 0.999970373
vn 0.007121743 0.002971158 0.999970226
vn 0.007368154 0.002971152 0.999968441
vn 0.007388533 0.002971152 0.999968290
vn 0.007388533 0.002971152 0.999968290
vn 0.007408888 0.002971151 0.999968140
vn 0.007449524 0.002971150 0.999967838
vn 0.007469806 0.002971150 0.999967687
vn 0.007490063 0.002971150 0.999967535
vn 0.007510296 0.002971149 0.999967383
vn 0.007530504 0.002971149 0.999967231
vn 0.007550688 0.002971148 0.999967079
vn 0.007711260 0.002971145 0.999965854
vn 0.007790941 0.002971143 0.999965236
vn 0.007909697 0.002971140 0.999964304
vn 0.008105543 0.002971135 0.999962736
vn 0.008105543 0.002971135 0.999962736
vn 0.008105543 0.002971135 0.999962736
vn 0.008105543 0.002971135 0.999962736
vn 0.008105543 0.002971135 0.999962736
vn 0.008105543 0.002971135 0.999962736
vn 0.008105543 0.002971135 0.999962736
vn 0.008105543 0.002971135 0.999962736
vn 0.008105543 0.002971135 0.999962736
vn 0.008105543 0.002971135 0.999962736
vn 0.008105543 0.002971135 0.999962736
vn 0.008105543 0.002971135 0.999962736
vn 0.008124983 0.002971135 0.999962578
vn 0.008144396 0.002971134 0.999962420
vn 0.008202475 0.002971133 0.999961945
vn 0.008221780 0.002971132 0.999961787
vn 0.008298734 0.002971131 0.999961151
vn 0.008413348 0.002971128 0.999960193
vn 0.008413348 0.002971128 0.999960193
vn 0.008432354 0.002971127 0.999960033
vn 0.008545809 0.002971124 0.999959070
vn 0.008620887 0.002971122 0.999958426
vn 0.008880075 0.002971116 0.999956157
vn 0.008953088 0.002971114 0.999955506
vn 0.009025633 0.002971112 0.999954854
vn 0.009043695 0.002971111 0.999954691
vn 0.009043695 0.002971111 0.999954691
vn 0.009043695 0.002971111 0.999954691
vn 0.009043695 0.002971111 0.999954691
vn 0.009043695 0.002971111 0.999954691
vn 0.009043695 0.002971111 0.999954691
vn 0.009043695 0.002971111 0.999954691
vn 0.009043695 0.002971111 0.999954691
vn 0.009043695 0.002971111 0.999954691
vn 0.009043695 0.002971111 0.999954691
vn 0.009043695 0.002971111 0.999954691
vn 0.009043695 0.002971111 0.999954691
vn 0.009043695 0.002971111 0.999954691
vn 0.009133562 0.002971109 0.999953874
vn 0.009222680 0.002971107 0.999953056
vn 0.009381185 0.002971102 0.999951582
vn 0.009468170 0.002971100 0.999950762
vn 0.009468170 0.002971100 0.999950762
vn 0.009485475 0.002971099 0.999950598
vn 0.009537201 0.002971098 0.999950106
vn 0.009554381 0.002971097 0.999949942
vn 0.009605732 0.002971096 0.999949450
vn 0.009622786 0.002971095 0.999949286
vn 0.009622786 0.002971095 0.999949286
vn 0.009639808 0.002971095 0.999949122
vn 0.009707583 0.002971093 0.999948466
vn 0.009824961 0.002971089 0.999947320
vn 0.009841601 0.002971089 0.999947156
vn 0.009874785 0.002971088 0.999946829
vn 0.009891328 0.002971088 0.999946666
vn 0.009907839 0.002971087 0.999946502
vn 0.009907839 0.002971087 0.999946502
vn 0.009907839 0.002971087 0.999946502
vn 0.009907839 0.002971087 0.999946502
vn 0.009907839 0.002971087 0.999946502
vn 0.009907839 0.002971087 0.999946502
vn 0.009907839 0.002971087 0.999946502
vn 0.009907839 0.002971087 0.999946502
vn 0.009907839 0.002971087 0.999946502
vn 0.009907839 0.002971087 0.999946502
vn 0.009907839 0.002971087 0.999946502
vn 0.009907839 0.002971087 0.999946502
vn 0.009907839 0.002971087 0.999946502
vn 0.009907839 0.002971087 0.999946502
vn 0.009989905 0.002971085 0.999945686
vn 0.010119507 0.002971081 0.999944383
vn 0.010199432 0.002971078 0.999943571
vn 0.010309924 0.002971075 0.999942437
vn 0.010403314 0.002971072 0.999941470
vn 0.010449550 0.002971071 0.999940988
vn 0.010464894 0.002971070 0.999940828
vn 0.010556234 0.002971067 0.999939868
vn 0.010571336 0.002971067 0.999939708
vn 0.010571336 0.002971067 0.999939708
vn 0.010601438 0.002971066 0.999939389
vn 0.010616436 0.002971065 0.999939230
vn 0.010616436 0.002971065 0.999939230
vn 0.010690907 0.002971063 0.999938437
vn 0.010690907 0.002971063 0.999938437
vn 0.010690907 0.002971063 0.999938437
vn 0.010690907 0.002971063 0.999938437
vn 0.010690907 0.002971063 0.999938437
vn 0.010690907 0.002971063 0.999938437
vn 0.010690907 0.002971063 0.999938437
vn 0.010690907 0.002971063 0.999938437
vn 0.010690907 0.002971063 0.999938437
vn 0.010690907 0.002971063 0.999938437
vn 0.010690907 0.002971063 0.999938437
vn 0.010690907 0.002971063 0.999938437
vn 0.010690907 0.002971063 0.999938437
vn 0.010705696 0.002971063 0.999938279
vn 0.010749853 0.002971061 0.999937805
vn 0.010764502 0.002971061 0.999937647
vn 0.010880419 0.002971057 0.999936393
vn 0.010894748 0.002971057 0.999936237
vn 0.010965861 0.002971054 0.999935459
vn 0.010994054 0.002971053 0.999935150
vn 0.011015105 0.002971053 0.999934918
vn 0.011015105 0.002971053 0.999934918
vn 0.011015105 0.002971053 0.999934918
vn 0.011022104 0.002971052 0.999934841
vn 0.011029094 0.002971052 0.999934764
vn 0.011029094 0.002971052 0.999934764
vn 0.011029094 0.002971052 0.999934764
vn 0.011029094 0.002971052 0.999934764
vn 0.011029094 0.002971052 0.999934764
vn 0.011029094 0.002971052 0.999934764
vn 0.011029094 0.002971052 0.999934764
vn 0.011029094 0.002971052 0.999934764
vn 0.011029094 0.002971052 0.999934764
vn 0.011029094 0.002971052 0.999934764
vn 0.011029094 0.002971052 0.999934764
vn 0.011029094 0.002971052 0.999934764
vn 0.011029094 0.002971052 0.999934764
vn 0.011029094 0.002971052 0.999934764
vn 0.011029094 0.002971052 0.999934764
vn 0.011029094 0.002971052 0.999934764
vn 0.011029094 0.002971052 0.999934764
vn 0.011029094 0.002971052 0.999934764
vn 0.011029094 0.002971052 0.999934764
vn 0.011029094 0.002971052 0.999934764
vn 0.011029094 0.002971052 0.999934764
vn 0.011029094 0.002971052 0.999934764
vn 0.011029094 0.002971052 0.999934764
vn 0.011029094 0.002971052 0.999934764
vn 0.011029094 0.002971052 0.999934764
vn 0.011043047 0.002971052 0.999934610
vn 0.011043047 0.002971052 0.999934610
vn 0.011043047 0.002971052 0.999934610
vn 0.011043047 0.002971052 0.999934610
vn 0.011043047 0.002971052 0.999934610
vn 0.011043047 0.002971052 0.999934610
vn 0.011043047 0.002971052 0.999934610
vn 0.011043047 0.002971052 0.999934610
vn 0.011043047 0.002971052 0.999934610
vn 0.011043047 0.002971052 0.999934610
vn 0.011043047 0.002971052 0.999934610
vn 0.011043047 0.002971052 0.999934610
vn 0.011043047 0.002971052 0.999934610
vn 0.011043047 0.002971052 0.999934610
vn 0.011056963 0.002971051 0.999934456
vn 0.011056963 0.002971051 0.999934456
vn 0.011056963 0.002971051 0.999934456
vn 0.011070844 0.002971051 0.999934302
vn 0.011077770 0.002971051 0.999934226
vn 0.011077770 0.002971051 0.999934226
vn 0.011077770 0.002971051 0.999934226
vn 0.011077770 0.002971051 0.999934226
vn 0.011077770 0.002971051 0.999934226
vn 0.011077770 0.002971051 0.999934226
vn 0.011077770 0.002971051 0.999934226
vn 0.011091596 0.002971050 0.999934073
vn 0.011091596 0.002971050 0.999934073
vn 0.011091596 0.002971050 0.999934073
vn 0.011091596 0.002971050 0.999934073
vn 0.011091596 0.002971050 0.999934073
vn 0.011091596 0.002971050 0.999934073
vn 0.011091596 0.002971050 0.999934073
vn 0.011091596 0.002971050 0.999934073
vn 0.011091596 0.002971050 0.999934073
vn 0.011105386 0.002971050 0.999933919
vn 0.011105386 0.002971050 0.999933919
vn 0.011105386 0.002971050 0.999933919
vn 0.011105386 0.002971050 0.999933919
vn 0.011105386 0.002971050 0.999933919
vn 0.011105386 0.002971050 0.999933919
vn 0.011105386 0.002971050 0.999933919
vn 0.011105386 0.002971050 0.999933919
vn 0.011119139 0.002971049 0.999933767
vn 0.011119139 0.002971049 0.999933767
vn 0.011119139 0.002971049 0.999933767
vn 0.011119139 0.002971049 0.999933767
vn 0.011119139 0.002971049 0.999933767
vn 0.011119139 0.002971049 0.999933767
vn 0.011119139 0.002971049 0.999933767
vn 0.011132856 0.002971049 0.999933614
vn 0.011132856 0.002971049 0.999933614
vn 0.011132856 0.002971049 0.999933614
vn 0.011132856 0.002971049 0.999933614
vn 0.011132856 0.002971049 0.999933614
vn 0.011132856 0.002971049 0.999933614
vn 0.011132856 0.002971049 0.999933614
vn 0.011132856 0.002971049 0.999933614
vn 0.011132856 0.002971049 0.999933614
vn 0.011132856 0.002971049 0.999933614
vn 0.011132856 0.002971049 0.999933614
vn 0.011139701 0.002971049 0.999933538
vn 0.011139701 0.002971049 0.999933538
vn 0.011146536 0.002971048 0.999933462
vn 0.011146536 0.002971048 0.999933462
vn 0.011146536 0.002971048 0.999933462
vn 0.011146536 0.002971048 0.999933462
vn 0.011146536 0.002971048 0.999933462
vn 0.011153363 0.002971048 0.999933385
vn 0.011160180 0.002971048 0.999933309
vn 0.011160180 0.002971048 0.999933309
vn 0.011160180 0.002971048 0.999933309
vn 0.011160180 0.002971048 0.999933309
vn 0.011160180 0.002971048 0.999933309
vn 0.011160180 0.002971048 0.999933309
vn 0.011160180 0.002971048 0.999933309
vn 0.011173788 0.002971047 0.999933157
vn 0.011173788 0.002971047 0.999933157
vn 0.011173788 0.002971047 0.999933157
vn 0.011187358 0.002971047 0.999933006
vn 0.011187358 0.002971047 0.999933006
vn 0.011187358 0.002971047 0.999933006
vn 0.011187358 0.002971047 0.999933006
vn 0.011187358 0.002971047 0.999933006
vn 0.011194130 0.002971047 0.999932930
vn 0.011194130 0.002971047 0.999932930
vn 0.011200892 0.002971046 0.999932854
vn 0.011200892 0.002971046 0.999932854
vn 0.011200892 0.002971046 0.999932854
vn 0.011200892 0.002971046 0.999932854
vn 0.011200892 0.002971046 0.999932854
vn 0.011207646 0.002971046 0.999932779
vn 0.011207646 0.002971046 0.999932779
vn 0.011214390 0.002971046 0.999932703
vn 0.011214390 0.002971046 0.999932703
vn 0.011214390 0.002971046 0.999932703
vn 0.011214390 0.002971046 0.999932703
vn 0.011214390 0.002971046 0.999932703
vn 0.011214390 0.002971046 0.999932703
vn 0.011214390 0.002971046 0.999932703
vn 0.011214390 0.002971046 0.999932703
vn 0.011214390 0.002971046 0.999932703
vn 0.011214390 0.002971046 0.999932703
vn 0.011214390 0.002971046 0.999932703
vn 0.011214390 0.002971046 0.999932703
vn 0.011227850 0.002971046 0.999932552
vn 0.011227850 0.002971046 0.999932552
vn 0.011227850 0.002971046 0.999932552
vn 0.011227850 0.002971046 0.999932552
vn 0.011227850 0.002971046 0.999932552
vn 0.011227850 0.002971046 0.999932552
vn 0.011227850 0.002971046 0.999932552
vn 0.011227850 0.002971046 0.999932552
vn 0.011227850 0.002971046 0.999932552
vn 0.011241274 0.002971045 0.999932401
vn 0.011241274 0.002971045 0.999932401
vn 0.011241274 0.002971045 0.999932401
vn 0.011241274 0.002971045 0.999932401
vn 0.011241274 0.002971045 0.999932401
vn 0.011241274 0.002971045 0.999932401
vn 0.011241274 0.002971045 0.999932401
vn 0.011241274 0.002971045 0.999932401
vn 0.011241274 0.002971045 0.999932401
vn 0.011241274 0.002971045 0.999932401
vn 0.011247972 0.002971045 0.999932326
vn 0.011254661 0.002971045 0.999932250
vn 0.011254661 0.002971045 0.999932250
vn 0.011254661 0.002971045 0.999932250
vn 0.011261341 0.002971044 0.999932175
vn 0.011261341 0.002971044 0.999932175
vn 0.011274673 0.002971044 0.999932025
vn 0.011274673 0.002971044 0.999932025
vn 0.011274673 0.002971044 0.999932025
vn 0.011274673 0.002971044 0.999932025
vn 0.011287968 0.002971044 0.999931875
vn 0.011287968 0.002971044 0.999931875
vn 0.011287968 0.002971044 0.999931875
vn 0.011287968 0.002971044 0.999931875
vn 0.011287968 0.002971044 0.999931875
vn 0.011287968 0.002971044 0.999931875
vn 0.011287968 0.002971044 0.999931875
vn 0.011287968 0.002971044 0.999931875
vn 0.011287968 0.002971044 0.999931875
vn 0.011287968 0.002971044 0.999931875
vn 0.011301226 0.002971043 0.999931725
vn 0.011301226 0.002971043 0.999931725
vn 0.011301226 0.002971043 0.999931725
vn 0.011301226 0.002971043 0.999931725
vn 0.011301226 0.002971043 0.999931725
vn 0.011301226 0.002971043 0.999931725
vn 0.011301226 0.002971043 0.999931725
vn 0.011301226 0.002971043 0.999931725
vn 0.011301226 0.002971043 0.999931725
vn 0.011301226 0.002971043 0.999931725
vn 0.011301226 0.002971043 0.999931725
vn 0.011301226 0.002971043 0.999931725
vn 0.011301226 0.002971043 0.999931725
vn 0.011301226 0.002971043 0.999931725
vn 0.011301226 0.002971043 0.999931725
vn 0.011301226 0.002971043 0.999931725
vn 0.011314446 0.002971043 0.999931576
vn 0.011314446 0.002971043 0.999931576
vn 0.011314446 0.002971043 0.999931576
vn 0.011314446 0.002971043 0.999931576
vn 0.011314446 0.002971043 0.999931576
vn 0.011314446 0.002971043 0.999931576
vn 0.011314446 0.002971043 0.999931576
vn 0.011314446 0.002971043 0.999931576
vn 0.011314446 0.002971043 0.999931576
vn 0.011314446 0.002971043 0.999931576
vn 0.011314446 0.002971043 0.999931576
vn 0.011314446 0.002971043 0.999931576
vn 0.011327630 0.002971042 0.999931426
vn 0.011334208 0.002971042 0.999931352
vn 0.011334208 0.002971042 0.999931352
vn 0.011386498 0.002971040 0.999930758
vn 0.011386498 0.002971040 0.999930758
vn 0.011386498 0.002971040 0.999930758
vn 0.011386498 0.002971040 0.999930758
vn 0.011386498 0.002971040 0.999930758
vn 0.011386498 0.002971040 0.999930758
vn 0.011386498 0.002971040 0.999930758
vn 0.011386498 0.002971040 0.999930758
vn 0.011386498 0.002971040 0.999930758
vn 0.011386498 0.002971040 0.999930758
vn 0.011386498 0.002971040 0.999930758
vn 0.011386498 0.002971040 0.999930758
vn 0.011412419 0.002971039 0.999930462
vn 0.011463812 0.002971038 0.999929875
vn 0.011489284 0.002971037 0.999929582
vn 0.011527209 0.002971035 0.999929146
vn 0.011552304 0.002971035 0.999928856
vn 0.011552304 0.002971035 0.999928856
vn 0.011564794 0.002971034 0.999928712
vn 0.011626679 0.002971032 0.999927994
vn 0.011651166 0.002971031 0.999927709
vn 0.011663353 0.002971031 0.999927567
vn 0.011663353 0.002971031 0.999927567
vn 0.011759466 0.002971027 0.999926441
vn 0.011771308 0.002971027 0.999926302
vn 0.011910386 0.002971022 0.999924655
vn 0.011921723 0.002971022 0.999924520
vn 0.011988925 0.002971019 0.999923716
vn 0.011988925 0.002971019 0.999923716
vn 0.011988925 0.002971019 0.999923716
vn 0.011988925 0.002971019 0.999923716
vn 0.011988925 0.002971019 0.999923716
vn 0.011988925 0.002971019 0.999923716
vn 0.011988925 0.002971019 0.999923716
vn 0.011988925 0.002971019 0.999923716
vn 0.011988925 0.002971019 0.999923716
vn 0.011988925 0.002971019 0.999923716
vn 0.011988925 0.002971019 0.999923716
vn 0.011988925 0.002971019 0.999923716
vn 0.011999988 0.002971019 0.999923584
vn 0.012011012 0.002971019 0.999923451
vn 0.012087076 0.002971016 0.999922535
vn 0.012108452 0.002971015 0.999922276
vn 0.012140220 0.002971014 0.999921891
vn 0.012140220 0.002971014 0.999921891
vn 0.012150730 0.002971014 0.999921763
vn 0.012150730 0.002971014 0.999921763
vn 0.012192370 0.002971012 0.999921256
vn 0.012202681 0.002971012 0.999921131
vn 0.012223182 0.002971011 0.999920880
vn 0.012253633 0.002971010 0.999920508
vn 0.012263703 0.002971009 0.999920384
vn 0.012293673 0.002971008 0.999920016
vn 0.012323280 0.002971007 0.999919652
vn 0.012323280 0.002971007 0.999919652
vn 0.012333068 0.002971007 0.999919531
vn 0.012428725 0.002971003 0.999918347
vn 0.012428725 0.002971003 0.999918347
vn 0.012475030 0.002971002 0.999917770
vn 0.012493266 0.002971001 0.999917542
vn 0.012493266 0.002971001 0.999917542
vn 0.012493266 0.002971001 0.999917542
vn 0.012493266 0.002971001 0.999917542
vn 0.012493266 0.002971001 0.999917542
vn 0.012493266 0.002971001 0.999917542
vn 0.012493266 0.002971001 0.999917542
vn 0.012493266 0.002971001 0.999917542
vn 0.012493266 0.002971001 0.999917542
vn 0.012493266 0.002971001 0.999917542
vn 0.012493266 0.002971001 0.999917542
vn 0.012493266 0.002971001 0.999917542
vn 0.012493266 0.002971001 0.999917542
vn 0.012511338 0.002971000 0.999917316
vn 0.012564571 0.002970998 0.999916649
vn 0.012581986 0.002970998 0.999916430
vn 0.012616322 0.002970996 0.999915997
vn 0.012624803 0.002970996 0.999915890
vn 0.012633243 0.002970996 0.999915784
vn 0.012641641 0.002970995 0.999915677
vn 0.012666587 0.002970995 0.999915362
vn 0.012674819 0.002970994 0.999915257
vn 0.012683010 0.002970994 0.999915154
vn 0.012683010 0.002970994 0.999915154
vn 0.012691159 0.002970994 0.999915050
vn 0.012691159 0.002970994 0.999915050
vn 0.012715358 0.002970993 0.999914743
vn 0.012723341 0.002970992 0.999914641
vn 0.012739182 0.002970992 0.999914440
vn 0.012747040 0.002970991 0.999914339
vn 0.012754856 0.002970991 0.999914240
vn 0.012823318 0.002970989 0.999913364
vn 0.012838071 0.002970988 0.999913175
vn 0.012859885 0.002970987 0.999912895
vn 0.012867072 0.002970987 0.999912802
vn 0.012867072 0.002970987 0.999912802
vn 0.012874217 0.002970987 0.999912710
vn 0.012888380 0.002970986 0.999912528
vn 0.012895398 0.002970986 0.999912437
vn 0.012895398 0.002970986 0.999912437
vn 0.012895398 0.002970986 0.999912437
vn 0.012895398 0.002970986 0.999912437
vn 0.012895398 0.002970986 0.999912437
vn 0.012895398 0.002970986 0.999912437
vn 0.012895398 0.002970986 0.999912437
vn 0.012895398 0.002970986 0.999912437
vn 0.012895398 0.002970986 0.999912437
vn 0.012895398 0.002970986 0.999912437
vn 0.012895398 0.002970986 0.999912437
vn 0.012895398 0.002970986 0.999912437
vn 0.012909308 0.002970985 0.999912258
vn 0.012929856 0.002970985 0.999911992
vn 0.012936621 0.002970984 0.999911905
vn 0.012950023 0.002970984 0.999911731
vn 0.012956661 0.002970983 0.999911645
vn 0.012982786 0.002970982 0.999911306
vn 0.012989211 0.002970982 0.999911223
vn 0.012995594 0.002970982 0.999911140
vn 0.013008231 0.002970981 0.999910976
vn 0.013008231 0.002970981 0.999910976
vn 0.013014486 0.002970981 0.999910894
vn 0.013020699 0.002970981 0.999910813
vn 0.013057076 0.002970980 0.999910339
vn 0.013062990 0.002970979 0.999910262
vn 0.013080473 0.002970979 0.999910033
vn 0.013080473 0.002970979 0.999910033
vn 0.013091915 0.002970978 0.999909883
vn 0.013114283 0.002970977 0.999909590
vn 0.013192037 0.002970974 0.999908568
vn 0.013192037 0.002970974 0.999908568
vn 0.013192037 0.002970974 0.999908568
vn 0.013192037 0.002970974 0.999908568
vn 0.013192037 0.002970974 0.999908568
vn 0.013192037 0.002970974 0.999908568
vn 0.013192037 0.002970974 0.999908568
vn 0.013192037 0.002970974 0.999908568
vn 0.013192037 0.002970974 0.999908568
vn 0.013192037 0.002970974 0.999908568
vn 0.013192037 0.002970974 0.999908568
vn 0.013192037 0.002970974 0.999908568
vn 0.013220420 0.002970973 0.999908193
vn 0.013224999 0.002970973 0.999908132
vn 0.013247245 0.002970972 0.999907838
vn 0.013247245 0.002970972 0.999907838
vn 0.013251564 0.002970972 0.999907780
vn 0.013251564 0.002970972 0.999907780
vn 0.013296207 0.002970970 0.999907188
vn 0.013311136 0.002970970 0.999906989
vn 0.013318339 0.002970969 0.999906893
vn 0.013321875 0.002970969 0.999906846
vn 0.013332221 0.002970969 0.999906708
vn 0.013337247 0.002970969 0.999906641
vn 0.013340543 0.002970968 0.999906597
vn 0.013340543 0.002970968 0.999906597
vn 0.013340543 0.002970968 0.999906597
vn 0.013353290 0.002970968 0.999906427
vn 0.013353290 0.002970968 0.999906427
vn 0.013365337 0.002970968 0.999906266
vn 0.013365337 0.002970968 0.999906266
vn 0.013368240 0.002970967 0.999906227
vn 0.013368240 0.002970967 0.999906227
vn 0.013371098 0.002970967 0.999906189
vn 0.013371098 0.002970967 0.999906189
vn 0.013371098 0.002970967 0.999906189
vn 0.013376684 0.002970967 0.999906114
vn 0.013379412 0.002970967 0.999906078
vn 0.013379412 0.002970967 0.999906078
vn 0.013380759 0.002970967 0.999906060
vn 0.013380759 0.002970967 0.999906060
vn 0.013380759 0.002970967 0.999906060
vn 0.013380759 0.002970967 0.999906060
vn 0.013380759 0.002970967 0.999906060
vn 0.013380759 0.002970967 0.999906060
vn 0.013380759 0.002970967 0.999906060
vn 0.013380759 0.002970967 0.999906060
vn 0.013380759 0.002970967 0.999906060
vn 0.013380759 0.002970967 0.999906060
vn 0.013384735 0.002970967 0.999906007
vn 0.013394855 0.002970966 0.999905871
vn 0.013394855 0.002970966 0.999905871
vn 0.013400824 0.002970966 0.999905791
vn 0.013405402 0.002970966 0.999905730
vn 0.013407625 0.002970966 0.999905700
vn 0.013409804 0.002970966 0.999905671
vn 0.013411939 0.002970966 0.999905642
vn 0.013414031 0.002970966 0.999905614
vn 0.013421956 0.002970965 0.999905508
vn 0.013423828 0.002970965 0.999905483
vn 0.013425656 0.002970965 0.999905458
vn 0.013425656 0.002970965 0.999905458
vn 0.013432527 0.002970965 0.999905366
vn 0.013435698 0.002970965 0.999905323
vn 0.013435698 0.002970965 0.999905323
vn 0.013437218 0.002970965 0.999905303
vn 0.013440126 0.002970965 0.999905264
vn 0.013441513 0.002970964 0.999905245
vn 0.013446624 0.002970964 0.999905176
vn 0.013446624 0.002970964 0.999905176
vn 0.013447792 0.002970964 0.999905161
vn 0.013447792 0.002970964 0.999905161
vn 0.013449996 0.002970964 0.999905131
vn 0.013451031 0.002970964 0.999905117
vn 0.013452970 0.002970964 0.999905091
vn 0.013453874 0.002970964 0.999905079
vn 0.013453874 0.002970964 0.999905079
vn 0.013456320 0.002970964 0.999905046
vn 0.013457394 0.002970964 0.999905031
vn 0.013457394 0.002970964 0.999905031
vn 0.013457394 0.002970964 0.999905031
vn 0.013457394 0.002970964 0.999905031
vn 0.013457394 0.002970964 0.999905031
vn 0.013457394 0.002970964 0.999905031
vn 0.013457394 0.002970964 0.999905031
vn 0.013458055 0.002970964 0.999905023
vn 0.013458055 0.002970964 0.999905023
vn 0.013458055 0.002970964 0.999905023
vn 0.013458055 0.002970964 0.999905023
vn 0.013458055 0.002970964 0.999905023
vn 0.013458055 0.002970964 0.999905023
vn 0.013458055 0.002970964 0.999905023
vn 0.013458055 0.002970964 0.999905023
vn 0.013458055 0.002970964 0.999905023
vn 0.013458055 0.002970964 0.999905023
vn 0.013458055 0.002970964 0.999905023
vn 0.013458055 0.002970964 0.999905023
vn 0.013458672 0.002970964 0.999905014
vn 0.013458672 0.002970964 0.999905014
vn 0.013458672 0.002970964 0.999905014
vn 0.013458672 0.002970964 0.999905014
vn 0.013458964 0.002970964 0.999905010
vn 0.013458964 0.002970964 0.999905010
vn 0.013459515 0.002970964 0.999905003
vn 0.013459515 0.002970964 0.999905003
vn 0.013460022 0.002970964 0.999904996
vn 0.013460022 0.002970964 0.999904996
vn 0.013460022 0.002970964 0.999904996
vn 0.013460022 0.002970964 0.999904996
vn 0.013460022 0.002970964 0.999904996
vn 0.013460022 0.002970964 0.999904996
vn 0.013460022 0.002970964 0.999904996
vn 0.013460485 0.002970964 0.999904990
vn 0.013460485 0.002970964 0.999904990
vn 0.013460485 0.002970964 0.999904990
vn 0.013460485 0.002970964 0.999904990
vn 0.013460485 0.002970964 0.999904990
vn 0.013460485 0.002970964 0.999904990
vn 0.013460485 0.002970964 0.999904990
vn 0.013460485 0.002970964 0.999904990
vn 0.013460904 0.002970964 0.999904984
vn 0.013460904 0.002970964 0.999904984
vn 0.013461278 0.002970964 0.999904979
vn 0.013461278 0.002970964 0.999904979
vn 0.013461609 0.002970964 0.999904975
vn 0.013462022 0.002970964 0.999904969
vn 0.013462138 0.002970964 0.999904968
vn 0.013462138 0.002970964 0.999904968
vn 0.013462336 0.002970964 0.999904965
vn 0.013462336 0.002970964 0.999904965
vn 0.013462336 0.002970964 0.999904965
vn 0.013462491 0.002970964 0.999904963
vn 0.013462491 0.002970964 0.999904963
vn 0.013462491 0.002970964 0.999904963
vn 0.013462491 0.002970964 0.999904963
vn 0.013462491 0.002970964 0.999904963
vn 0.013462491 0.002970964 0.999904963
vn 0.013462491 0.002970964 0.999904963
vn 0.013462551 0.002970964 0.999904962
vn 0.013462551 0.002970964 0.999904962
vn 0.013462551 0.002970964 0.999904962
vn 0.013462551 0.002970964 0.999904962
vn 0.013462551 0.002970964 0.999904962
vn 0.013462601 0.002970964 0.999904961
vn 0.013462601 0.002970964 0.999904961
vn 0.013462639 0.002970964 0.999904961
vn 0.013462639 0.002970964 0.999904961
vn 0.013462639 0.002970964 0.999904961
vn 0.013462639 0.002970964 0.999904961
vn 0.013462639 0.002970964 0.999904961
vn 0.013462639 0.002970964 0.999904961
vn 0.013462639 0.002970964 0.999904961
vn 0.013462639 0.002970964 0.999904961
vn 0.013462683 0.002970964 0.999904960
vn 0.013462683 0.002970964 0.999904960
vn 0.013462683 0.002970964 0.999904960
vn 0.013462683 0.002970964 0.999904960
vn 0.013462683 0.002970964 0.999904960
vn 0.013462683 0.002970964 0.999904960
vn 0.013462683 0.002970964 0.999904960
vn 0.013462683 0.002970964 0.999904960
vn 0.013462683 0.002970964 0.999904960
vn 0.013462683 0.002970964 0.999904960
vn 0.013462683 0.002970964 0.999904960
vn 0.013462683 0.002970964 0.999904960
vn 0.013462683 0.002970964 0.999904960
vn 0.013462683 0.002970964 0.999904960
vn 0.013462683 0.002970964 0.999904960
vn 0.013462683 0.002970964 0.999904960
vn 0.013462683 0.002970964 0.999904960
vn 0.013462683 0.002970964 0.999904960
vn 0.013462683 0.002970964 0.999904960
vn 0.013462683 0.002970964 0.999904960
vn 0.013462683 0.002970964 0.999904960
vn 0.013462683 0.002970964 0.999904960
vn 0.013462683 0.002970964 0.999904960
vn 0.013462683 0.002970964 0.999904960
vn 0.013462683 0.002970964 0.999904960
vn 0.013462683 0.002970964 0.999904960
vn 0.013462683 0.002970964 0.999904960
vn 0.013462683 0.002970964 0.999904960
vn 0.013462683 -0.002970964 -0.999904960
vn 0.013462683 -0.002970964 -0.999904960
vn 0.013462683 -0.002970964 -0.999904960
vn 0.013462683 -0.002970964 -0.999904960
vn 0.013462683 -0.002970964 -0.999904960
vn 0.013462683 -0.002970964 -0.999904960
vn 0.013462683 -0.002970964 -0.999904960
vn 0.013462683 -0.002970964 -0.999904960
vn 0.013462683 -0.002970964 -0.999904960
vn 0.013462683 -0.002970964 -0.999904960
vn 0.013462683 -0.002970964 -0.999904960
vn 0.013462683 -0.002970964 -0.999904960
vn 0.013462683 -0.002970964 -0.999904960
vn 0.013462683 -0.002970964 -0.999904960
vn 0.013462683 -0.002970964 -0.999904960
vn 0.013462683 -0.002970964 -0.999904960
vn 0.013462683 -0.002970964 -0.999904960
vn 0.013462683 -0.002970964 -0.999904960
vn 0.013462683 -0.002970964 -0.999904960
vn 0.013462683 -0.002970964 -0.999904960
vn 0.013462683 -0.002970964 -0.999904960
vn 0.013462683 -0.002970964 -0.999904960
vn 0.013462683 -0.002970964 -0.999904960
vn 0.013462683 -0.002970964 -0.999904960
vn 0.013462683 -0.002970964 -0.999904960
vn 0.013462639 -0.002970964 -0.999904961
vn 0.013462639 -0.002970964 -0.999904961
vn 0.013462639 -0.002970964 -0.999904961
vn 0.013462639 -0.002970964 -0.999904961
vn 0.013462639 -0.002970964 -0.999904961
vn 0.013462639 -0.002970964 -0.999904961
vn 0.013462639 -0.002970964 -0.999904961
vn 0.013462639 -0.002970964 -0.999904961
vn 0.013462639 -0.002970964 -0.999904961
vn 0.013462639 -0.002970964 -0.999904961
vn 0.013462639 -0.002970964 -0.999904961
vn 0.013462639 -0.002970964 -0.999904961
vn 0.013462639 -0.002970964 -0.999904961
vn 0.013462639 -0.002970964 -0.999904961
vn 0.013462639 -0.002970964 -0.999904961
vn 0.013462639 -0.002970964 -0.999904961
vn 0.013462639 -0.002970964 -0.999904961
vn 0.013462639 -0.002970964 -0.999904961
vn 0.013462601 -0.002970964 -0.999904961
vn 0.013462551 -0.002970964 -0.999904962
vn 0.013462551 -0.002970964 -0.999904962
vn 0.013462491 -0.002970964 -0.999904963
vn 0.013462491 -0.002970964 -0.999904963
vn 0.013462491 -0.002970964 -0.999904963
vn 0.013462491 -0.002970964 -0.999904963
vn 0.013462491 -0.002970964 -0.999904963
vn 0.013462336 -0.002970964 -0.999904965
vn 0.013462336 -0.002970964 -0.999904965
vn 0.013462336 -0.002970964 -0.999904965
vn 0.013462336 -0.002970964 -0.999904965
vn 0.013462243 -0.002970964 -0.999904966
vn 0.013462138 -0.002970964 -0.999904968
vn 0.013462138 -0.002970964 -0.999904968
vn 0.013462138 -0.002970964 -0.999904968
vn 0.013462138 -0.002970964 -0.999904968
vn 0.013461895 -0.002970964 -0.999904971
vn 0.013461895 -0.002970964 -0.999904971
vn 0.013461895 -0.002970964 -0.999904971
vn 0.013461609 -0.002970964 -0.999904975
vn 0.013461609 -0.002970964 -0.999904975
vn 0.013461278 -0.002970964 -0.999904979
vn 0.013461278 -0.002970964 -0.999904979
vn 0.013460904 -0.002970964 -0.999904984
vn 0.013460904 -0.002970964 -0.999904984
vn 0.013460485 -0.002970964 -0.999904990
vn 0.013460485 -0.002970964 -0.999904990
vn 0.013460485 -0.002970964 -0.999904990
vn 0.013460485 -0.002970964 -0.999904990
vn 0.013460022 -0.002970964 -0.999904996
vn 0.013460022 -0.002970964 -0.999904996
vn 0.013460022 -0.002970964 -0.999904996
vn 0.013460022 -0.002970964 -0.999904996
vn 0.013460022 -0.002970964 -0.999904996
vn 0.013459515 -0.002970964 -0.999905003
vn 0.013459515 -0.002970964 -0.999905003
vn 0.013459515 -0.002970964 -0.999905003
vn 0.013459515 -0.002970964 -0.999905003
vn 0.013459515 -0.002970964 -0.999905003
vn 0.013459515 -0.002970964 -0.999905003
vn 0.013458964 -0.002970964 -0.999905010
vn 0.013458964 -0.002970964 -0.999905010
vn 0.013458964 -0.002970964 -0.999905010
vn 0.013458964 -0.002970964 -0.999905010
vn 0.013458369 -0.002970964 -0.999905018
vn 0.013458055 -0.002970964 -0.999905023
vn 0.013458055 -0.002970964 -0.999905023
vn 0.013457394 -0.002970964 -0.999905031
vn 0.013457394 -0.002970964 -0.999905031
vn 0.013457394 -0.002970964 -0.999905031
vn 0.013457394 -0.002970964 -0.999905031
vn 0.013457394 -0.002970964 -0.999905031
vn 0.013457394 -0.002970964 -0.999905031
vn 0.013457394 -0.002970964 -0.999905031
vn 0.013457394 -0.002970964 -0.999905031
vn 0.013457394 -0.002970964 -0.999905031
vn 0.013457394 -0.002970964 -0.999905031
vn 0.013457394 -0.002970964 -0.999905031
vn 0.013457394 -0.002970964 -0.999905031
vn 0.013457394 -0.002970964 -0.999905031
vn 0.013457394 -0.002970964 -0.999905031
vn 0.013457047 -0.002970964 -0.999905036
vn 0.013456689 -0.002970964 -0.999905041
vn 0.013456689 -0.002970964 -0.999905041
vn 0.013456689 -0.002970964 -0.999905041
vn 0.013456320 -0.002970964 -0.999905046
vn 0.013455548 -0.002970964 -0.999905056
vn 0.013455548 -0.002970964 -0.999905056
vn 0.013454733 -0.002970964 -0.999905067
vn 0.013452970 -0.002970964 -0.999905091
vn 0.013452970 -0.002970964 -0.999905091
vn 0.013452023 -0.002970964 -0.999905104
vn 0.013449996 -0.002970964 -0.999905131
vn 0.013448916 -0.002970964 -0.999905146
vn 0.013448916 -0.002970964 -0.999905146
vn 0.013448916 -0.002970964 -0.999905146
vn 0.013448916 -0.002970964 -0.999905146
vn 0.013448916 -0.002970964 -0.999905146
vn 0.013448916 -0.002970964 -0.999905146
vn 0.013448916 -0.002970964 -0.999905146
vn 0.013448916 -0.002970964 -0.999905146
vn 0.013445413 -0.002970964 -0.999905193
vn 0.013444157 -0.002970964 -0.999905210
vn 0.013444157 -0.002970964 -0.999905210
vn 0.013444157 -0.002970964 -0.999905210
vn 0.013440126 -0.002970965 -0.999905264
vn 0.013440126 -0.002970965 -0.999905264
vn 0.013434134 -0.002970965 -0.999905344
vn 0.013432527 -0.002970965 -0.999905366
vn 0.013427439 -0.002970965 -0.999905434
vn 0.013420041 -0.002970965 -0.999905533
vn 0.013409804 -0.002970966 -0.999905671
vn 0.013409804 -0.002970966 -0.999905671
vn 0.013399652 -0.002970966 -0.999905807
vn 0.013399652 -0.002970966 -0.999905807
vn 0.013398470 -0.002970966 -0.999905823
vn 0.013384735 -0.002970967 -0.999906007
vn 0.013382095 -0.002970967 -0.999906042
vn 0.013376684 -0.002970967 -0.999906114
vn 0.013376684 -0.002970967 -0.999906114
vn 0.013373913 -0.002970967 -0.999906151
vn 0.013373913 -0.002970967 -0.999906151
vn 0.013371098 -0.002970967 -0.999906189
vn 0.013371098 -0.002970967 -0.999906189
vn 0.013365337 -0.002970968 -0.999906266
vn 0.013365337 -0.002970968 -0.999906266
vn 0.013365337 -0.002970968 -0.999906266
vn 0.013365337 -0.002970968 -0.999906266
vn 0.013365337 -0.002970968 -0.999906266
vn 0.013365337 -0.002970968 -0.999906266
vn 0.013365337 -0.002970968 -0.999906266
vn 0.013362391 -0.002970968 -0.999906306
vn 0.013362391 -0.002970968 -0.999906306
vn 0.013362391 -0.002970968 -0.999906306
vn 0.013362391 -0.002970968 -0.999906306
vn 0.013359401 -0.002970968 -0.999906345
vn 0.013356367 -0.002970968 -0.999906386
vn 0.013353290 -0.002970968 -0.999906427
vn 0.013347004 -0.002970968 -0.999906511
vn 0.013340543 -0.002970968 -0.999906597
vn 0.013338900 -0.002970969 -0.999906619
vn 0.013338900 -0.002970969 -0.999906619
vn 0.013338900 -0.002970969 -0.999906619
vn 0.013338900 -0.002970969 -0.999906619
vn 0.013338900 -0.002970969 -0.999906619
vn 0.013338900 -0.002970969 -0.999906619
vn 0.013338900 -0.002970969 -0.999906619
vn 0.013338900 -0.002970969 -0.999906619
vn 0.013338900 -0.002970969 -0.999906619
vn 0.013338900 -0.002970969 -0.999906619
vn 0.013338900 -0.002970969 -0.999906619
vn 0.013333907 -0.002970969 -0.999906686
vn 0.013333907 -0.002970969 -0.999906686
vn 0.013318339 -0.002970969 -0.999906893
vn 0.013307469 -0.002970970 -0.999907038
vn 0.013290429 -0.002970970 -0.999907265
vn 0.013268407 -0.002970971 -0.999907557
vn 0.013255840 -0.002970972 -0.999907724
vn 0.013229535 -0.002970973 -0.999908072
vn 0.013211132 -0.002970974 -0.999908315
vn 0.013187155 -0.002970975 -0.999908632
vn 0.013182230 -0.002970975 -0.999908697
vn 0.013167196 -0.002970975 -0.999908895
vn 0.013151774 -0.002970976 -0.999909098
vn 0.013119768 -0.002970977 -0.999909518
vn 0.013119768 -0.002970977 -0.999909518
vn 0.013119768 -0.002970977 -0.999909518
vn 0.013119768 -0.002970977 -0.999909518
vn 0.013119768 -0.002970977 -0.999909518
vn 0.013119768 -0.002970977 -0.999909518
vn 0.013119768 -0.002970977 -0.999909518
vn 0.013119768 -0.002970977 -0.999909518
vn 0.013119768 -0.002970977 -0.999909518
vn 0.013119768 -0.002970977 -0.999909518
vn 0.013119768 -0.002970977 -0.999909518
vn 0.013119768 -0.002970977 -0.999909518
vn 0.013119768 -0.002970977 -0.999909518
vn 0.013114283 -0.002970977 -0.999909590
vn 0.013091915 -0.002970978 -0.999909883
vn 0.013086215 -0.002970978 -0.999909958
vn 0.013032995 -0.002970981 -0.999910653
vn 0.013020699 -0.002970981 -0.999910813
vn 0.013014486 -0.002970981 -0.999910894
vn 0.012982786 -0.002970982 -0.999911306
vn 0.012976318 -0.002970983 -0.999911390
vn 0.012969808 -0.002970983 -0.999911475
vn 0.012969808 -0.002970983 -0.999911475
vn 0.012963256 -0.002970983 -0.999911560
vn 0.012902374 -0.002970986 -0.999912347
vn 0.012895398 -0.002970986 -0.999912437
vn 0.012895398 -0.002970986 -0.999912437
vn 0.012888380 -0.002970986 -0.999912528
vn 0.012867072 -0.002970987 -0.999912802
vn 0.012859885 -0.002970987 -0.999912895
vn 0.012800874 -0.002970989 -0.999913652
vn 0.012793309 -0.002970990 -0.999913749
vn 0.012793309 -0.002970990 -0.999913749
vn 0.012793309 -0.002970990 -0.999913749
vn 0.012793309 -0.002970990 -0.999913749
vn 0.012793309 -0.002970990 -0.999913749
vn 0.012793309 -0.002970990 -0.999913749
vn 0.012793309 -0.002970990 -0.999913749
vn 0.012793309 -0.002970990 -0.999913749
vn 0.012793309 -0.002970990 -0.999913749
vn 0.012793309 -0.002970990 -0.999913749
vn 0.012793309 -0.002970990 -0.999913749
vn 0.012793309 -0.002970990 -0.999913749
vn 0.012793309 -0.002970990 -0.999913749
vn 0.012793309 -0.002970990 -0.999913749
vn 0.012785702 -0.002970990 -0.999913846
vn 0.012658313 -0.002970995 -0.999915467
vn 0.012658313 -0.002970995 -0.999915467
vn 0.012649998 -0.002970995 -0.999915572
vn 0.012641641 -0.002970995 -0.999915677
vn 0.012633243 -0.002970996 -0.999915784
vn 0.012624803 -0.002970996 -0.999915890
vn 0.012616322 -0.002970996 -0.999915997
vn 0.012607800 -0.002970997 -0.999916105
vn 0.012546991 -0.002970999 -0.999916870
vn 0.012538139 -0.002970999 -0.999916981
vn 0.012511338 -0.002971000 -0.999917316
vn 0.012502322 -0.002971001 -0.999917429
vn 0.012475030 -0.002971002 -0.999917770
vn 0.012447369 -0.002971003 -0.999918115
vn 0.012438068 -0.002971003 -0.999918230
vn 0.012428725 -0.002971003 -0.999918347
vn 0.012419342 -0.002971004 -0.999918463
vn 0.012409919 -0.002971004 -0.999918580
vn 0.012400454 -0.002971004 -0.999918698
vn 0.012371817 -0.002971005 -0.999919052
vn 0.012362191 -0.002971006 -0.999919171
vn 0.012362191 -0.002971006 -0.999919171
vn 0.012362191 -0.002971006 -0.999919171
vn 0.012362191 -0.002971006 -0.999919171
vn 0.012362191 -0.002971006 -0.999919171
vn 0.012362191 -0.002971006 -0.999919171
vn 0.012362191 -0.002971006 -0.999919171
vn 0.012362191 -0.002971006 -0.999919171
vn 0.012362191 -0.002971006 -0.999919171
vn 0.012362191 -0.002971006 -0.999919171
vn 0.012362191 -0.002971006 -0.999919171
vn 0.012362191 -0.002971006 -0.999919171
vn 0.012362191 -0.002971006 -0.999919171
vn 0.012313451 -0.002971008 -0.999919773
vn 0.012303582 -0.002971008 -0.999919894
vn 0.012233372 -0.002971011 -0.999920756
vn 0.012223182 -0.002971011 -0.999920880
vn 0.012182020 -0.002971012 -0.999921383
vn 0.012182020 -0.002971012 -0.999921383
vn 0.012171630 -0.002971013 -0.999921509
vn 0.012150730 -0.002971014 -0.999921763
vn 0.012076328 -0.002971016 -0.999922665
vn 0.012011012 -0.002971019 -0.999923451
vn 0.011933021 -0.002971021 -0.999924385
vn 0.011899010 -0.002971023 -0.999924790
vn 0.011829935 -0.002971025 -0.999925610
vn 0.011829935 -0.002971025 -0.999925610
vn 0.011829935 -0.002971025 -0.999925610
vn 0.011829935 -0.002971025 -0.999925610
vn 0.011829935 -0.002971025 -0.999925610
vn 0.011829935 -0.002971025 -0.999925610
vn 0.011829935 -0.002971025 -0.999925610
vn 0.011829935 -0.002971025 -0.999925610
vn 0.011829935 -0.002971025 -0.999925610
vn 0.011829935 -0.002971025 -0.999925610
vn 0.011829935 -0.002971025 -0.999925610
vn 0.011829935 -0.002971025 -0.999925610
vn 0.011783111 -0.002971027 -0.999926163
vn 0.011771308 -0.002971027 -0.999926302
vn 0.011735668 -0.002971028 -0.999926721
vn 0.011723712 -0.002971029 -0.999926861
vn 0.011687611 -0.002971030 -0.999927284
vn 0.011687611 -0.002971030 -0.999927284
vn 0.011675501 -0.002971030 -0.999927425
vn 0.011675501 -0.002971030 -0.999927425
vn 0.011651166 -0.002971031 -0.999927709
vn 0.011564794 -0.002971034 -0.999928712
vn 0.011552304 -0.002971035 -0.999928856
vn 0.011501963 -0.002971036 -0.999929436
vn 0.011489284 -0.002971037 -0.999929582
vn 0.011438190 -0.002971039 -0.999930168
vn 0.011347336 -0.002971042 -0.999931203
vn 0.011307841 -0.002971043 -0.999931650
vn 0.011294601 -0.002971043 -0.999931800
vn 0.011281325 -0.002971044 -0.999931950
vn 0.011241274 -0.002971045 -0.999932401
vn 0.011200892 -0.002971046 -0.999932854
vn 0.011200892 -0.002971046 -0.999932854
vn 0.011200892 -0.002971046 -0.999932854
vn 0.011200892 -0.002971046 -0.999932854
vn 0.011200892 -0.002971046 -0.999932854
vn 0.011200892 -0.002971046 -0.999932854
vn 0.011200892 -0.002971046 -0.999932854
vn 0.011200892 -0.002971046 -0.999932854
vn 0.011200892 -0.002971046 -0.999932854
vn 0.011200892 -0.002971046 -0.999932854
vn 0.011200892 -0.002971046 -0.999932854
vn 0.011200892 -0.002971046 -0.999932854
vn 0.011187358 -0.002971047 -0.999933006
vn 0.011173788 -0.002971047 -0.999933157
vn 0.011160180 -0.002971048 -0.999933309
vn 0.011160180 -0.002971048 -0.999933309
vn 0.011146536 -0.002971048 -0.999933462
vn 0.011105386 -0.002971050 -0.999933919
vn 0.011063908 -0.002971051 -0.999934379
vn 0.011050010 -0.002971051 -0.999934533
vn 0.011022104 -0.002971052 -0.999934841
vn 0.011008097 -0.002971053 -0.999934995
vn 0.010994054 -0.002971053 -0.999935150
vn 0.010965861 -0.002971054 -0.999935459
vn 0.010951710 -0.002971055 -0.999935614
vn 0.010894748 -0.002971057 -0.999936237
vn 0.010866053 -0.002971057 -0.999936549
vn 0.010851652 -0.002971058 -0.999936705
vn 0.010851652 -0.002971058 -0.999936705
vn 0.010808236 -0.002971059 -0.999937175
vn 0.010735169 -0.002971062 -0.999937963
vn 0.010690907 -0.002971063 -0.999938437
vn 0.010631400 -0.002971065 -0.999939071
vn 0.010601438 -0.002971066 -0.999939389
vn 0.010556234 -0.002971067 -0.999939868
vn 0.010525925 -0.002971068 -0.999940187
vn 0.010510719 -0.002971069 -0.999940347
vn 0.010480203 -0.002971070 -0.999940667
vn 0.010480203 -0.002971070 -0.999940667
vn 0.010480203 -0.002971070 -0.999940667
vn 0.010480203 -0.002971070 -0.999940667
vn 0.010480203 -0.002971070 -0.999940667
vn 0.010480203 -0.002971070 -0.999940667
vn 0.010480203 -0.002971070 -0.999940667
vn 0.010480203 -0.002971070 -0.999940667
vn 0.010480203 -0.002971070 -0.999940667
vn 0.010480203 -0.002971070 -0.999940667
vn 0.010480203 -0.002971070 -0.999940667
vn 0.010480203 -0.002971070 -0.999940667
vn 0.010418760 -0.002971072 -0.999941309
vn 0.010372320 -0.002971073 -0.999941792
vn 0.010341189 -0.002971074 -0.999942115
vn 0.010294240 -0.002971075 -0.999942599
vn 0.010278523 -0.002971076 -0.999942761
vn 0.010262772 -0.002971076 -0.999942922
vn 0.010262772 -0.002971076 -0.999942922
vn 0.010246987 -0.002971077 -0.999943084
vn 0.010215317 -0.002971078 -0.999943408
vn 0.010215317 -0.002971078 -0.999943408
vn 0.010167562 -0.002971079 -0.999943895
vn 0.010071153 -0.002971082 -0.999944871
vn 0.010054969 -0.002971083 -0.999945034
vn 0.010038752 -0.002971083 -0.999945197
vn 0.010022503 -0.002971084 -0.999945360
vn 0.009940763 -0.002971086 -0.999946175
vn 0.009924317 -0.002971087 -0.999946339
vn 0.009673759 -0.002971094 -0.999948794
vn 0.009673759 -0.002971094 -0.999948794
vn 0.009673759 -0.002971094 -0.999948794
vn 0.009673759 -0.002971094 -0.999948794
vn 0.009673759 -0.002971094 -0.999948794
vn 0.009673759 -0.002971094 -0.999948794
vn 0.009673759 -0.002971094 -0.999948794
vn 0.009673759 -0.002971094 -0.999948794
vn 0.009673759 -0.002971094 -0.999948794
vn 0.009673759 -0.002971094 -0.999948794
vn 0.009673759 -0.002971094 -0.999948794
vn 0.009673759 -0.002971094 -0.999948794
vn 0.009656799 -0.002971094 -0.999948958
vn 0.009639808 -0.002971095 -0.999949122
vn 0.009622786 -0.002971095 -0.999949286
vn 0.009605732 -0.002971096 -0.999949450
vn 0.009537201 -0.002971098 -0.999950106
vn 0.009519990 -0.002971098 -0.999950270
vn 0.009398644 -0.002971102 -0.999951418
vn 0.009381185 -0.002971102 -0.999951582
vn 0.009275789 -0.002971105 -0.999952565
vn 0.009258116 -0.002971106 -0.999952729
vn 0.009007541 -0.002971112 -0.999955017
vn 0.008989420 -0.002971113 -0.999955180
vn 0.008971269 -0.002971113 -0.999955343
vn 0.008953088 -0.002971114 -0.999955506
vn 0.008788153 -0.002971118 -0.999956969
vn 0.008788153 -0.002971118 -0.999956969
vn 0.008788153 -0.002971118 -0.999956969
vn 0.008788153 -0.002971118 -0.999956969
vn 0.008788153 -0.002971118 -0.999956969
vn 0.008788153 -0.002971118 -0.999956969
vn 0.008788153 -0.002971118 -0.999956969
vn 0.008788153 -0.002971118 -0.999956969
vn 0.008788153 -0.002971118 -0.999956969
vn 0.008788153 -0.002971118 -0.999956969
vn 0.008788153 -0.002971118 -0.999956969
vn 0.008788153 -0.002971118 -0.999956969
vn 0.008788153 -0.002971118 -0.999956969
vn 0.008751183 -0.002971119 -0.999957294
vn 0.008732655 -0.002971120 -0.999957456
vn 0.008714098 -0.002971120 -0.999957618
vn 0.008695513 -0.002971121 -0.999957779
vn 0.008451333 -0.002971127 -0.999959873
vn 0.008375253 -0.002971129 -0.999960513
vn 0.008337048 -0.002971130 -0.999960832
vn 0.008317905 -0.002971130 -0.999960992
vn 0.008241059 -0.002971132 -0.999961628
vn 0.008221780 -0.002971132 -0.999961787
vn 0.007830629 -0.002971142 -0.999964926
vn 0.007830629 -0.002971142 -0.999964926
vn 0.007830629 -0.002971142 -0.999964926
vn 0.007830629 -0.002971142 -0.999964926
vn 0.007830629 -0.002971142 -0.999964926
vn 0.007830629 -0.002971142 -0.999964926
vn 0.007830629 -0.002971142 -0.999964926
vn 0.007830629 -0.002971142 -0.999964926
vn 0.007830629 -0.002971142 -0.999964926
vn 0.007830629 -0.002971142 -0.999964926
vn 0.007830629 -0.002971142 -0.999964926
vn 0.007830629 -0.002971142 -0.999964926
vn 0.007771059 -0.002971143 -0.999965391
vn 0.007751151 -0.002971144 -0.999965545
vn 0.007731218 -0.002971144 -0.999965700
vn 0.007711260 -0.002971145 -0.999965854
vn 0.007711260 -0.002971145 -0.999965854
vn 0.007691276 -0.002971145 -0.999966008
vn 0.007631174 -0.002971146 -0.999966468
vn 0.007611090 -0.002971147 -0.999966621
vn 0.007590980 -0.002971147 -0.999966774
vn 0.007469806 -0.002971150 -0.999967687
vn 0.007018073 -0.002971160 -0.999970959
vn 0.006934723 -0.002971161 -0.999971541
vn 0.006809018 -0.002971164 -0.999972404
vn 0.006809018 -0.002971164 -0.999972404
vn 0.006809018 -0.002971164 -0.999972404
vn 0.006809018 -0.002971164 -0.999972404
vn 0.006809018 -0.002971164 -0.999972404
vn 0.006809018 -0.002971164 -0.999972404
vn 0.006809018 -0.002971164 -0.999972404
vn 0.006809018 -0.002971164 -0.999972404
vn 0.006809018 -0.002971164 -0.999972404
vn 0.006809018 -0.002971164 -0.999972404
vn 0.006809018 -0.002971164 -0.999972404
vn 0.006809018 -0.002971164 -0.999972404
vn 0.006787989 -0.002971164 -0.999972547
vn 0.006766937 -0.002971165 -0.999972690
vn 0.006745863 -0.002971165 -0.999972832
vn 0.006491275 -0.002971170 -0.999974517
vn 0.006448542 -0.002971171 -0.999974794
vn 0.006319840 -0.002971174 -0.999975616
vn 0.006255209 -0.002971175 -0.999976022
vn 0.006081961 -0.002971178 -0.999977091
vn 0.006060215 -0.002971178 -0.999977223
vn 0.006060215 -0.002971178 -0.999977223
vn 0.006038449 -0.002971179 -0.999977354
vn 0.005973032 -0.002971180 -0.999977747
vn 0.005951187 -0.002971180 -0.999977877
vn 0.005863613 -0.002971182 -0.999978395
vn 0.005841672 -0.002971182 -0.999978523
vn 0.005753714 -0.002971184 -0.999979033
vn 0.005731678 -0.002971184 -0.999979160
vn 0.005731678 -0.002971184 -0.999979160
vn 0.005731678 -0.002971184 -0.999979160
vn 0.005731678 -0.002971184 -0.999979160
vn 0.005731678 -0.002971184 -0.999979160
vn 0.005731678 -0.002971184 -0.999979160
vn 0.005731678 -0.002971184 -0.999979160
vn 0.005731678 -0.002971184 -0.999979160
vn 0.005731678 -0.002971184 -0.999979160
vn 0.005731678 -0.002971184 -0.999979160
vn 0.005731678 -0.002971184 -0.999979160
vn 0.005731678 -0.002971184 -0.999979160
vn 0.005731678 -0.002971184 -0.999979160
vn 0.005599066 -0.002971186 -0.999979911
vn 0.005576900 -0.002971187 -0.999980035
vn 0.005554715 -0.002971187 -0.999980158
vn 0.005532512 -0.002971187 -0.999980281
vn 0.005488051 -0.002971188 -0.999980526
vn 0.005465794 -0.002971189 -0.999980648
vn 0.005331878 -0.002971191 -0.999981371
vn 0.005309497 -0.002971191 -0.999981490
vn 0.004949085 -0.002971197 -0.999983339
vn 0.004926418 -0.002971197 -0.999983451
vn 0.004926418 -0.002971197 -0.999983451
vn 0.004903735 -0.002971197 -0.999983563
vn 0.004903735 -0.002971197 -0.999983563
vn 0.004835590 -0.002971198 -0.999983894
vn 0.004721700 -0.002971200 -0.999984439
vn 0.004698875 -0.002971200 -0.999984546
vn 0.004607423 -0.002971201 -0.999984972
vn 0.004607423 -0.002971201 -0.999984972
vn 0.004607423 -0.002971201 -0.999984972
vn 0.004607423 -0.002971201 -0.999984972
vn 0.004607423 -0.002971201 -0.999984972
vn 0.004607423 -0.002971201 -0.999984972
vn 0.004607423 -0.002971201 -0.999984972
vn 0.004607423 -0.002971201 -0.999984972
vn 0.004607423 -0.002971201 -0.999984972
vn 0.004607423 -0.002971201 -0.999984972
vn 0.004607423 -0.002971201 -0.999984972
vn 0.004607423 -0.002971201 -0.999984972
vn 0.004169808 -0.002971207 -0.999986892
vn 0.004123448 -0.002971208 -0.999987084
vn 0.004100247 -0.002971208 -0.999987180
vn 0.004077033 -0.002971208 -0.999987275
vn 0.004053806 -0.002971208 -0.999987369
vn 0.003914165 -0.002971210 -0.999987926
vn 0.003797445 -0.002971211 -0.999988376
vn 0.003703844 -0.002971213 -0.999988727
vn 0.003680413 -0.002971213 -0.999988813
vn 0.003656970 -0.002971213 -0.999988899
vn 0.003469003 -0.002971215 -0.999989569
vn 0.003445455 -0.002971215 -0.999989650
vn 0.003445455 -0.002971215 -0.999989650
vn 0.003445455 -0.002971215 -0.999989650
vn 0.003445455 -0.002971215 -0.999989650
vn 0.003445455 -0.002971215 -0.999989650
vn 0.003445455 -0.002971215 -0.999989650
vn 0.003445455 -0.002971215 -0.999989650
vn 0.003445455 -0.002971215 -0.999989650
vn 0.003445455 -0.002971215 -0.999989650
vn 0.003445455 -0.002971215 -0.999989650
vn 0.003445455 -0.002971215 -0.999989650
vn 0.003445455 -0.002971215 -0.999989650
vn 0.003374744 -0.002971216 -0.999989891
vn 0.003351151 -0.002971216 -0.999989971
vn 0.003327548 -0.002971216 -0.999990050
vn 0.003303933 -0.002971217 -0.999990128
vn 0.003067206 -0.002971219 -0.999990882
vn 0.003043477 -0.002971219 -0.999990955
vn 0.002995988 -0.002971220 -0.999991098
vn 0.002948461 -0.002971220 -0.999991239
vn 0.002734117 -0.002971222 -0.999991848
vn 0.002734117 -0.002971222 -0.999991848
vn 0.002710255 -0.002971222 -0.999991913
vn 0.002638617 -0.002971223 -0.999992105
vn 0.002566900 -0.002971223 -0.999992291
vn 0.002542978 -0.002971223 -0.999992353
vn 0.002423243 -0.002971224 -0.999992650
vn 0.002399272 -0.002971224 -0.999992708
vn 0.002279300 -0.002971225 -0.999992988
vn 0.002255283 -0.002971225 -0.999993043
vn 0.002255283 -0.002971225 -0.999993043
vn 0.002255283 -0.002971225 -0.999993043
vn 0.002255283 -0.002971225 -0.999993043
vn 0.002255283 -0.002971225 -0.999993043
vn 0.002255283 -0.002971225 -0.999993043
vn 0.002255283 -0.002971225 -0.999993043
vn 0.002255283 -0.002971225 -0.999993043
vn 0.002255283 -0.002971225 -0.999993043
vn 0.002255283 -0.002971225 -0.999993043
vn 0.002255283 -0.002971225 -0.999993043
vn 0.002255283 -0.002971225 -0.999993043
vn 0.002255283 -0.002971225 -0.999993043
vn 0.002135088 -0.002971226 -0.999993307
vn 0.002062886 -0.002971227 -0.999993458
vn 0.002038806 -0.002971227 -0.999993508
vn 0.001942416 -0.002971227 -0.999993699
vn 0.001894183 -0.002971228 -0.999993792
vn 0.001894183 -0.002971228 -0.999993792
vn 0.001845925 -0.002971228 -0.999993882
vn 0.001749338 -0.002971228 -0.999994056
vn 0.001531687 -0.002971229 -0.999994413
vn 0.001434820 -0.002971230 -0.999994557
vn 0.001434820 -0.002971230 -0.999994557
vn 0.001410591 -0.002971230 -0.999994591
vn 0.001337877 -0.002971230 -0.999994691
vn 0.001313631 -0.002971230 -0.999994723
vn 0.001192334 -0.002971231 -0.999994875
vn 0.001168062 -0.002971231 -0.999994904
vn 0.001095225 -0.002971231 -0.999994986
vn 0.001070939 -0.002971231 -0.999995012
vn 0.001046649 -0.002971231 -0.999995038
vn 0.001046649 -0.002971231 -0.999995038
vn 0.001046649 -0.002971231 -0.999995038
vn 0.001046649 -0.002971231 -0.999995038
vn 0.001046649 -0.002971231 -0.999995038
vn 0.001046649 -0.002971231 -0.999995038
vn 0.001046649 -0.002971231 -0.999995038
vn 0.001046649 -0.002971231 -0.999995038
vn 0.001046649 -0.002971231 -0.999995038
vn 0.001046649 -0.002971231 -0.999995038
vn 0.001046649 -0.002971231 -0.999995038
vn 0.001046649 -0.002971231 -0.999995038
vn 0.000803576 -0.002971232 -0.999995263
vn 0.000779253 -0.002971232 -0.999995282
vn 0.000779253 -0.002971232 -0.999995282
vn 0.000706269 -0.002971232 -0.999995336
vn 0.000681936 -0.002971232 -0.999995353
vn 0.000462849 -0.002971233 -0.999995479
vn 0.000462849 -0.002971233 -0.999995479
vn 0.000438497 -0.002971233 -0.999995490
vn 0.000438497 -0.002971233 -0.999995490
vn -0.000170552 -0.002971233 -0.999995571
vn -0.000170552 -0.002971233 -0.999995571
vn -0.000170552 -0.002971233 -0.999995571
vn -0.000170552 -0.002971233 -0.999995571
vn -0.000170552 -0.002971233 -0.999995571
vn -0.000170552 -0.002971233 -0.999995571
vn -0.000170552 -0.002971233 -0.999995571
vn -0.000170552 -0.002971233 -0.999995571
vn -0.000170552 -0.002971233 -0.999995571
vn -0.000170552 -0.002971233 -0.999995571
vn -0.000170552 -0.002971233 -0.999995571
vn -0.000170552 -0.002971233 -0.999995571
vn -0.000219278 -0.002971233 -0.999995562
vn -0.000243639 -0.002971233 -0.999995556
vn -0.000730599 -0.002971232 -0.999995319
vn -0.000754927 -0.002971232 -0.999995301
vn -0.000900841 -0.002971232 -0.999995180
vn -0.000925150 -0.002971232 -0.999995158
vn -0.000925150 -0.002971232 -0.999995158
vn -0.000998059 -0.002971231 -0.999995088
vn -0.001192334 -0.002971231 -0.999994875
vn -0.001216601 -0.002971231 -0.999994846
vn -0.001386358 -0.002971230 -0.999994625
vn -0.001386358 -0.002971230 -0.999994625
vn -0.001386358 -0.002971230 -0.999994625
vn -0.001386358 -0.002971230 -0.999994625
vn -0.001386358 -0.002971230 -0.999994625
vn -0.001386358 -0.002971230 -0.999994625
vn -0.001386358 -0.002971230 -0.999994625
vn -0.001386358 -0.002971230 -0.999994625
vn -0.001386358 -0.002971230 -0.999994625
vn -0.001386358 -0.002971230 -0.999994625
vn -0.001386358 -0.002971230 -0.999994625
vn -0.001386358 -0.002971230 -0.999994625
vn -0.001773493 -0.002971228 -0.999994013
vn -0.001821787 -0.002971228 -0.999993926
vn -0.001845925 -0.002971228 -0.999993882
vn -0.001845925 -0.002971228 -0.999993882
vn -0.001942416 -0.002971227 -0.999993699
vn -0.002159141 -0.002971226 -0.999993255
vn -0.002279300 -0.002971225 -0.999992988
vn -0.002351306 -0.002971225 -0.999992822
vn -0.002375293 -0.002971225 -0.999992765
vn -0.002399272 -0.002971224 -0.999992708
vn -0.002423243 -0.002971224 -0.999992650
vn -0.002519047 -0.002971223 -0.999992413
vn -0.002542978 -0.002971223 -0.999992353
vn -0.002590814 -0.002971223 -0.999992230
vn -0.002590814 -0.002971223 -0.999992230
vn -0.002590814 -0.002971223 -0.999992230
vn -0.002590814 -0.002971223 -0.999992230
vn -0.002590814 -0.002971223 -0.999992230
vn -0.002590814 -0.002971223 -0.999992230
vn -0.002590814 -0.002971223 -0.999992230
vn -0.002590814 -0.002971223 -0.999992230
vn -0.002590814 -0.002971223 -0.999992230
vn -0.002590814 -0.002971223 -0.999992230
vn -0.002590814 -0.002971223 -0.999992230
vn -0.002590814 -0.002971223 -0.999992230
vn -0.002590814 -0.002971223 -0.999992230
vn -0.002614720 -0.002971223 -0.999992168
vn -0.002686384 -0.002971222 -0.999991978
vn -0.002900894 -0.002971220 -0.999991378
vn -0.002900894 -0.002971220 -0.999991378
vn -0.002924682 -0.002971220 -0.999991309
vn -0.002924682 -0.002971220 -0.999991309
vn -0.003019737 -0.002971219 -0.999991026
vn -0.003043477 -0.002971219 -0.999990955
vn -0.003114634 -0.002971218 -0.999990735
vn -0.003162022 -0.002971218 -0.999990587
vn -0.003303933 -0.002971217 -0.999990128
vn -0.003327548 -0.002971216 -0.999990050
vn -0.003421896 -0.002971215 -0.999989731
vn -0.003445455 -0.002971215 -0.999989650
vn -0.003539578 -0.002971214 -0.999989322
vn -0.003563080 -0.002971214 -0.999989238
vn -0.003586570 -0.002971214 -0.999989154
vn -0.003774063 -0.002971212 -0.999988464
vn -0.003774063 -0.002971212 -0.999988464
vn -0.003774063 -0.002971212 -0.999988464
vn -0.003774063 -0.002971212 -0.999988464
vn -0.003774063 -0.002971212 -0.999988464
vn -0.003774063 -0.002971212 -0.999988464
vn -0.003774063 -0.002971212 -0.999988464
vn -0.003774063 -0.002971212 -0.999988464
vn -0.003774063 -0.002971212 -0.999988464
vn -0.003774063 -0.002971212 -0.999988464
vn -0.003774063 -0.002971212 -0.999988464
vn -0.003774063 -0.002971212 -0.999988464
vn -0.003797445 -0.002971211 -0.999988376
vn -0.003844171 -0.002971211 -0.999988197
vn -0.003890846 -0.002971210 -0.999988017
vn -0.004007311 -0.002971209 -0.999987557
vn -0.004030565 -0.002971209 -0.999987463
vn -0.004030565 -0.002971209 -0.999987463
vn -0.004169808 -0.002971207 -0.999986892
vn -0.004192968 -0.002971207 -0.999986795
vn -0.004216114 -0.002971206 -0.999986698
vn -0.004239247 -0.002971206 -0.999986600
vn -0.004400780 -0.002971204 -0.999985902
vn -0.004423799 -0.002971204 -0.999985801
vn -0.004492769 -0.002971203 -0.999985493
vn -0.004561606 -0.002971202 -0.999985182
vn -0.004653180 -0.002971201 -0.999984760
vn -0.004835590 -0.002971198 -0.999983894
vn -0.004926418 -0.002971197 -0.999983451
vn -0.004926418 -0.002971197 -0.999983451
vn -0.004926418 -0.002971197 -0.999983451
vn -0.004926418 -0.002971197 -0.999983451
vn -0.004926418 -0.002971197 -0.999983451
vn -0.004926418 -0.002971197 -0.999983451
vn -0.004926418 -0.002971197 -0.999983451
vn -0.004926418 -0.002971197 -0.999983451
vn -0.004926418 -0.002971197 -0.999983451
vn -0.004926418 -0.002971197 -0.999983451
vn -0.004926418 -0.002971197 -0.999983451
vn -0.004926418 -0.002971197 -0.999983451
vn -0.004926418 -0.002971197 -0.999983451
vn -0.005016987 -0.002971195 -0.999983001
vn -0.005376587 -0.002971190 -0.999981132
vn -0.005398915 -0.002971190 -0.999981012
vn -0.005488051 -0.002971188 -0.999980526
vn -0.005488051 -0.002971188 -0.999980526
vn -0.005510291 -0.002971188 -0.999980404
vn -0.005554715 -0.002971187 -0.999980158
vn -0.005775732 -0.002971183 -0.999978906
vn -0.005797731 -0.002971183 -0.999978779
vn -0.005841672 -0.002971182 -0.999978523
vn -0.005841672 -0.002971182 -0.999978523
vn -0.005863613 -0.002971182 -0.999978395
vn -0.005973032 -0.002971180 -0.999977747
vn -0.005994857 -0.002971179 -0.999977617
vn -0.006016663 -0.002971179 -0.999977486
vn -0.006038449 -0.002971179 -0.999977354
vn -0.006038449 -0.002971179 -0.999977354
vn -0.006038449 -0.002971179 -0.999977354
vn -0.006038449 -0.002971179 -0.999977354
vn -0.006038449 -0.002971179 -0.999977354
vn -0.006038449 -0.002971179 -0.999977354
vn -0.006038449 -0.002971179 -0.999977354
vn -0.006038449 -0.002971179 -0.999977354
vn -0.006038449 -0.002971179 -0.999977354
vn -0.006038449 -0.002971179 -0.999977354
vn -0.006038449 -0.002971179 -0.999977354
vn -0.006038449 -0.002971179 -0.999977354
vn -0.006125394 -0.002971177 -0.999976826
vn -0.006179572 -0.002971176 -0.999976492
vn -0.006179572 -0.002971176 -0.999976492
vn -0.006212018 -0.002971176 -0.999976291
vn -0.006512609 -0.002971170 -0.999974379
vn -0.006618959 -0.002971168 -0.999973680
vn -0.006724768 -0.002971166 -0.999972974
vn -0.006809018 -0.002971164 -0.999972404
vn -0.006830025 -0.002971164 -0.999972261
vn -0.006851010 -0.002971163 -0.999972118
vn -0.006871972 -0.002971163 -0.999971974
vn -0.006913829 -0.002971162 -0.999971685
vn -0.006934723 -0.002971161 -0.999971541
vn -0.006997270 -0.002971160 -0.999971105
vn -0.007018073 -0.002971160 -0.999970959
vn -0.007101055 -0.002971158 -0.999970373
vn -0.007101055 -0.002971158 -0.999970373
vn -0.007101055 -0.002971158 -0.999970373
vn -0.007101055 -0.002971158 -0.999970373
vn -0.007101055 -0.002971158 -0.999970373
vn -0.007101055 -0.002971158 -0.999970373
vn -0.007101055 -0.002971158 -0.999970373
vn -0.007101055 -0.002971158 -0.999970373
vn -0.007101055 -0.002971158 -0.999970373
vn -0.007101055 -0.002971158 -0.999970373
vn -0.007101055 -0.002971158 -0.999970373
vn -0.007101055 -0.002971158 -0.999970373
vn -0.007121743 -0.002971158 -0.999970226
vn -0.007368154 -0.002971152 -0.999968441
vn -0.007388533 -0.002971152 -0.999968290
vn -0.007388533 -0.002971152 -0.999968290
vn -0.007408888 -0.002971151 -0.999968140
vn -0.007449524 -0.002971150 -0.999967838
vn -0.007469806 -0.002971150 -0.999967687
vn -0.007490063 -0.002971150 -0.999967535
vn -0.007510296 -0.002971149 -0.999967383
vn -0.007530504 -0.002971149 -0.999967231
vn -0.007550688 -0.002971148 -0.999967079
vn -0.007711260 -0.002971145 -0.999965854
vn -0.007790941 -0.002971143 -0.999965236
vn -0.007909697 -0.002971140 -0.999964304
vn -0.008105543 -0.002971135 -0.999962736
vn -0.008105543 -0.002971135 -0.999962736
vn -0.008105543 -0.002971135 -0.999962736
vn -0.008105543 -0.002971135 -0.999962736
vn -0.008105543 -0.002971135 -0.999962736
vn -0.008105543 -0.002971135 -0.999962736
vn -0.008105543 -0.002971135 -0.999962736
vn -0.008105543 -0.002971135 -0.999962736
vn -0.008105543 -0.002971135 -0.999962736
vn -0.008105543 -0.002971135 -0.999962736
vn -0.008105543 -0.002971135 -0.999962736
vn -0.008105543 -0.002971135 -0.999962736
vn -0.008124983 -0.002971135 -0.999962578
vn -0.008144396 -0.002971134 -0.999962420
vn -0.008202475 -0.002971133 -0.999961945
vn -0.008221780 -0.002971132 -0.999961787
vn -0.008298734 -0.002971131 -0.999961151
vn -0.008413348 -0.002971128 -0.999960193
vn -0.008413348 -0.002971128 -0.999960193
vn -0.008432354 -0.002971127 -0.999960033
vn -0.008545809 -0.002971124 -0.999959070
vn -0.008620887 -0.002971122 -0.999958426
vn -0.008880075 -0.002971116 -0.999956157
vn -0.008953088 -0.002971114 -0.999955506
vn -0.009025633 -0.002971112 -0.999954854
vn -0.009043695 -0.002971111 -0.999954691
vn -0.009043695 -0.002971111 -0.999954691
vn -0.009043695 -0.002971111 -0.999954691
vn -0.009043695 -0.002971111 -0.999954691
vn -0.009043695 -0.002971111 -0.999954691
vn -0.009043695 -0.002971111 -0.999954691
vn -0.009043695 -0.002971111 -0.999954691
vn -0.009043695 -0.002971111 -0.999954691
vn -0.009043695 -0.002971111 -0.999954691
vn -0.009043695 -0.002971111 -0.999954691
vn -0.009043695 -0.002971111 -0.999954691
vn -0.009043695 -0.002971111 -0.999954691
vn -0.009043695 -0.002971111 -0.999954691
vn -0.009133562 -0.002971109 -0.999953874
vn -0.009222680 -0.002971107 -0.999953056
vn -0.009381185 -0.002971102 -0.999951582
vn -0.009468170 -0.002971100 -0.999950762
vn -0.009468170 -0.002971100 -0.999950762
vn -0.009485475 -0.002971099 -0.999950598
vn -0.009537201 -0.002971098 -0.999950106
vn -0.009554381 -0.002971097 -0.999949942
vn -0.009605732 -0.002971096 -0.999949450
vn -0.009622786 -0.002971095 -0.999949286
vn -0.009622786 -0.002971095 -0.999949286
vn -0.009639808 -0.002971095 -0.999949122
vn -0.009707583 -0.002971093 -0.999948466
vn -0.009824961 -0.002971089 -0.999947320
vn -0.009841601 -0.002971089 -0.999947156
vn -0.009874785 -0.002971088 -0.999946829
vn -0.009891328 -0.002971088 -0.999946666
vn -0.009907839 -0.002971087 -0.999946502
vn -0.009907839 -0.002971087 -0.999946502
vn -0.009907839 -0.002971087 -0.999946502
vn -0.009907839 -0.002971087 -0.999946502
vn -0.009907839 -0.002971087 -0.999946502
vn -0.009907839 -0.002971087 -0.999946502
vn -0.009907839 -0.002971087 -0.999946502
vn -0.009907839 -0.002971087 -0.999946502
vn -0.009907839 -0.002971087 -0.999946502
vn -0.009907839 -0.002971087 -0.999946502
vn -0.009907839 -0.002971087 -0.999946502
vn -0.009907839 -0.002971087 -0.999946502
vn -0.009907839 -0.002971087 -0.999946502
vn -0.009907839 -0.002971087 -0.999946502
vn -0.009989905 -0.002971085 -0.999945686
vn -0.010119507 -0.002971081 -0.999944383
vn -0.010199432 -0.002971078 -0.999943571
vn -0.010309924 -0.002971075 -0.999942437
vn -0.010403314 -0.002971072 -0.999941470
vn -0.010449550 -0.002971071 -0.999940988
vn -0.010464894 -0.002971070 -0.999940828
vn -0.010556234 -0.002971067 -0.999939868
vn -0.010571336 -0.002971067 -0.999939708
vn -0.010571336 -0.002971067 -0.999939708
vn -0.010601438 -0.002971066 -0.999939389
vn -0.010616436 -0.002971065 -0.999939230
vn -0.010616436 -0.002971065 -0.999939230
vn -0.010690907 -0.002971063 -0.999938437
vn -0.010690907 -0.002971063 -0.999938437
vn -0.010690907 -0.002971063 -0.999938437
vn -0.010690907 -0.002971063 -0.999938437
vn -0.010690907 -0.002971063 -0.999938437
vn -0.010690907 -0.002971063 -0.999938437
vn -0.010690907 -0.002971063 -0.999938437
vn -0.010690907 -0.002971063 -0.999938437
vn -0.010690907 -0.002971063 -0.999938437
vn -0.010690907 -0.002971063 -0.999938437
vn -0.010690907 -0.002971063 -0.999938437
vn -0.010690907 -0.002971063 -0.999938437
vn -0.010690907 -0.002971063 -0.999938437
vn -0.010705696 -0.002971063 -0.999938279
vn -0.010749853 -0.002971061 -0.999937805
vn -0.010764502 -0.002971061 -0.999937647
vn -0.010880419 -0.002971057 -0.999936393
vn -0.010894748 -0.002971057 -0.999936237
vn -0.010965861 -0.002971054 -0.999935459
vn -0.010994054 -0.002971053 -0.999935150
vn -0.011015105 -0.002971053 -0.999934918
vn -0.011015105 -0.002971053 -0.999934918
vn -0.011015105 -0.002971053 -0.999934918
vn -0.011022104 -0.002971052 -0.999934841
vn -0.011029094 -0.002971052 -0.999934764
vn -0.011029094 -0.002971052 -0.999934764
vn -0.011029094 -0.002971052 -0.999934764
vn -0.011029094 -0.002971052 -0.999934764
vn -0.011029094 -0.002971052 -0.999934764
vn -0.011029094 -0.002971052 -0.999934764
vn -0.011029094 -0.002971052 -0.999934764
vn -0.011029094 -0.002971052 -0.999934764
vn -0.011029094 -0.002971052 -0.999934764
vn -0.011029094 -0.002971052 -0.999934764
vn -0.011029094 -0.002971052 -0.999934764
vn -0.011029094 -0.002971052 -0.999934764
vn -0.011029094 -0.002971052 -0.999934764
vn -0.011029094 -0.002971052 -0.999934764
vn -0.011029094 -0.002971052 -0.999934764
vn -0.011029094 -0.002971052 -0.999934764
vn -0.011029094 -0.002971052 -0.999934764
vn -0.011029094 -0.002971052 -0.999934764
vn -0.011029094 -0.002971052 -0.999934764
vn -0.011029094 -0.002971052 -0.999934764
vn -0.011029094 -0.002971052 -0.999934764
vn -0.011029094 -0.002971052 -0.999934764
vn -0.011029094 -0.002971052 -0.999934764
vn -0.011029094 -0.002971052 -0.999934764
vn -0.011029094 -0.002971052 -0.999934764
vn -0.011043047 -0.002971052 -0.999934610
vn -0.011043047 -0.002971052 -0.999934610
vn -0.011043047 -0.002971052 -0.999934610
vn -0.011043047 -0.002971052 -0.999934610
vn -0.011043047 -0.002971052 -0.999934610
vn -0.011043047 -0.002971052 -0.999934610
vn -0.011043047 -0.002971052 -0.999934610
vn -0.011043047 -0.002971052 -0.999934610
vn -0.011043047 -0.002971052 -0.999934610
vn -0.011043047 -0.002971052 -0.999934610
vn -0.011043047 -0.002971052 -0.999934610
vn -0.011043047 -0.002971052 -0.999934610
vn -0.011043047 -0.002971052 -0.999934610
vn -0.011043047 -0.002971052 -0.999934610
vn -0.011056963 -0.002971051 -0.999934456
vn -0.011056963 -0.002971051 -0.999934456
vn -0.011056963 -0.002971051 -0.999934456
vn -0.011070844 -0.002971051 -0.999934302
vn -0.011077770 -0.002971051 -0.999934226
vn -0.011077770 -0.002971051 -0.999934226
vn -0.011077770 -0.002971051 -0.999934226
vn -0.011077770 -0.002971051 -0.999934226
vn -0.011077770 -0.002971051 -0.999934226
vn -0.011077770 -0.002971051 -0.999934226
vn -0.011077770 -0.002971051 -0.999934226
vn -0.011091596 -0.002971050 -0.999934073
vn -0.011091596 -0.002971050 -0.999934073
vn -0.011091596 -0.002971050 -0.999934073
vn -0.011091596 -0.002971050 -0.999934073
vn -0.011091596 -0.002971050 -0.999934073
vn -0.011091596 -0.002971050 -0.999934073
vn -0.011091596 -0.002971050 -0.999934073
vn -0.011091596 -0.002971050 -0.999934073
vn -0.011091596 -0.002971050 -0.999934073
vn -0.011105386 -0.002971050 -0.999933919
vn -0.011105386 -0.002971050 -0.999933919
vn -0.011105386 -0.002971050 -0.999933919
vn -0.011105386 -0.002971050 -0.999933919
vn -0.011105386 -0.002971050 -0.999933919
vn -0.011105386 -0.002971050 -0.999933919
vn -0.011105386 -0.002971050 -0.999933919
vn -0.011105386 -0.002971050 -0.999933919
vn -0.011119139 -0.002971049 -0.999933767
vn -0.011119139 -0.002971049 -0.999933767
vn -0.011119139 -0.002971049 -0.999933767
vn -0.011119139 -0.002971049 -0.999933767
vn -0.011119139 -0.002971049 -0.999933767
vn -0.011119139 -0.002971049 -0.999933767
vn -0.011119139 -0.002971049 -0.999933767
vn -0.011132856 -0.002971049 -0.999933614
vn -0.011132856 -0.002971049 -0.999933614
vn -0.011132856 -0.002971049 -0.999933614
vn -0.011132856 -0.002971049 -0.999933614
vn -0.011132856 -0.002971049 -0.999933614
vn -0.011132856 -0.002971049 -0.999933614
vn -0.011132856 -0.002971049 -0.999933614
vn -0.011132856 -0.002971049 -0.999933614
vn -0.011132856 -0.002971049 -0.999933614
vn -0.011132856 -0.002971049 -0.999933614
vn -0.011132856 -0.002971049 -0.999933614
vn -0.011139701 -0.002971049 -0.999933538
vn -0.011139701 -0.002971049 -0.999933538
vn -0.011146536 -0.002971048 -0.999933462
vn -0.011146536 -0.002971048 -0.999933462
vn -0.011146536 -0.002971048 -0.999933462
vn -0.011146536 -0.002971048 -0.999933462
vn -0.011146536 -0.002971048 -0.999933462
vn -0.011153363 -0.002971048 -0.999933385
vn -0.011160180 -0.002971048 -0.999933309
vn -0.011160180 -0.002971048 -0.999933309
vn -0.011160180 -0.002971048 -0.999933309
vn -0.011160180 -0.002971048 -0.999933309
vn -0.011160180 -0.002971048 -0.999933309
vn -0.011160180 -0.002971048 -0.999933309
vn -0.011160180 -0.002971048 -0.999933309
vn -0.011173788 -0.002971047 -0.999933157
vn -0.011173788 -0.002971047 -0.999933157
vn -0.011173788 -0.002971047 -0.999933157
vn -0.011187358 -0.002971047 -0.999933006
vn -0.011187358 -0.002971047 -0.999933006
vn -0.011187358 -0.002971047 -0.999933006
vn -0.011187358 -0.002971047 -0.999933006
vn -0.011187358 -0.002971047 -0.999933006
vn -0.011194130 -0.002971047 -0.999932930
vn -0.011194130 -0.002971047 -0.999932930
vn -0.011200892 -0.002971046 -0.999932854
vn -0.011200892 -0.002971046 -0.999932854
vn -0.011200892 -0.002971046 -0.999932854
vn -0.011200892 -0.002971046 -0.999932854
vn -0.011200892 -0.002971046 -0.999932854
vn -0.011207646 -0.002971046 -0.999932779
vn -0.011207646 -0.002971046 -0.999932779
vn -0.011214390 -0.002971046 -0.999932703
vn -0.011214390 -0.002971046 -0.999932703
vn -0.011214390 -0.002971046 -0.999932703
vn -0.011214390 -0.002971046 -0.999932703
vn -0.011214390 -0.002971046 -0.999932703
vn -0.011214390 -0.002971046 -0.999932703
vn -0.011214390 -0.002971046 -0.999932703
vn -0.011214390 -0.002971046 -0.999932703
vn -0.011214390 -0.002971046 -0.999932703
vn -0.011214390 -0.002971046 -0.999932703
vn -0.011214390 -0.002971046 -0.999932703
vn -0.011214390 -0.002971046 -0.999932703
vn -0.011227850 -0.002971046 -0.999932552
vn -0.011227850 -0.002971046 -0.999932552
vn -0.011227850 -0.002971046 -0.999932552
vn -0.011227850 -0.002971046 -0.999932552
vn -0.011227850 -0.002971046 -0.999932552
vn -0.011227850 -0.002971046 -0.999932552
vn -0.011227850 -0.002971046 -0.999932552
vn -0.011227850 -0.002971046 -0.999932552
vn -0.011227850 -0.002971046 -0.999932552
vn -0.011241274 -0.002971045 -0.999932401
vn -0.011241274 -0.002971045 -0.999932401
vn -0.011241274 -0.002971045 -0.999932401
vn -0.011241274 -0.002971045 -0.999932401
vn -0.011241274 -0.002971045 -0.999932401
vn -0.011241274 -0.002971045 -0.999932401
vn -0.011241274 -0.002971045 -0.999932401
vn -0.011241274 -0.002971045 -0.999932401
vn -0.011241274 -0.002971045 -0.999932401
vn -0.011241274 -0.002971045 -0.999932401
vn -0.011247972 -0.002971045 -0.999932326
vn -0.011254661 -0.002971045 -0.999932250
vn -0.011254661 -0.002971045 -0.999932250
vn -0.011254661 -0.002971045 -0.999932250
vn -0.011261341 -0.002971044 -0.999932175
vn -0.011261341 -0.002971044 -0.999932175
vn -0.011274673 -0.002971044 -0.999932025
vn -0.011274673 -0.002971044 -0.999932025
vn -0.011274673 -0.002971044 -0.999932025
vn -0.011274673 -0.002971044 -0.999932025
vn -0.011287968 -0.002971044 -0.999931875
vn -0.011287968 -0.002971044 -0.999931875
vn -0.011287968 -0.002971044 -0.999931875
vn -0.011287968 -0.002971044 -0.999931875
vn -0.011287968 -0.002971044 -0.999931875
vn -0.011287968 -0.002971044 -0.999931875
vn -0.011287968 -0.002971044 -0.999931875
vn -0.011287968 -0.002971044 -0.999931875
vn -0.011287968 -0.002971044 -0.999931875
vn -0.011287968 -0.002971044 -0.999931875
vn -0.011301226 -0.002971043 -0.999931725
vn -0.011301226 -0.002971043 -0.999931725
vn -0.011301226 -0.002971043 -0.999931725
vn -0.011301226 -0.002971043 -0.999931725
vn -0.011301226 -0.002971043 -0.999931725
vn -0.011301226 -0.002971043 -0.999931725
vn -0.011301226 -0.002971043 -0.999931725
vn -0.011301226 -0.002971043 -0.999931725
vn -0.011301226 -0.002971043 -0.999931725
vn -0.011301226 -0.002971043 -0.999931725
vn -0.011301226 -0.002971043 -0.999931725
vn -0.011301226 -0.002971043 -0.999931725
vn -0.011301226 -0.002971043 -0.999931725
vn -0.011301226 -0.002971043 -0.999931725
vn -0.011301226 -0.002971043 -0.999931725
vn -0.011301226 -0.002971043 -0.999931725
vn -0.011314446 -0.002971043 -0.999931576
vn -0.011314446 -0.002971043 -0.999931576
vn -0.011314446 -0.002971043 -0.999931576
vn -0.011314446 -0.002971043 -0.999931576
vn -0.011314446 -0.002971043 -0.999931576
vn -0.011314446 -0.002971043 -0.999931576
vn -0.011314446 -0.002971043 -0.999931576
vn -0.011314446 -0.002971043 -0.999931576
vn -0.011314446 -0.002971043 -0.999931576
vn -0.011314446 -0.002971043 -0.999931576
vn -0.011314446 -0.002971043 -0.999931576
vn -0.011314446 -0.002971043 -0.999931576
vn -0.011327630 -0.002971042 -0.999931426
vn -0.011334208 -0.002971042 -0.999931352
vn -0.011334208 -0.002971042 -0.999931352
vn -0.011386498 -0.002971040 -0.999930758
vn -0.011386498 -0.002971040 -0.999930758
vn -0.011386498 -0.002971040 -0.999930758
vn -0.011386498 -0.002971040 -0.999930758
vn -0.011386498 -0.002971040 -0.999930758
vn -0.011386498 -0.002971040 -0.999930758
vn -0.011386498 -0.002971040 -0.999930758
vn -0.011386498 -0.002971040 -0.999930758
vn -0.011386498 -0.002971040 -0.999930758
vn -0.011386498 -0.002971040 -0.999930758
vn -0.011386498 -0.002971040 -0.999930758
vn -0.011386498 -0.002971040 -0.999930758
vn -0.011412419 -0.002971039 -0.999930462
vn -0.011463812 -0.002971038 -0.999929875
vn -0.011489284 -0.002971037 -0.999929582
vn -0.011527209 -0.002971035 -0.999929146
vn -0.011552304 -0.002971035 -0.999928856
vn -0.011552304 -0.002971035 -0.999928856
vn -0.011564794 -0.002971034 -0.999928712
vn -0.011626679 -0.002971032 -0.999927994
vn -0.011651166 -0.002971031 -0.999927709
vn -0.011663353 -0.002971031 -0.999927567
vn -0.011663353 -0.002971031 -0.999927567
vn -0.011759466 -0.002971027 -0.999926441
vn -0.011771308 -0.002971027 -0.999926302
vn -0.011910386 -0.002971022 -0.999924655
vn -0.011921723 -0.002971022 -0.999924520
vn -0.011988925 -0.002971019 -0.999923716
vn -0.011988925 -0.002971019 -0.999923716
vn -0.011988925 -0.002971019 -0.999923716
vn -0.011988925 -0.002971019 -0.999923716
vn -0.011988925 -0.002971019 -0.999923716
vn -0.011988925 -0.002971019 -0.999923716
vn -0.011988925 -0.002971019 -0.999923716
vn -0.011988925 -0.002971019 -0.999923716
vn -0.011988925 -0.002971019 -0.999923716
vn -0.011988925 -0.002971019 -0.999923716
vn -0.011988925 -0.002971019 -0.999923716
vn -0.011988925 -0.002971019 -0.999923716
vn -0.011999988 -0.002971019 -0.999923584
vn -0.012011012 -0.002971019 -0.999923451
vn -0.012087076 -0.002971016 -0.999922535
vn -0.012108452 -0.002971015 -0.999922276
vn -0.012140220 -0.002971014 -0.999921891
vn -0.012140220 -0.002971014 -0.999921891
vn -0.012150730 -0.002971014 -0.999921763
vn -0.012150730 -0.002971014 -0.999921763
vn -0.012192370 -0.002971012 -0.999921256
vn -0.012202681 -0.002971012 -0.999921131
vn -0.012223182 -0.002971011 -0.999920880
vn -0.012253633 -0.002971010 -0.999920508
vn -0.012263703 -0.002971009 -0.999920384
vn -0.012293673 -0.002971008 -0.999920016
vn -0.012323280 -0.002971007 -0.999919652
vn -0.012323280 -0.002971007 -0.999919652
vn -0.012333068 -0.002971007 -0.999919531
vn -0.012428725 -0.002971003 -0.999918347
vn -0.012428725 -0.002971003 -0.999918347
vn -0.012475030 -0.002971002 -0.999917770
vn -0.012493266 -0.002971001 -0.999917542
vn -0.012493266 -0.002971001 -0.999917542
vn -0.012493266 -0.002971001 -0.999917542
vn -0.012493266 -0.002971001 -0.999917542
vn -0.012493266 -0.002971001 -0.999917542
vn -0.012493266 -0.002971001 -0.999917542
vn -0.012493266 -0.002971001 -0.999917542
vn -0.012493266 -0.002971001 -0.999917542
vn -0.012493266 -0.002971001 -0.999917542
vn -0.012493266 -0.002971001 -0.999917542
vn -0.012493266 -0.002971001 -0.999917542
vn -0.012493266 -0.002971001 -0.999917542
vn -0.012493266 -0.002971001 -0.999917542
vn -0.012511338 -0.002971000 -0.999917316
vn -0.012564571 -0.002970998 -0.999916649
vn -0.012581986 -0.002970998 -0.999916430
vn -0.012616322 -0.002970996 -0.999915997
vn -0.012624803 -0.002970996 -0.999915890
vn -0.012633243 -0.002970996 -0.999915784
vn -0.012641641 -0.002970995 -0.999915677
vn -0.012666587 -0.002970995 -0.999915362
vn -0.012674819 -0.002970994 -0.999915257
vn -0.012683010 -0.002970994 -0.999915154
vn -0.012683010 -0.002970994 -0.999915154
vn -0.012691159 -0.002970994 -0.999915050
vn -0.012691159 -0.002970994 -0.999915050
vn -0.012715358 -0.002970993 -0.999914743
vn -0.012723341 -0.002970992 -0.999914641
vn -0.012739182 -0.002970992 -0.999914440
vn -0.012747040 -0.002970991 -0.999914339
vn -0.012754856 -0.002970991 -0.999914240
vn -0.012823318 -0.002970989 -0.999913364
vn -0.012838071 -0.002970988 -0.999913175
vn -0.012859885 -0.002970987 -0.999912895
vn -0.012867072 -0.002970987 -0.999912802
vn -0.012867072 -0.002970987 -0.999912802
vn -0.012874217 -0.002970987 -0.999912710
vn -0.012888380 -0.002970986 -0.999912528
vn -0.012895398 -0.002970986 -0.999912437
vn -0.012895398 -0.002970986 -0.999912437
vn -0.012895398 -0.002970986 -0.999912437
vn -0.012895398 -0.002970986 -0.999912437
vn -0.012895398 -0.002970986 -0.999912437
vn -0.012895398 -0.002970986 -0.999912437
vn -0.012895398 -0.002970986 -0.999912437
vn -0.012895398 -0.002970986 -0.999912437
vn -0.012895398 -0.002970986 -0.999912437
vn -0.012895398 -0.002970986 -0.999912437
vn -0.012895398 -0.002970986 -0.999912437
vn -0.012895398 -0.002970986 -0.999912437
vn -0.012909308 -0.002970985 -0.999912258
vn -0.012929856 -0.002970985 -0.999911992
vn -0.012936621 -0.002970984 -0.999911905
vn -0.012950023 -0.002970984 -0.999911731
vn -0.012956661 -0.002970983 -0.999911645
vn -0.012982786 -0.002970982 -0.999911306
vn -0.012989211 -0.002970982 -0.999911223
vn -0.012995594 -0.002970982 -0.999911140
vn -0.013008231 -0.002970981 -0.999910976
vn -0.013008231 -0.002970981 -0.999910976
vn -0.013014486 -0.002970981 -0.999910894
vn -0.013020699 -0.002970981 -0.999910813
vn -0.013057076 -0.002970980 -0.999910339
vn -0.013062990 -0.002970979 -0.999910262
vn -0.013080473 -0.002970979 -0.999910033
vn -0.013080473 -0.002970979 -0.999910033
vn -0.013091915 -0.002970978 -0.999909883
vn -0.013114283 -0.002970977 -0.999909590
vn -0.013192037 -0.002970974 -0.999908568
vn -0.013192037 -0.002970974 -0.999908568
vn -0.013192037 -0.002970974 -0.999908568
vn -0.013192037 -0.002970974 -0.999908568
vn -0.013192037 -0.002970974 -0.999908568
vn -0.013192037 -0.002970974 -0.999908568
vn -0.013192037 -0.002970974 -0.999908568
vn -0.013192037 -0.002970974 -0.999908568
vn -0.013192037 -0.002970974 -0.999908568
vn -0.013192037 -0.002970974 -0.999908568
vn -0.013192037 -0.002970974 -0.999908568
vn -0.013192037 -0.002970974 -0.999908568
vn -0.013220420 -0.002970973 -0.999908193
vn -0.013224999 -0.002970973 -0.999908132
vn -0.013247245 -0.002970972 -0.999907838
vn -0.013247245 -0.002970972 -0.999907838
vn -0.013251564 -0.002970972 -0.999907780
vn -0.013251564 -0.002970972 -0.999907780
vn -0.013296207 -0.002970970 -0.999907188
vn -0.013311136 -0.002970970 -0.999906989
vn -0.013318339 -0.002970969 -0.999906893
vn -0.013321875 -0.002970969 -0.999906846
vn -0.013332221 -0.002970969 -0.999906708
vn -0.013337247 -0.002970969 -0.999906641
vn -0.013340543 -0.002970968 -0.999906597
vn -0.013340543 -0.002970968 -0.999906597
vn -0.013340543 -0.002970968 -0.999906597
vn -0.013353290 -0.002970968 -0.999906427
vn -0.013353290 -0.002970968 -0.999906427
vn -0.013365337 -0.002970968 -0.999906266
vn -0.013365337 -0.002970968 -0.999906266
vn -0.013368240 -0.002970967 -0.999906227
vn -0.013368240 -0.002970967 -0.999906227
vn -0.013371098 -0.002970967 -0.999906189
vn -0.013371098 -0.002970967 -0.999906189
vn -0.013371098 -0.002970967 -0.999906189
vn -0.013376684 -0.002970967 -0.999906114
vn -0.013379412 -0.002970967 -0.999906078
vn -0.013379412 -0.002970967 -0.999906078
vn -0.013380759 -0.002970967 -0.999906060
vn -0.013380759 -0.002970967 -0.999906060
vn -0.013380759 -0.002970967 -0.999906060
vn -0.013380759 -0.002970967 -0.999906060
vn -0.013380759 -0.002970967 -0.999906060
vn -0.013380759 -0.002970967 -0.999906060
vn -0.013380759 -0.002970967 -0.999906060
vn -0.013380759 -0.002970967 -0.999906060
vn -0.013380759 -0.002970967 -0.999906060
vn -0.013380759 -0.002970967 -0.999906060
vn -0.013384735 -0.002970967 -0.999906007
vn -0.013394855 -0.002970966 -0.999905871
vn -0.013394855 -0.002970966 -0.999905871
vn -0.013400824 -0.002970966 -0.999905791
vn -0.013405402 -0.002970966 -0.999905730
vn -0.013407625 -0.002970966 -0.999905700
vn -0.013409804 -0.002970966 -0.999905671
vn -0.013411939 -0.002970966 -0.999905642
vn -0.013414031 -0.002970966 -0.999905614
vn -0.013421956 -0.002970965 -0.999905508
vn -0.013423828 -0.002970965 -0.999905483
vn -0.013425656 -0.002970965 -0.999905458
vn -0.013425656 -0.002970965 -0.999905458
vn -0.013432527 -0.002970965 -0.999905366
vn -0.013435698 -0.002970965 -0.999905323
vn -0.013435698 -0.002970965 -0.999905323
vn -0.013437218 -0.002970965 -0.999905303
vn -0.013440126 -0.002970965 -0.999905264
vn -0.013441513 -0.002970964 -0.999905245
vn -0.013446624 -0.002970964 -0.999905176
vn -0.013446624 -0.002970964 -0.999905176
vn -0.013447792 -0.002970964 -0.999905161
vn -0.013447792 -0.002970964 -0.999905161
vn -0.013449996 -0.002970964 -0.999905131
vn -0.013451031 -0.002970964 -0.999905117
vn -0.013452970 -0.002970964 -0.999905091
vn -0.013453874 -0.002970964 -0.999905079
vn -0.013453874 -0.002970964 -0.999905079
vn -0.013456320 -0.002970964 -0.999905046
vn -0.013457394 -0.002970964 -0.999905031
vn -0.013457394 -0.002970964 -0.999905031
vn -0.013457394 -0.002970964 -0.999905031
vn -0.013457394 -0.002970964 -0.999905031
vn -0.013457394 -0.002970964 -0.999905031
vn -0.013457394 -0.002970964 -0.999905031
vn -0.013457394 -0.002970964 -0.999905031
vn -0.013458055 -0.002970964 -0.999905023
vn -0.013458055 -0.002970964 -0.999905023
vn -0.013458055 -0.002970964 -0.999905023
vn -0.013458055 -0.002970964 -0.999905023
vn -0.013458055 -0.002970964 -0.999905023
vn -0.013458055 -0.002970964 -0.999905023
vn -0.013458055 -0.002970964 -0.999905023
vn -0.013458055 -0.002970964 -0.999905023
vn -0.013458055 -0.002970964 -0.999905023
vn -0.013458055 -0.002970964 -0.999905023
vn -0.013458055 -0.002970964 -0.999905023
vn -0.013458055 -0.002970964 -0.999905023
vn -0.013458672 -0.002970964 -0.999905014
vn -0.013458672 -0.002970964 -0.999905014
vn -0.013458672 -0.002970964 -0.999905014
vn -0.013458672 -0.002970964 -0.999905014
vn -0.013458964 -0.002970964 -0.999905010
vn -0.013458964 -0.002970964 -0.999905010
vn -0.013459515 -0.002970964 -0.999905003
vn -0.013459515 -0.002970964 -0.999905003
vn -0.013460022 -0.002970964 -0.999904996
vn -0.013460022 -0.002970964 -0.999904996
vn -0.013460022 -0.002970964 -0.999904996
vn -0.013460022 -0.002970964 -0.999904996
vn -0.013460022 -0.002970964 -0.999904996
vn -0.013460022 -0.002970964 -0.999904996
vn -0.013460022 -0.002970964 -0.999904996
vn -0.013460485 -0.002970964 -0.999904990
vn -0.013460485 -0.002970964 -0.999904990
vn -0.013460485 -0.002970964 -0.999904990
vn -0.013460485 -0.002970964 -0.999904990
vn -0.013460485 -0.002970964 -0.999904990
vn -0.013460485 -0.002970964 -0.999904990
vn -0.013460485 -0.002970964 -0.999904990
vn -0.013460485 -0.002970964 -0.999904990
vn -0.013460904 -0.002970964 -0.999904984
vn -0.013460904 -0.002970964 -0.999904984
vn -0.013461278 -0.002970964 -0.999904979
vn -0.013461278 -0.002970964 -0.999904979
vn -0.013461609 -0.002970964 -0.999904975
vn -0.013462022 -0.002970964 -0.999904969
vn -0.013462138 -0.002970964 -0.999904968
vn -0.013462138 -0.002970964 -0.999904968
vn -0.013462336 -0.002970964 -0.999904965
vn -0.013462336 -0.002970964 -0.999904965
vn -0.013462336 -0.002970964 -0.999904965
vn -0.013462491 -0.002970964 -0.999904963
vn -0.013462491 -0.002970964 -0.999904963
vn -0.013462491 -0.002970964 -0.999904963
vn -0.013462491 -0.002970964 -0.999904963
vn -0.013462491 -0.002970964 -0.999904963
vn -0.013462491 -0.002970964 -0.999904963
vn -0.013462491 -0.002970964 -0.999904963
vn -0.013462551 -0.002970964 -0.999904962
vn -0.013462551 -0.002970964 -0.999904962
vn -0.013462551 -0.002970964 -0.999904962
vn -0.013462551 -0.002970964 -0.999904962
vn -0.013462551 -0.002970964 -0.999904962
vn -0.013462601 -0.002970964 -0.999904961
vn -0.013462601 -0.002970964 -0.999904961
vn -0.013462639 -0.002970964 -0.999904961
vn -0.013462639 -0.002970964 -0.999904961
vn -0.013462639 -0.002970964 -0.999904961
vn -0.013462639 -0.002970964 -0.999904961
vn -0.013462639 -0.002970964 -0.999904961
vn -0.013462639 -0.002970964 -0.999904961
vn -0.013462639 -0.002970964 -0.999904961
vn -0.013462639 -0.002970964 -0.999904961
vn -0.013462683 -0.002970964 -0.999904960
vn -0.013462683 -0.002970964 -0.999904960
vn -0.013462683 -0.002970964 -0.999904960
vn -0.013462683 -0.002970964 -0.999904960
vn -0.013462683 -0.002970964 -0.999904960
vn -0.013462683 -0.002970964 -0.999904960
vn -0.013462683 -0.002970964 -0.999904960
vn -0.013462683 -0.002970964 -0.999904960
vn -0.013462683 -0.002970964 -0.999904960
vn -0.013462683 -0.002970964 -0.999904960
vn -0.013462683 -0.002970964 -0.999904960
vn -0.013462683 -0.002970964 -0.999904960
vn -0.013462683 -0.002970964 -0.999904960
vn -0.013462683 -0.002970964 -0.999904960
vn -0.013462683 -0.002970964 -0.999904960
vn -0.013462683 -0.002970964 -0.999904960
vn -0.013462683 -0.002970964 -0.999904960
vn -0.013462683 -0.002970964 -0.999904960
vn -0.013462683 -0.002970964 -0.999904960
vn -0.013462683 -0.002970964 -0.999904960
vn -0.013462683 -0.002970964 -0.999904960
vn -0.013462683 -0.002970964 -0.999904960
vn -0.013462683 -0.002970964 -0.999904960
vn -0.013462683 -0.002970964 -0.999904960
vn -0.013462683 -0.002970964 -0.999904960
vn -0.013462683 -0.002970964 -0.999904960
vn -0.013462683 -0.002970964 -0.999904960
vn -0.013462683 -0.002970964 -0.999904960
vn 0.989949494 -0.141421356 0.000000000
vn 0.707106781 0.707106781 0.000000000
vn 0.000000000 -1.000000000 0.000000000
vn 0.447213595 -0.894427191 0.000000000
vn 0.000000000 -1.000000000 0.000000000
vn 0.796162194 -0.605083268 0.000000000
vn 0.000000000 -1.000000000 0.000000000
vn 0.707106781 0.707106781 0.000000000
vn 0.216930458 -0.976187060 0.000000000
vn 0.763386285 0.645942241 0.000000000
vn 0.707106781 -0.707106781 0.000000000
vn 1.000000000 0.000000000 0.000000000
vn 0.196116135 0.980580676 0.000000000
vn -1.000000000 -0.000000000 -0.000000000
vn -0.707106781 0.707106781 0.000000000
vn -0.316227766 0.948683298 0.000000000
vn -0.948683298 -0.316227766 -0.000000000
vn -0.707106781 -0.707106781 -0.000000000
vn 0.514495755 -0.857492926 0.000000000
vn -0.633237790 0.773957299 0.000000000
vn -1.000000000 -0.000000000 -0.000000000
vn -0.707106781 0.707106781 0.000000000
vn -0.894427191 0.447213595 0.000000000
vn 0.733760674 -0.679408031 0.000000000
vn 0.640184400 -0.768221280 0.000000000
vn -0.707106781 -0.707106781 -0.000000000
vn -0.613940614 -0.789352217 -0.000000000
vn -0.970142500 -0.242535625 -0.000000000
vn -0.554700196 -0.832050294 -0.000000000
vn -0.196116135 -0.980580676 -0.000000000
vn -0.543251278 -0.839570157 -0.000000000
vn -0.485642931 -0.874157276 -0.000000000
vn -0.894427191 -0.447213595 -0.000000000
vn -0.874157276 -0.485642931 -0.000000000
vn -0.274721128 -0.961523948 -0.000000000
vn -1.000000000 -0.000000000 -0.000000000
vn -0.591363664 0.806404996 0.000000000
vn -0.961523948 0.274721128 0.000000000
vn -0.090535746 0.995893206 0.000000000
vn -0.316227766 0.948683298 0.000000000
vn 0.707106781 0.707106781 0.000000000
vn 0.000000000 1.000000000 0.000000000
vn 0.997054486 -0.076696499 0.000000000
vn 0.591363664 0.806404996 0.000000000
vn -0.707106781 -0.707106781 -0.000000000
vn -1.000000000 -0.000000000 -0.000000000
vn -0.707106781 0.707106781 0.000000000
vn -0.910366477 -0.413802944 -0.000000000
vn -0.384615385 -0.923076923 -0.000000000
vn -0.707106781 -0.707106781 -0.000000000
vn 0.000000000 -1.000000000 0.000000000
vn -0.099503719 0.995037190 0.000000000
vn 0.000000000 1.000000000 0.000000000
vn -0.707106781 0.707106781 0.000000000
vn 0.000000000 1.000000000 0.000000000
vn -0.058722022 0.998274373 0.000000000
vn -0.763386285 -0.645942241 -0.000000000
vn -0.316227766 -0.948683298 -0.000000000
vn -0.919145030 -0.393919299 -0.000000000
vn -0.851658317 -0.524097426 -0.000000000
vn -1.000000000 -0.000000000 -0.000000000
vn -0.894427191 -0.447213595 -0.000000000
vn -0.242535625 -0.970142500 -0.000000000
vn -0.645942241 0.763386285 0.000000000
vn 0.000000000 -1.000000000 0.000000000
vn -1.000000000 -0.000000000 -0.000000000
vn 0.000000000 1.000000000 0.000000000
vn -0.857492926 0.514495755 0.000000000
vn -0.726468417 0.687199854 0.000000000
vn -0.707106781 0.707106781 0.000000000
vn -0.970142500 0.242535625 0.000000000
vn 0.358979079 0.933345606 0.000000000
vn 1.000000000 0.000000000 0.000000000
vn 0.164398987 -0.986393924 0.000000000
vn 0.707106781 -0.707106781 0.000000000
vn 1.000000000 0.000000000 0.000000000
vn 0.000000000 1.000000000 0.000000000
vn -0.707106781 -0.707106781 -0.000000000
vn -1.000000000 -0.000000000 -0.000000000
vn -0.707106781 -0.707106781 -0.000000000
vn -0.707106781 0.707106781 0.000000000
vn -0.316227766 0.948683298 0.000000000
vn -1.000000000 -0.000000000 -0.000000000
vn -0.707106781 0.707106781 0.000000000
vn -0.707106781 -0.707106781 -0.000000000
vn -1.000000000 -0.000000000 -0.000000000
vn -0.600000000 0.800000000 0.000000000
vn -0.351123442 0.936329178 0.000000000
vn -1.000000000 -0.000000000 -0.000000000
vn -1.000000000 -0.000000000 -0.000000000
vn -0.894427191 -0.447213595 -0.000000000
vn 0.041630545 0.999133073 0.000000000
vn -0.316227766 0.948683298 0.000000000
vn 0.316227766 -0.948683298 0.000000000
vn 0.986393924 -0.164398987 0.000000000
vn 0.707106781 -0.707106781 0.000000000
vn 0.000000000 -1.000000000 0.000000000
vn -0.371390676 0.928476691 0.000000000
vn 0.000000000 1.000000000 0.000000000
vn -0.371390676 0.928476691 0.000000000
vn 0.707106781 0.707106781 0.000000000
vn 0.000000000 1.000000000 0.000000000
vn 0.037011661 0.999314834 0.000000000
vn -0.707106781 0.707106781 0.000000000
vn 0.047565149 0.998868138 0.000000000
vn 0.000000000 -1.000000000 0.000000000
vn 0.000000000 -1.000000000 0.000000000
vn -1.000000000 -0.000000000 -0.000000000
vn -0.874157276 0.485642931 0.000000000
vn -0.447213595 0.894427191 0.000000000
vn -0.242535625 0.970142500 0.000000000
vn -0.447213595 0.894427191 0.000000000
vn -0.741535779 0.670913324 0.000000000
vn -1.000000000 -0.000000000 -0.000000000
vn -0.316227766 0.948683298 0.000000000
vn 0.000000000 1.000000000 0.000000000
vn -0.948683298 0.316227766 0.000000000
vn -0.707106781 0.707106781 0.000000000
vn 0.000000000 1.000000000 0.000000000
vn 0.000000000 1.000000000 0.000000000
vn -0.707106781 0.707106781 0.000000000
vn 0.894427191 0.447213595 0.000000000
vn 0.789352217 -0.613940614 0.000000000
vn 0.242535625 -0.970142500 0.000000000
vn 0.447213595 0.894427191 0.000000000
vn 0.813733471 0.581238194 0.000000000
vn 0.371390676 0.928476691 0.000000000
vn 0.813733471 0.581238194 0.000000000
vn 0.000000000 -1.000000000 0.000000000
vn 0.707106781 -0.707106781 0.000000000
vn -0.141421356 0.989949494 0.000000000
vn 0.000000000 1.000000000 0.000000000
vn 0.000000000 1.000000000 0.000000000
vn -0.274721128 -0.961523948 -0.000000000
vn -0.529998940 -0.847998304 -0.000000000
vn -0.514495755 -0.857492926 -0.000000000
vn -0.707106781 -0.707106781 -0.000000000
vn 0.000000000 -1.000000000 0.000000000
vn -0.773957299 0.633237790 0.000000000
vn -0.613940614 -0.789352217 -0.000000000
vn -1.000000000 -0.000000000 -0.000000000
vn -0.707106781 -0.707106781 -0.000000000
vn -1.000000000 -0.000000000 -0.000000000
vn -0.894427191 -0.447213595 -0.000000000
vn -0.707106781 -0.707106781 -0.000000000
vn -1.000000000 -0.000000000 -0.000000000
vn -0.783497679 0.621394711 0.000000000
vn -0.613940614 0.789352217 0.000000000
vn -0.536875492 -0.843661488 -0.000000000
vn -0.894427191 -0.447213596 -0.000000000
vn -0.894427191 0.447213596 0.000000000
vn -0.380749805 0.924678098 0.000000000
vn -0.948683298 0.316227766 0.000000000
vn -0.707106781 0.707106781 0.000000000
vn -1.000000000 -0.000000000 -0.000000000
vn 0.000000000 1.000000000 0.000000000
vn -0.447213595 0.894427191 0.000000000
vn 0.000000000 1.000000000 0.000000000
vn 0.707106781 0.707106781 0.000000000
vn 0.000000000 1.000000000 0.000000000
vn 0.707106781 0.707106781 0.000000000
vn -0.447213595 0.894427191 0.000000000
vn 0.707106781 0.707106781 0.000000000
vn 0.000000000 1.000000000 0.000000000
vn 0.000000000 1.000000000 0.000000000
vn -0.707106781 0.707106781 0.000000000
vn -0.447213595 -0.894427191 -0.000000000
vn 0.000000000 -1.000000000 0.000000000
vn 0.707106781 -0.707106781 0.000000000
vn 0.000000000 -1.000000000 0.000000000
vn 0.843661488 -0.536875492 0.000000000
vn 0.980580676 0.196116135 0.000000000
vn 0.000000000 1.000000000 0.000000000
vn 0.371390676 0.928476691 0.000000000
vn 0.000000000 1.000000000 0.000000000
vn 0.000000000 1.000000000 0.000000000
vn 0.371390676 0.928476691 0.000000000
vn -0.316227766 0.948683298 0.000000000
vn 0.371390676 0.928476691 0.000000000
vn 0.000000000 1.000000000 0.000000000
vn -0.707106781 0.707106781 0.000000000
vn -0.152057184 0.988371698 0.000000000
vn 0.000000000 1.000000000 0.000000000
vn 0.707106781 0.707106781 0.000000000
vn 0.371390676 0.928476691 0.000000000
vn -0.029399052 0.999567754 0.000000000
vn 0.000000000 -1.000000000 0.000000000
vn 0.164398987 -0.986393924 0.000000000
vn -0.707106781 -0.707106781 -0.000000000
vn -0.986393924 0.164398987 0.000000000
vn -0.196116135 0.980580676 0.000000000
vn -0.707106781 0.707106781 0.000000000
vn -0.707106781 -0.707106781 -0.000000000
vn -0.894427191 -0.447213595 -0.000000000
vn -0.707106781 -0.707106781 -0.000000000
vn -1.000000000 -0.000000000 -0.000000000
vn -0.645942241 0.763386285 0.000000000
vn -0.707106781 -0.707106781 -0.000000000
vn -0.970142500 0.242535625 0.000000000
vn -0.948683298 0.316227766 0.000000000
vn -0.707106781 0.707106781 0.000000000
vn 1.000000000 0.000000000 0.000000000
vn 0.707106781 -0.707106781 0.000000000
vn 0.707106781 0.707106781 0.000000000
vn 0.000000000 1.000000000 0.000000000
vn 0.813733471 -0.581238194 0.000000000
vn 0.148340453 -0.988936353 0.000000000
vn 0.485642931 -0.874157276 0.000000000
vn 0.316227766 0.948683298 0.000000000
vn 0.822192192 -0.569209979 0.000000000
vn 0.554700196 0.832050294 0.000000000
vn 0.196116135 0.980580676 0.000000000
vn 1.000000000 0.000000000 0.000000000
vn 1.000000000 0.000000000 0.000000000
vn 0.948683298 0.316227766 0.000000000
vn 0.832050294 0.554700196 0.000000000
vn -0.970142500 0.242535625 0.000000000
vn -0.447213595 0.894427191 0.000000000
vn -0.789352217 0.613940614 0.000000000
vn 0.645942241 0.763386285 0.000000000
vn 0.707106781 0.707106781 0.000000000
vn 0.707106781 0.707106781 0.000000000
vn 0.141421356 0.989949494 0.000000000
vn 0.000000000 1.000000000 0.000000000
vn 0.707106781 0.707106781 0.000000000
vn 0.371390676 0.928476691 0.000000000
vn -0.447213595 0.894427191 0.000000000
vn -0.600000000 0.800000000 0.000000000
vn -0.316227766 0.948683298 0.000000000
vn 0.000000000 1.000000000 0.000000000
vn -0.707106781 0.707106781 0.000000000
vn -0.707106781 -0.707106781 -0.000000000
vn -1.000000000 -0.000000000 -0.000000000
vn -0.707106781 -0.707106781 -0.000000000
vn -0.164398987 -0.986393924 -0.000000000
vn -0.164398987 -0.986393924 -0.000000000
vn -0.707106781 -0.707106781 -0.000000000
vn -1.000000000 -0.000000000 -0.000000000
vn -0.707106781 0.707106781 0.000000000
vn -0.707106781 -0.707106781 -0.000000000
vn -1.000000000 -0.000000000 -0.000000000
vn -0.447213595 0.894427191 0.000000000
vn 0.000000000 1.000000000 0.000000000
vn -0.874157276 0.485642931 0.000000000
vn -0.707106781 -0.707106781 -0.000000000
vn -0.948683298 0.316227766 0.000000000
vn -1.000000000 -0.000000000 -0.000000000
vn -0.832050294 -0.554700196 -0.000000000
vn -0.707106781 0.707106781 0.000000000
vn 0.000000000 1.000000000 0.000000000
vn 0.000000000 1.000000000 0.000000000
vn 0.447213595 0.894427191 0.000000000
vn -0.707106781 0.707106781 0.000000000
vn -0.152057184 0.988371698 0.000000000
vn 1.000000000 0.000000000 0.000000000
vn 0.894427191 -0.447213595 0.000000000
vn 0.000000000 -1.000000000 0.000000000
vn -0.707106781 -0.707106781 -0.000000000
vn 0.000000000 1.000000000 0.000000000
vn -0.447213595 -0.894427191 -0.000000000
vn 0.351123442 -0.936329178 0.000000000
vn 0.000000000 1.000000000 0.000000000
vn -0.049937617 0.998752339 0.000000000
vn 0.316227766 0.948683298 0.000000000
vn -0.447213595 0.894427191 0.000000000
vn 0.316227766 0.948683298 0.000000000
vn 0.000000000 1.000000000 0.000000000
vn -0.371390676 0.928476691 0.000000000
vn -0.707106781 0.707106781 0.000000000
vn 0.000000000 1.000000000 0.000000000
vn 1.000000000 0.000000000 0.000000000
vn -0.707106781 0.707106781 0.000000000
vn -0.654930538 0.755689083 0.000000000
vn -0.928476691 0.371390676 0.000000000
vn 0.707106781 0.707106781 0.000000000
vn -0.062378286 0.998052578 0.000000000
vn 0.707106781 0.707106781 0.000000000
vn 0.000000000 1.000000000 0.000000000
vn 0.554700196 0.832050294 0.000000000
vn 0.000000000 1.000000000 0.000000000
vn 0.000000000 1.000000000 0.000000000
vn 0.707106781 0.707106781 0.000000000
vn -0.554700196 0.832050294 0.000000000
vn 0.514495755 0.857492926 0.000000000
vn -0.141421356 0.989949494 0.000000000
vn 0.000000000 1.000000000 0.000000000
vn 0.554700196 0.832050294 0.000000000
vn 0.707106781 0.707106781 0.000000000
vn 0.000000000 1.000000000 0.000000000
vn 0.351123442 0.936329178 0.000000000
vn 0.000000000 1.000000000 0.000000000
vn 0.000000000 1.000000000 0.000000000
vn -0.707106781 0.707106781 0.000000000
vn 0.447213595 0.894427191 0.000000000
vn -0.316227766 0.948683298 0.000000000
vn 0.000000000 1.000000000 0.000000000
vn -0.707106781 0.707106781 0.000000000
vn 0.554700196 0.832050294 0.000000000
vn -0.707106781 0.707106781 0.000000000
vn 0.000000000 1.000000000 0.000000000
vn 0.514495755 0.857492926 0.000000000
vn 0.000000000 1.000000000 0.000000000
vn -0.447213595 0.894427191 0.000000000
vn 0.447213595 0.894427191 0.000000000
vn -0.447213595 0.894427191 0.000000000
vn -0.447213595 0.894427191 0.000000000
vn 0.000000000 1.000000000 0.000000000
vn -0.316227766 0.948683298 0.000000000
vn 0.045407661 0.998968540 0.000000000
vn 0.000000000 1.000000000 0.000000000
vn -0.707106781 0.707106781 0.000000000
vn 0.707106781 0.707106781 0.000000000
vn 0.000000000 -1.000000000 0.000000000
vn 0.447213595 -0.894427191 0.000000000
vn 0.000000000 -1.000000000 0.000000000
vn -0.707106781 -0.707106781 -0.000000000
vn -0.707106781 -0.707106781 -0.000000000
vn 0.707106781 -0.707106781 0.000000000
vn 0.000000000 -1.000000000 0.000000000
vn 0.707106781 -0.707106781 0.000000000
vn 0.000000000 -1.000000000 0.000000000
vn 0.000000000 -1.000000000 0.000000000
vn -0.894427191 0.447213595 0.000000000
vn -0.789352217 -0.613940614 -0.000000000
vn 0.707106781 -0.707106781 0.000000000
vn -0.164398987 -0.986393924 -0.000000000
vn -0.707106781 -0.707106781 -0.000000000
vn -0.707106781 -0.707106781 -0.000000000
vn -0.970142500 -0.242535625 -0.000000000
vn -0.894427191 0.447213595 0.000000000
vn -0.110431526 0.993883735 0.000000000
vn -1.000000000 -0.000000000 -0.000000000
vn 0.874157276 0.485642931 0.000000000
vn 0.351123442 0.936329178 0.000000000
vn 0.707106781 0.707106781 0.000000000
vn 0.894427191 0.447213595 0.000000000
vn 0.554700196 0.832050294 0.000000000
vn 0.000000000 1.000000000 0.000000000
vn 0.274721128 0.961523948 0.000000000
vn 0.707106781 0.707106781 0.000000000
vn 0.919145030 0.393919299 0.000000000
vn 0.768221280 0.640184400 0.000000000
vn 0.707106781 0.707106781 0.000000000
vn 0.000000000 1.000000000 0.000000000
vn 0.735931012 0.677056531 0.000000000
vn 0.755689083 -0.654930538 0.000000000
vn 0.988371698 -0.152057184 0.000000000
vn 0.600000000 -0.800000000 0.000000000
vn 0.196116135 -0.980580676 0.000000000
vn 0.640184400 0.768221280 0.000000000
vn 0.000000000 1.000000000 0.000000000
vn 0.707106781 0.707106781 0.000000000
vn 0.857492926 0.514495755 0.000000000
vn 0.948683298 0.316227766 0.000000000
vn -0.447213595 -0.894427191 -0.000000000
vn 0.707106781 0.707106781 0.000000000
vn -0.447213595 0.894427191 0.000000000
vn 0.047565149 0.998868138 0.000000000
vn 0.000000000 1.000000000 0.000000000
vn 0.707106781 0.707106781 0.000000000
vn -0.707106781 0.707106781 0.000000000
vn 0.554700196 0.832050294 0.000000000
vn -0.707106781 0.707106781 0.000000000
vn -0.316227766 0.948683298 0.000000000
vn -1.000000000 -0.000000000 -0.000000000
vn -0.707106781 -0.707106781 -0.000000000
vn -0.447213595 -0.894427191 -0.000000000
vn -0.707106781 -0.707106781 -0.000000000
vn 0.000000000 -1.000000000 0.000000000
vn -0.083045480 0.996545758 0.000000000
vn -0.773957299 0.633237790 0.000000000
vn 0.000000000 1.000000000 0.000000000
vn -0.554700196 0.832050294 0.000000000
vn -0.894427191 0.447213595 0.000000000
vn -0.707106781 -0.707106781 -0.000000000
vn -1.000000000 -0.000000000 -0.000000000
vn 0.000000000 1.000000000 0.000000000
vn 0.000000000 1.000000000 0.000000000
vn 0.707106781 0.707106781 0.000000000
vn 0.000000000 1.000000000 0.000000000
vn 0.000000000 1.000000000 0.000000000
vn 0.554700196 0.832050294 0.000000000
vn 0.000000000 1.000000000 0.000000000
vn 1.000000000 0.000000000 0.000000000
vn 0.894427191 0.447213595 0.000000000
vn 0.467887720 -0.883787916 0.000000000
vn 0.948683298 -0.316227766 0.000000000
vn 0.707106781 -0.707106781 0.000000000
vn 0.707106781 0.707106781 0.000000000
vn 0.447213595 0.894427191 0.000000000
vn 0.316227766 -0.948683298 0.000000000
vn 0.928476691 -0.371390676 0.000000000
vn 0.645942241 0.763386285 0.000000000
vn 0.707106781 -0.707106781 0.000000000
vn -0.874157276 0.485642931 0.000000000
vn 0.843661488 0.536875492 0.000000000
vn -0.242535625 -0.970142500 -0.000000000
vn 0.000000000 1.000000000 0.000000000
vn -0.447213595 0.894427191 0.000000000
vn 0.000000000 1.000000000 0.000000000
vn 0.447213595 0.894427191 0.000000000
vn -0.980580676 -0.196116135 -0.000000000
vn -0.707106781 -0.707106781 -0.000000000
vn 0.707106781 -0.707106781 0.000000000
vn -0.989949494 0.141421356 0.000000000
vn -1.000000000 -0.000000000 -0.000000000
vn -0.832050294 -0.554700196 -0.000000000
vn -0.707106781 -0.707106781 -0.000000000
vn -0.447213595 0.894427191 0.000000000
vn 0.707106781 0.707106781 0.000000000
vn 0.000000000 1.000000000 0.000000000
vn 0.000000000 1.000000000 0.000000000
vn 0.000000000 1.000000000 0.000000000
vn -0.707106781 0.707106781 0.000000000
vn -0.316227766 0.948683298 0.000000000
vn 0.000000000 1.000000000 0.000000000
vn -0.447213595 0.894427191 0.000000000
vn 0.000000000 1.000000000 0.000000000
vn -0.554700196 0.832050294 0.000000000
vn -0.707106781 0.707106781 0.000000000
vn 0.000000000 1.000000000 0.000000000
vn -0.707106781 0.707106781 0.000000000
vn 0.000000000 1.000000000 0.000000000
vn 0.707106781 0.707106781 0.000000000
vn -0.110431526 0.993883735 0.000000000
vn 0.071247050 0.997458700 0.000000000
vn 0.000000000 1.000000000 0.000000000
vn 0.110431526 0.993883735 0.000000000
vn -0.707106781 0.707106781 0.000000000
vn 0.000000000 1.000000000 0.000000000
vn 0.707106781 0.707106781 0.000000000
vn 0.000000000 1.000000000 0.000000000
vn 0.707106781 0.707106781 0.000000000
vn 0.707106781 0.707106781 0.000000000
vn 0.000000000 1.000000000 0.000000000
vn -0.554700196 0.832050294 0.000000000
vn 0.707106781 0.707106781 0.000000000
vn 0.000000000 1.000000000 0.000000000
vn 0.000000000 1.000000000 0.000000000
vn -0.707106781 0.707106781 0.000000000
vn 0.000000000 1.000000000 0.000000000
vn -0.707106781 0.707106781 0.000000000
vn 0.447213595 0.894427191 0.000000000
vn 0.000000000 1.000000000 0.000000000
vn 0.554700196 0.832050294 0.000000000
vn 0.000000000 1.000000000 0.000000000
vn 0.707106781 0.707106781 0.000000000
vn 0.000000000 1.000000000 0.000000000
vn -0.447213595 0.894427191 0.000000000
vn 0.000000000 1.000000000 0.000000000
vn -0.447213595 -0.894427191 -0.000000000
vn 0.707106781 -0.707106781 0.000000000
vn 0.707106781 -0.707106781 0.000000000
vn 0.000000000 -1.000000000 0.000000000
vn -0.554700196 -0.832050294 -0.000000000
vn 0.034462276 -0.999405999 0.000000000
vn 0.000000000 -1.000000000 0.000000000
vn 0.316227766 -0.948683298 0.000000000
vn -0.707106781 -0.707106781 -0.000000000
vn 0.000000000 -1.000000000 0.000000000
vn 0.000000000 -1.000000000 0.000000000
vn 0.000000000 -1.000000000 0.000000000
vn -0.707106781 -0.707106781 -0.000000000
vn -0.447213595 -0.894427191 -0.000000000
vn -0.371390676 0.928476691 0.000000000
vn -1.000000000 -0.000000000 -0.000000000
vn -0.707106781 -0.707106781 -0.000000000
vn -0.196116135 -0.980580676 -0.000000000
vn -1.000000000 -0.000000000 -0.000000000
vn -0.661621637 0.749837855 0.000000000
vn 0.919145030 0.393919299 0.000000000
vn 0.707106781 0.707106781 0.000000000
vn 0.090535746 0.995893206 0.000000000
vn 0.789352217 -0.613940614 0.000000000
vn 0.948683298 0.316227766 0.000000000
vn 0.894427191 0.447213595 0.000000000
vn 0.894427191 -0.447213596 0.000000000
vn 0.857492926 -0.514495755 0.000000000
vn 0.964763821 -0.263117406 0.000000000
vn -0.763386285 -0.645942241 -0.000000000
vn -0.948683298 0.316227766 0.000000000
vn 0.141421356 0.989949494 0.000000000
vn 0.707106781 -0.707106781 0.000000000
vn -0.707106781 -0.707106781 -0.000000000
vn 0.000000000 -1.000000000 0.000000000
vn 0.707106781 -0.707106781 0.000000000
vn -0.645942241 -0.763386285 -0.000000000
vn 0.707106781 -0.707106781 0.000000000
vn 0.894427191 -0.447213595 0.000000000
vn -1.000000000 -0.000000000 -0.000000000
vn -0.316227766 0.948683298 0.000000000
vn 0.090535746 0.995893206 0.000000000
vn 0.000000000 1.000000000 0.000000000
vn -0.707106781 0.707106781 0.000000000
vn -0.707106781 0.707106781 0.000000000
vn 0.000000000 1.000000000 0.000000000
vn 0.000000000 1.000000000 0.000000000
vn -0.707106781 0.707106781 0.000000000
vn 0.000000000 1.000000000 0.000000000
vn 0.707106781 0.707106781 0.000000000
vn 0.707106781 0.707106781 0.000000000
vn 0.000000000 1.000000000 0.000000000
vn 0.000000000 1.000000000 0.000000000
vn 0.707106781 0.707106781 0.000000000
vn -0.707106781 0.707106781 0.000000000
vn 0.000000000 1.000000000 0.000000000
vn -0.707106781 0.707106781 0.000000000
vn 0.045407661 0.998968540 0.000000000
vn -0.707106781 0.707106781 0.000000000
vn 0.000000000 1.000000000 0.000000000
vn 0.707106781 0.707106781 0.000000000
vn 1.000000000 0.000000000 0.000000000
vn 0.707106781 0.707106781 0.000000000
vn 0.894427191 -0.447213595 0.000000000
vn 0.948683298 0.316227766 0.000000000
vn 0.707106781 0.707106781 0.000000000
vn 0.110431526 -0.993883735 0.000000000
vn 0.707106781 -0.707106781 0.000000000
vn -0.707106781 -0.707106781 -0.000000000
vn 0.032241294 -0.999480114 0.000000000
vn 0.000000000 -1.000000000 0.000000000
vn -0.707106781 -0.707106781 -0.000000000
vn -0.707106781 -0.707106781 -0.000000000
vn 0.000000000 -1.000000000 0.000000000
vn -0.763386285 -0.645942241 -0.000000000
vn 1.000000000 0.000000000 0.000000000
vn -0.970142500 -0.242535625 -0.000000000
vn -0.806404996 0.591363664 0.000000000
vn 0.980580676 -0.196116135 0.000000000
vn -0.755689083 0.654930538 0.000000000
vn -0.707106781 -0.707106781 -0.000000000
vn 0.633237790 0.773957299 0.000000000
vn 0.514495755 -0.857492926 0.000000000
vn 0.554700196 0.832050294 0.000000000
vn 0.707106781 -0.707106781 0.000000000
vn 0.654930538 -0.755689083 0.000000000
vn 0.763386285 0.645942241 0.000000000
vn 0.000000000 -1.000000000 0.000000000
vn 0.316227766 0.948683298 0.000000000
vn -0.661621637 0.749837855 0.000000000
vn -0.274721128 -0.961523948 -0.000000000
vn 0.894427191 0.447213595 0.000000000
vn 0.316227766 -0.948683298 0.000000000
vn 0.393919299 0.919145030 0.000000000
vn -0.316227766 0.948683298 0.000000000
vn -0.707106781 0.707106781 0.000000000
vn 0.789352217 0.613940614 0.000000000
vn 0.894427191 -0.447213595 0.000000000
vn 0.600000000 0.800000000 0.000000000
vn -0.071247050 0.997458700 0.000000000
vn 1.000000000 0.000000000 0.000000000
vn 0.447213595 0.894427191 0.000000000
vn 0.000000000 1.000000000 0.000000000
vn 0.000000000 1.000000000 0.000000000
vn -0.316227766 0.948683298 0.000000000
vn -0.132163720 0.991227901 0.000000000
vn 0.000000000 1.000000000 0.000000000
vn 0.707106781 -0.707106781 0.000000000
vn -0.707106781 -0.707106781 -0.000000000
vn 0.000000000 -1.000000000 0.000000000
vn -0.707106781 -0.707106781 -0.000000000
vn 0.000000000 -1.000000000 0.000000000
vn 0.000000000 -1.000000000 0.000000000
vn 0.000000000 -1.000000000 0.000000000
vn 0.447213595 -0.894427191 0.000000000
vn 0.000000000 -1.000000000 0.000000000
vn 0.707106781 -0.707106781 0.000000000
vn 1.000000000 0.000000000 0.000000000
vn 0.316227766 -0.948683298 0.000000000
vn 1.000000000 0.000000000 0.000000000
vn 0.707106781 -0.707106781 0.000000000
vn 0.707106781 0.707106781 0.000000000
vn 0.948683298 -0.316227766 0.000000000
vn 0.707106781 -0.707106781 0.000000000
vn 0.970142500 0.242535625 0.000000000
vn 0.948683298 -0.316227766 0.000000000
vn 0.569209979 0.822192192 0.000000000
vn 0.894427191 0.447213596 0.000000000
vn 0.988371698 -0.152057184 0.000000000
vn 0.707106781 0.707106781 0.000000000
vn 0.316227766 -0.948683298 0.000000000
vn 0.707106781 0.707106781 0.000000000
vn 0.948683298 -0.316227766 0.000000000
vn 0.242535625 0.970142500 0.000000000
vn 0.600000000 -0.800000000 0.000000000
vn 1.000000000 0.000000000 0.000000000
vn 0.789352217 -0.613940614 0.000000000
vn 1.000000000 0.000000000 0.000000000
vn 1.000000000 0.000000000 0.000000000
vn 0.707106781 0.707106781 0.000000000
vn 0.000000000 -1.000000000 0.000000000
vn -0.554700196 -0.832050294 -0.000000000
vn -0.894427191 0.447213595 0.000000000
vn -0.789352217 0.613940614 0.000000000
vn -0.554700196 0.832050294 0.000000000
vn 1.000000000 0.000000000 0.000000000
vn 0.868243142 0.496138938 0.000000000
vn 0.316227766 0.948683298 0.000000000
vn 1.000000000 0.000000000 0.000000000
vn 0.536875492 0.843661488 0.000000000
vn 0.000000000 1.000000000 0.000000000
vn -0.707106781 0.707106781 0.000000000
vn 0.000000000 1.000000000 0.000000000
vn 0.000000000 1.000000000 0.000000000
vn -0.624695048 0.780868809 0.000000000
vn 0.316227766 0.948683298 0.000000000
vn 0.000000000 1.000000000 0.000000000
vn -0.707106781 0.707106781 0.000000000
vn 0.099503719 0.995037190 0.000000000
vn -0.707106781 0.707106781 0.000000000
vn 0.242535625 -0.970142500 0.000000000
vn 0.707106781 0.707106781 0.000000000
vn 0.993883735 0.110431526 0.000000000
vn 0.447213595 0.894427191 0.000000000
vn 1.000000000 0.000000000 0.000000000
vn 0.707106781 -0.707106781 0.000000000
vn 0.894427191 -0.447213596 0.000000000
vn -0.707106781 -0.707106781 -0.000000000
vn 0.000000000 -1.000000000 0.000000000
vn 0.000000000 -1.000000000 0.000000000
vn -0.707106781 -0.707106781 -0.000000000
vn 0.000000000 -1.000000000 0.000000000
vn 0.000000000 -1.000000000 0.000000000
vn -0.948683298 -0.316227766 -0.000000000
vn -0.633237790 -0.773957299 -0.000000000
vn -0.447213595 -0.894427191 -0.000000000
vn -0.654930538 -0.755689083 -0.000000000
vn 1.000000000 0.000000000 0.000000000
vn 0.894427191 0.447213595 0.000000000
vn 0.316227766 0.948683298 0.000000000
vn 0.000000000 -1.000000000 0.000000000
vn -0.447213595 0.894427191 0.000000000
vn -0.242535625 0.970142500 0.000000000
vn -0.707106781 0.707106781 0.000000000
vn 0.948683298 -0.316227766 0.000000000
vn 0.707106781 0.707106781 0.000000000
vn 0.707106781 -0.707106781 0.000000000
vn 0.316227766 0.948683298 0.000000000
vn -0.316227766 0.948683298 0.000000000
vn -0.707106781 0.707106781 0.000000000
vn 0.000000000 1.000000000 0.000000000
vn 0.707106781 0.707106781 0.000000000
vn -0.707106781 0.707106781 0.000000000
vn 0.707106781 -0.707106781 0.000000000
vn -0.071247050 -0.997458700 -0.000000000
vn 0.000000000 -1.000000000 0.000000000
vn 0.000000000 -1.000000000 0.000000000
vn 0.000000000 -1.000000000 0.000000000
vn -0.707106781 -0.707106781 -0.000000000
vn 0.707106781 -0.707106781 0.000000000
vn 0.000000000 -1.000000000 0.000000000
vn 0.090535746 -0.995893206 0.000000000
vn -0.707106781 -0.707106781 -0.000000000
vn 0.447213595 -0.894427191 0.000000000
vn -0.707106781 -0.707106781 -0.000000000
vn 0.000000000 -1.000000000 0.000000000
vn 0.000000000 -1.000000000 0.000000000
vn -0.316227766 -0.948683298 -0.000000000
vn 0.707106781 -0.707106781 0.000000000
vn -0.164398987 -0.986393924 -0.000000000
vn -0.447213595 -0.894427191 -0.000000000
vn 0.316227766 -0.948683298 0.000000000
vn 0.000000000 -1.000000000 0.000000000
vn 0.316227766 0.948683298 0.000000000
vn 0.813733471 0.581238194 0.000000000
vn 1.000000000 0.000000000 0.000000000
vn 0.707106781 -0.707106781 0.000000000
vn 0.707106781 -0.707106781 0.000000000
vn 0.789352217 0.613940614 0.000000000
vn 0.581238194 -0.813733471 0.000000000
vn 0.000000000 -1.000000000 0.000000000
vn -0.789352217 -0.613940614 -0.000000000
vn -1.000000000 -0.000000000 -0.000000000
vn 0.707106781 0.707106781 0.000000000
vn 1.000000000 0.000000000 0.000000000
vn 0.447213595 0.894427191 0.000000000
vn -0.707106781 0.707106781 0.000000000
vn 0.707106781 0.707106781 0.000000000
vn -0.707106781 0.707106781 0.000000000
vn 0.496138938 0.868243142 0.000000000
vn 0.707106781 0.707106781 0.000000000
vn 1.000000000 0.000000000 0.000000000
vn 0.789352217 -0.613940614 0.000000000
vn 0.707106781 -0.707106781 0.000000000
vn 0.164398987 -0.986393924 0.000000000
vn -0.554700196 -0.832050294 -0.000000000
vn 0.000000000 -1.000000000 0.000000000
vn -0.707106781 -0.707106781 -0.000000000
vn 0.000000000 -1.000000000 0.000000000
vn 0.000000000 -1.000000000 0.000000000
vn 0.707106781 -0.707106781 0.000000000
vn 0.000000000 -1.000000000 0.000000000
vn 0.000000000 -1.000000000 0.000000000
vn -0.707106781 -0.707106781 -0.000000000
vn 0.019996001 -0.999800060 0.000000000
vn -0.707106781 -0.707106781 -0.000000000
vn 0.000000000 -1.000000000 0.000000000
vn 0.707106781 -0.707106781 0.000000000
vn -0.447213595 -0.894427191 -0.000000000
vn -0.058722022 -0.998274373 -0.000000000
vn 0.707106781 -0.707106781 0.000000000
vn -0.447213595 0.894427191 0.000000000
vn -0.645942241 -0.763386285 -0.000000000
vn -1.000000000 -0.000000000 -0.000000000
vn -0.794357833 0.607450108 0.000000000
vn 0.763386285 0.645942241 0.000000000
vn -0.447213595 0.894427191 0.000000000
vn -0.789352217 0.613940614 0.000000000
vn -0.832050294 0.554700196 0.000000000
vn -0.894427191 -0.447213595 -0.000000000
vn -0.894427191 0.447213595 0.000000000
vn -1.000000000 -0.000000000 -0.000000000
vn 0.707106781 0.707106781 0.000000000
vn -0.707106781 0.707106781 0.000000000
vn -0.071247050 0.997458700 0.000000000
vn 0.707106781 0.707106781 0.000000000
vn -0.707106781 -0.707106781 -0.000000000
vn 0.707106781 -0.707106781 0.000000000
vn 0.000000000 -1.000000000 0.000000000
vn 0.000000000 -1.000000000 0.000000000
vn 0.707106781 -0.707106781 0.000000000
vn 0.447213595 -0.894427191 0.000000000
vn -0.447213595 -0.894427191 -0.000000000
vn 0.316227766 -0.948683298 0.000000000
vn 0.707106781 -0.707106781 0.000000000
vn 0.447213595 -0.894427191 0.000000000
vn 0.000000000 -1.000000000 0.000000000
vn 0.000000000 -1.000000000 0.000000000
vn -0.707106781 -0.707106781 -0.000000000
vn -0.707106781 -0.707106781 -0.000000000
vn 0.707106781 -0.707106781 0.000000000
vn -0.316227766 -0.948683298 -0.000000000
vn 0.707106781 -0.707106781 0.000000000
vn -0.707106781 -0.707106781 -0.000000000
vn 0.000000000 -1.000000000 0.000000000
vn 0.554700196 -0.832050294 0.000000000
vn -0.707106781 -0.707106781 -0.000000000
vn 0.000000000 -1.000000000 0.000000000
vn 0.316227766 -0.948683298 0.000000000
vn -0.707106781 -0.707106781 -0.000000000
vn 0.000000000 -1.000000000 0.000000000
vn 0.000000000 -1.000000000 0.000000000
vn -1.000000000 -0.000000000 -0.000000000
vn -0.707106781 0.707106781 0.000000000
vn 0.000000000 -1.000000000 0.000000000
vn -0.948683298 0.316227766 0.000000000
vn -0.645942241 0.763386285 0.000000000
vn -0.773957299 -0.633237790 -0.000000000
vn -0.980580676 0.196116135 0.000000000
vn 0.707106781 0.707106781 0.000000000
vn 0.707106781 -0.707106781 0.000000000
vn 0.274721128 -0.961523948 0.000000000
vn 0.707106781 0.707106781 0.000000000
vn 0.894427191 -0.447213595 0.000000000
vn 0.633237790 -0.773957299 0.000000000
vn 0.000000000 -1.000000000 0.000000000
vn 0.000000000 -1.000000000 0.000000000
vn 0.447213595 -0.894427191 0.000000000
vn 0.000000000 -1.000000000 0.000000000
vn -0.707106781 -0.707106781 -0.000000000
vn 0.000000000 -1.000000000 0.000000000
vn -0.707106781 -0.707106781 -0.000000000
vn 0.514495755 -0.857492926 0.000000000
vn 0.640184400 -0.768221280 0.000000000
vn 0.000000000 -1.000000000 0.000000000
vn 0.000000000 -1.000000000 0.000000000
vn 0.707106781 -0.707106781 0.000000000
vn -0.707106781 -0.707106781 -0.000000000
vn -0.707106781 -0.707106781 -0.000000000
vn 0.447213595 -0.894427191 0.000000000
vn 0.000000000 1.000000000 0.000000000
vn 0.000000000 -1.000000000 0.000000000
vn -0.316227766 -0.948683298 -0.000000000
vn 0.000000000 1.000000000 0.000000000
vn 0.447213595 -0.894427191 0.000000000
vn 0.800000000 -0.600000000 0.000000000
vn 0.371390676 -0.928476691 0.000000000
vn 0.000000000 -1.000000000 0.000000000
vn -0.316227766 -0.948683298 -0.000000000
vn 0.316227766 -0.948683298 0.000000000
vn -0.768221280 -0.640184400 -0.000000000
vn -0.554700196 -0.832050294 -0.000000000
vn -0.110431526 -0.993883735 -0.000000000
vn -0.707106781 -0.707106781 -0.000000000
vn 0.000000000 -1.000000000 0.000000000
vn 0.707106781 -0.707106781 0.000000000
vn -0.707106781 -0.707106781 -0.000000000
vn 0.000000000 -1.000000000 0.000000000
vn 1.000000000 0.000000000 0.000000000
vn 0.514495755 -0.857492926 0.000000000
vn -0.707106781 0.707106781 0.000000000
vn -0.928476691 0.371390676 0.000000000
vn -0.763386285 -0.645942241 -0.000000000
vn 0.707106781 -0.707106781 0.000000000
vn 0.000000000 -1.000000000 0.000000000
vn -0.554700196 -0.832050294 -0.000000000
vn 0.000000000 -1.000000000 0.000000000
vn 0.707106781 -0.707106781 0.000000000
vn 0.645942241 -0.763386285 0.000000000
vn 0.707106781 -0.707106781 0.000000000
vn 0.986393924 -0.164398987 0.000000000
vn 0.763386285 0.645942241 0.000000000
vn 0.749837855 0.661621637 0.000000000
vn 1.000000000 0.000000000 0.000000000
vn -0.707106781 -0.707106781 -0.000000000
vn 0.000000000 -1.000000000 0.000000000
vn -0.707106781 -0.707106781 -0.000000000
vn -1.000000000 -0.000000000 -0.000000000
vn 0.000000000 -1.000000000 0.000000000
vn 0.000000000 -1.000000000 0.000000000
vn -0.707106781 -0.707106781 -0.000000000
vn 0.316227766 -0.948683298 0.000000000
vn -0.707106781 -0.707106781 -0.000000000
vn -0.316227766 -0.948683298 -0.000000000
vn 0.707106781 -0.707106781 0.000000000
vn 0.000000000 -1.000000000 0.000000000
vn 0.707106781 -0.707106781 0.000000000
vn -0.581238194 0.813733471 0.000000000
vn 0.707106781 0.707106781 0.000000000
vn 0.000000000 1.000000000 0.000000000
vn 0.773957299 0.633237790 0.000000000
vn 0.000000000 -1.000000000 0.000000000
vn 0.000000000 1.000000000 0.000000000
vn 1.000000000 0.000000000 0.000000000
vn 0.707106781 -0.707106781 0.000000000
vn 0.000000000 -1.000000000 0.000000000
vn -0.554700196 -0.832050294 -0.000000000
vn -0.707106781 -0.707106781 -0.000000000
vn 0.707106781 -0.707106781 0.000000000
vn -0.316227766 -0.948683298 -0.000000000
vn 0.707106781 -0.707106781 0.000000000
vn 0.707106781 -0.707106781 0.000000000
vn -0.316227766 -0.948683298 -0.000000000
vn -0.707106781 -0.707106781 -0.000000000
vn 0.000000000 -1.000000000 0.000000000
vn -0.707106781 -0.707106781 -0.000000000
vn 0.707106781 -0.707106781 0.000000000
vn -0.707106781 -0.707106781 -0.000000000
vn 0.000000000 -1.000000000 0.000000000
vn -1.000000000 -0.000000000 -0.000000000
vn -0.707106781 -0.707106781 -0.000000000
vn 0.000000000 -1.000000000 0.000000000
vn 0.316227766 -0.948683298 0.000000000
vn 0.000000000 -1.000000000 0.000000000
vn 0.000000000 -1.000000000 0.000000000
vn -0.707106781 -0.707106781 -0.000000000
vn -0.645942241 -0.763386285 -0.000000000
vn -0.763386285 0.645942241 0.000000000
vn -0.894427191 -0.447213595 -0.000000000
vn -0.707106781 -0.707106781 -0.000000000
vn 0.447213595 0.894427191 0.000000000
vn -0.755689083 -0.654930538 -0.000000000
vn -0.970142500 0.242535625 0.000000000
vn -0.661621637 0.749837855 0.000000000
vn 0.000000000 -1.000000000 0.000000000
vn -0.707106781 -0.707106781 -0.000000000
vn 0.989949494 -0.141421356 0.000000000
vn 0.428086345 0.903737839 0.000000000
vn 0.000000000 -1.000000000 0.000000000
vn -0.707106781 -0.707106781 -0.000000000
vn 0.707106781 -0.707106781 0.000000000
vn -0.707106781 -0.707106781 -0.000000000
vn 0.707106781 -0.707106781 0.000000000
vn 0.000000000 -1.000000000 0.000000000
vn 0.316227766 0.948683298 0.000000000
vn 0.645942241 -0.763386285 0.000000000
vn -0.707106781 -0.707106781 -0.000000000
vn 0.447213595 -0.894427191 0.000000000
vn 0.000000000 -1.000000000 0.000000000
vn 0.707106781 -0.707106781 0.000000000
vn -0.948683298 0.316227766 0.000000000
vn -0.196116135 0.980580676 0.000000000
vn -1.000000000 -0.000000000 -0.000000000
vn 0.000000000 1.000000000 0.000000000
vn 0.196116135 -0.980580676 0.000000000
vn 1.000000000 0.000000000 0.000000000
vn 0.000000000 -1.000000000 0.000000000
vn -0.707106781 -0.707106781 -0.000000000
vn 0.000000000 -1.000000000 0.000000000
vn 0.707106781 -0.707106781 0.000000000
vn -0.707106781 -0.707106781 -0.000000000
vn 0.948683298 -0.316227766 0.000000000
vn 0.707106781 -0.707106781 0.000000000
vn 0.763386285 -0.645942241 0.000000000
vn 0.707106781 0.707106781 0.000000000
vn 0.980580676 0.196116135 0.000000000
vn -0.447213595 -0.894427191 -0.000000000
vn -0.633237790 0.773957299 0.000000000
vn 0.000000000 -1.000000000 0.000000000
vn 0.124034735 0.992277877 0.000000000
vn 0.980580676 -0.196116135 0.000000000
vn 0.894427191 0.447213595 0.000000000
vn -0.986393924 0.164398987 0.000000000
vn -0.948683298 -0.316227766 -0.000000000
vn 0.707106781 0.707106781 0.000000000
vn -0.274721128 -0.961523948 -0.000000000
vn 0.000000000 1.000000000 0.000000000
vn 0.707106781 -0.707106781 0.000000000
vn 0.832050294 -0.554700196 0.000000000
vn 1.000000000 0.000000000 0.000000000
vn 0.894427191 0.447213596 0.000000000
vn 0.948683298 0.316227766 0.000000000
vn 0.707106781 0.707106781 0.000000000
vn 0.857492926 0.514495755 0.000000000
vn 0.707106781 -0.707106781 0.000000000
vn -1.000000000 -0.000000000 -0.000000000
vn -0.707106781 -0.707106781 -0.000000000
vn -0.447213595 0.894427191 0.000000000
vn 0.000000000 1.000000000 0.000000000
vn 0.000000000 -1.000000000 0.000000000
vn 0.707106781 0.707106781 0.000000000
vn 0.948683298 0.316227766 0.000000000
vn 0.707106781 -0.707106781 0.000000000
vn 0.316227766 0.948683298 0.000000000
vn 0.316227766 -0.948683298 0.000000000
vn 0.000000000 -1.000000000 0.000000000
vn 0.707106781 -0.707106781 0.000000000
vn 0.948683298 0.316227766 0.000000000
vn 0.948683298 -0.316227766 0.000000000
vn 0.000000000 1.000000000 0.000000000
vn 0.832050294 0.554700196 0.000000000
vn 0.948683298 -0.316227766 0.000000000
vn 0.707106781 -0.707106781 0.000000000
vn 0.707106781 -0.707106781 0.000000000
vn 0.000000000 -1.000000000 0.000000000
vn 0.800000000 0.600000000 0.000000000
vn 0.000000000 1.000000000 0.000000000
vn 0.707106781 0.707106781 0.000000000
vn -0.707106781 -0.707106781 -0.000000000
vn -0.707106781 0.707106781 0.000000000
vn -1.000000000 -0.000000000 -0.000000000
vn 0.000000000 -1.000000000 0.000000000
vn 0.707106781 -0.707106781 0.000000000
vn -0.707106781 -0.707106781 -0.000000000
vn 0.707106781 -0.707106781 0.000000000
vn 0.000000000 -1.000000000 0.000000000
vn -0.707106781 -0.707106781 -0.000000000
vn -0.707106781 0.707106781 0.000000000
vn 0.000000000 1.000000000 0.000000000
vn 0.707106781 0.707106781 0.000000000
vn -0.707106781 -0.707106781 -0.000000000
vn 0.000000000 -1.000000000 0.000000000
vn 0.707106781 -0.707106781 0.000000000
vn -0.707106781 -0.707106781 -0.000000000
vn 0.707106781 -0.707106781 0.000000000
vn 0.000000000 -1.000000000 0.000000000
vn -0.707106781 0.707106781 0.000000000
vn 0.707106781 0.707106781 0.000000000
vn 0.000000000 1.000000000 0.000000000
vn -0.707106781 0.707106781 0.000000000
vn 0.707106781 0.707106781 0.000000000
vn 0.000000000 1.000000000 0.000000000
vn 0.707106781 -0.707106781 0.000000000
vn 0.000000000 -1.000000000 0.000000000
vn -0.707106781 -0.707106781 -0.000000000
vn -0.707106781 0.707106781 0.000000000
vn 0.707106781 0.707106781 0.000000000
vn 0.000000000 1.000000000 0.000000000
vn -0.707106781 -0.707106781 -0.000000000
vn 0.000000000 -1.000000000 0.000000000
vn 0.707106781 -0.707106781 0.000000000
vn -0.707106781 -0.707106781 -0.000000000
vn 0.000000000 -1.000000000 0.000000000
vn 0.707106781 -0.707106781 0.000000000
vn -0.707106781 0.707106781 0.000000000
vn 0.000000000 1.000000000 0.000000000
vn 0.707106781 0.707106781 0.000000000
vn -0.707106781 -0.707106781 -0.000000000
vn 0.000000000 -1.000000000 0.000000000
vn 0.707106781 -0.707106781 0.000000000
vn 0.000000000 -1.000000000 0.000000000
vn -0.707106781 0.707106781 0.000000000
vn 0.000000000 1.000000000 0.000000000
vn 0.707106781 0.707106781 0.000000000
vn -0.707106781 -0.707106781 -0.000000000
vn 0.000000000 -1.000000000 0.000000000
vn 0.707106781 -0.707106781 0.000000000
vn 0.000000000 -1.000000000 0.000000000
vn 0.000000000 1.000000000 0.000000000
vn -0.707106781 -0.707106781 -0.000000000
vn 0.000000000 -1.000000000 0.000000000
vn 0.707106781 -0.707106781 0.000000000
vn -0.707106781 -0.707106781 -0.000000000
vn 0.000000000 -1.000000000 0.000000000
vn 0.707106781 -0.707106781 0.000000000
vn 0.707106781 -0.707106781 0.000000000
vn -0.707106781 -0.707106781 -0.000000000
vn 0.000000000 -1.000000000 0.000000000
vn 0.707106781 -0.707106781 0.000000000
vn 0.000000000 -1.000000000 0.000000000
vn -0.707106781 -0.707106781 -0.000000000
vn -0.707106781 -0.707106781 -0.000000000
vn 0.000000000 -1.000000000 0.000000000
vn 0.707106781 -0.707106781 0.000000000
vn -0.707106781 -0.707106781 -0.000000000
vn 0.000000000 -1.000000000 0.000000000
vn 0.707106781 -0.707106781 0.000000000
vn -0.707106781 -0.707106781 -0.000000000
vn 0.000000000 -1.000000000 0.000000000
vn 0.707106781 -0.707106781 0.000000000
vn 0.000000000 -1.000000000 0.000000000
vn 0.000000000 1.000000000 0.000000000
vn 0.707106781 -0.707106781 0.000000000
vn 0.000000000 -1.000000000 0.000000000
vn -0.707106781 -0.707106781 -0.000000000
usemtl Ticket_Paper
s 1
f 1400/1400/1400 1409/1409/1409 1399/1399/1399
f 1291/1291/1291 1294/1294/1294 1300/1300/1300
f 1306/1306/1306 1400/1400/1400 1399/1399/1399
f 1306/1306/1306 1348/1348/1348 1400/1400/1400
f 52/52/52 82/82/82 34/34/34
f 1347/1347/1347 1329/1329/1329 1300/1300/1300
f 1347/1347/1347 1300/1300/1300 1306/1306/1306
f 1306/1306/1306 1399/1399/1399 1347/1347/1347
f 1408/1408/1408 1356/1356/1356 1398/1398/1398
f 1347/1347/1347 1399/1399/1399 1398/1398/1398
f 1398/1398/1398 1356/1356/1356 1347/1347/1347
f 15/15/15 16/16/16 34/34/34
f 34/34/34 82/82/82 81/81/81
f 81/81/81 62/62/62 34/34/34
f 123/123/123 101/101/101 172/172/172
f 34/34/34 16/16/16 35/35/35
f 35/35/35 52/52/52 34/34/34
f 1277/1277/1277 1286/1286/1286 1291/1291/1291
f 124/124/124 101/101/101 71/71/71
f 29/29/29 64/64/64 28/28/28
f 34/34/34 62/62/62 13/13/13
f 89/89/89 121/121/121 76/76/76
f 76/76/76 12/12/12 89/89/89
f 142/142/142 171/171/171 145/145/145
f 1277/1277/1277 1261/1261/1261 1281/1281/1281
f 1281/1281/1281 1286/1286/1286 1277/1277/1277
f 1277/1277/1277 1291/1291/1291 1276/1276/1276
f 1300/1300/1300 1329/1329/1329 1276/1276/1276
f 1291/1291/1291 1300/1300/1300 1276/1276/1276
f 146/146/146 175/175/175 140/140/140
f 160/160/160 175/175/175 146/146/146
f 177/177/177 178/178/178 164/164/164
f 129/129/129 125/125/125 105/105/105
f 172/172/172 101/101/101 173/173/173
f 173/173/173 101/101/101 124/124/124
f 71/71/71 20/20/20 78/78/78
f 124/124/124 71/71/71 78/78/78
f 174/174/174 125/125/125 133/133/133
f 133/133/133 125/125/125 129/129/129
f 129/129/129 131/131/131 133/133/133
f 133/133/133 175/175/175 174/174/174
f 140/140/140 175/175/175 133/133/133
f 45/45/45 64/64/64 29/29/29
f 70/70/70 9/9/9 47/47/47
f 31/31/31 61/61/61 30/30/30
f 179/179/179 176/176/176 163/163/163
f 163/163/163 181/181/181 180/180/180
f 163/163/163 180/180/180 179/179/179
f 207/207/207 190/190/190 212/212/212
f 207/207/207 212/212/212 210/210/210
f 1353/1353/1353 1390/1390/1390 1404/1404/1404
f 14/14/14 34/34/34 13/13/13
f 135/135/135 169/169/169 168/168/168
f 75/75/75 61/61/61 31/31/31
f 12/12/12 1/1/1 44/44/44
f 89/89/89 12/12/12 44/44/44
f 81/81/81 82/82/82 111/111/111
f 111/111/111 82/82/82 85/85/85
f 172/172/172 171/171/171 134/134/134
f 145/145/145 171/171/171 170/170/170
f 221/221/221 214/214/214 212/212/212
f 212/212/212 190/190/190 221/221/221
f 256/256/256 280/280/280 276/276/276
f 867/867/867 866/866/866 853/853/853
f 625/625/625 623/623/623 611/611/611
f 624/624/624 623/623/623 625/625/625
f 607/607/607 590/590/590 611/611/611
f 688/688/688 701/701/701 684/684/684
f 625/625/625 611/611/611 633/633/633
f 518/518/518 489/489/489 503/503/503
f 503/503/503 489/489/489 495/495/495
f 56/56/56 73/73/73 88/88/88
f 155/155/155 160/160/160 146/146/146
f 164/164/164 160/160/160 155/155/155
f 24/24/24 25/25/25 56/56/56
f 24/24/24 56/56/56 69/69/69
f 129/129/129 105/105/105 115/115/115
f 115/115/115 105/105/105 69/69/69
f 69/69/69 56/56/56 115/115/115
f 115/115/115 56/56/56 88/88/88
f 78/78/78 20/20/20 21/21/21
f 84/84/84 125/125/125 87/87/87
f 107/107/107 120/120/120 167/167/167
f 30/30/30 61/61/61 48/48/48
f 165/165/165 149/149/149 136/136/136
f 165/165/165 191/191/191 190/190/190
f 165/165/165 190/190/190 149/149/149
f 149/149/149 190/190/190 161/161/161
f 161/161/161 190/190/190 163/163/163
f 161/161/161 163/163/163 162/162/162
f 163/163/163 190/190/190 184/184/184
f 184/184/184 181/181/181 163/163/163
f 1397/1397/1397 1396/1396/1396 1350/1350/1350
f 1350/1350/1350 1366/1366/1366 1397/1397/1397
f 1337/1337/1337 1406/1406/1406 1344/1344/1344
f 1344/1344/1344 1406/1406/1406 1405/1405/1405
f 1405/1405/1405 1359/1359/1359 1344/1344/1344
f 1289/1289/1289 1271/1271/1271 1272/1272/1272
f 1264/1264/1264 1235/1235/1235 1236/1236/1236
f 138/138/138 169/169/169 135/135/135
f 141/141/141 169/169/169 138/138/138
f 138/138/138 139/139/139 141/141/141
f 121/121/121 120/120/120 97/97/97
f 76/76/76 121/121/121 97/97/97
f 58/58/58 12/12/12 76/76/76
f 11/11/11 12/12/12 58/58/58
f 108/108/108 121/121/121 89/89/89
f 109/109/109 121/121/121 108/108/108
f 130/130/130 126/126/126 134/134/134
f 100/100/100 101/101/101 123/123/123
f 150/150/150 157/157/157 170/170/170
f 150/150/150 147/147/147 148/148/148
f 150/150/150 169/169/169 147/147/147
f 170/170/170 196/196/196 150/150/150
f 189/189/189 190/190/190 204/204/204
f 277/277/277 280/280/280 294/294/294
f 276/276/276 280/280/280 277/277/277
f 1255/1255/1255 1247/1247/1247 1249/1249/1249
f 1249/1249/1249 1252/1252/1252 1255/1255/1255
f 1251/1251/1251 1252/1252/1252 1249/1249/1249
f 760/760/760 744/744/744 771/771/771
f 868/868/868 853/853/853 879/879/879
f 867/867/867 853/853/853 868/868/868
f 838/838/838 853/853/853 844/844/844
f 844/844/844 853/853/853 847/847/847
f 602/602/602 590/590/590 603/603/603
f 603/603/603 590/590/590 607/607/607
f 611/611/611 623/623/623 609/609/609
f 607/607/607 611/611/611 609/609/609
f 732/732/732 729/729/729 717/717/717
f 717/717/717 744/744/744 732/732/732
f 710/710/710 688/688/688 717/717/717
f 659/659/659 649/649/649 633/633/633
f 542/542/542 530/530/530 549/549/549
f 523/523/523 541/541/541 518/518/518
f 570/570/570 554/554/554 571/571/571
f 495/495/495 489/489/489 492/492/492
f 492/492/492 489/489/489 477/477/477
f 201/201/201 175/175/175 183/183/183
f 183/183/183 175/175/175 160/160/160
f 183/183/183 160/160/160 164/164/164
f 547/547/547 541/541/541 545/545/545
f 570/570/570 541/541/541 551/551/551
f 551/551/551 541/541/541 547/547/547
f 551/551/551 554/554/554 570/570/570
f 105/105/105 125/125/125 104/104/104
f 103/103/103 125/125/125 124/124/124
f 87/87/87 125/125/125 103/103/103
f 75/75/75 120/120/120 80/80/80
f 80/80/80 61/61/61 75/75/75
f 118/118/118 127/127/127 114/114/114
f 136/136/136 127/127/127 118/118/118
f 165/165/165 136/136/136 118/118/118
f 118/118/118 27/27/27 28/28/28
f 118/118/118 74/74/74 26/26/26
f 118/118/118 26/26/26 27/27/27
f 118/118/118 110/110/110 74/74/74
f 114/114/114 110/110/110 118/118/118
f 156/156/156 149/149/149 161/161/161
f 184/184/184 190/190/190 185/185/185
f 185/185/185 190/190/190 189/189/189
f 189/189/189 186/186/186 185/185/185
f 1276/1276/1276 1329/1329/1329 1325/1325/1325
f 1275/1275/1275 1276/1276/1276 1323/1323/1323
f 1362/1362/1362 1406/1406/1406 1337/1337/1337
f 1269/1269/1269 1270/1270/1270 1310/1310/1310
f 1372/1372/1372 1359/1359/1359 1405/1405/1405
f 1302/1302/1302 1353/1353/1353 1333/1333/1333
f 1333/1333/1333 1319/1319/1319 1302/1302/1302
f 1284/1284/1284 1285/1285/1285 1289/1289/1289
f 1284/1284/1284 1289/1289/1289 1272/1272/1272
f 1259/1259/1259 1235/1235/1235 1264/1264/1264
f 1236/1236/1236 1273/1273/1273 1278/1278/1278
f 1278/1278/1278 1264/1264/1264 1236/1236/1236
f 1105/1105/1105 1076/1076/1076 1132/1132/1132
f 1162/1162/1162 1151/1151/1151 1129/1129/1129
f 1129/1129/1129 1151/1151/1151 1147/1147/1147
f 1147/1147/1147 1144/1144/1144 1129/1129/1129
f 1141/1141/1141 1126/1126/1126 1129/1129/1129
f 1071/1071/1071 1130/1130/1130 1129/1129/1129
f 1102/1102/1102 1071/1071/1071 1129/1129/1129
f 1155/1155/1155 1162/1162/1162 1158/1158/1158
f 1187/1187/1187 1162/1162/1162 1199/1199/1199
f 132/132/132 121/121/121 128/128/128
f 168/168/168 121/121/121 132/132/132
f 135/135/135 168/168/168 132/132/132
f 128/128/128 121/121/121 117/117/117
f 117/117/117 81/81/81 111/111/111
f 111/111/111 113/113/113 117/117/117
f 117/117/117 121/121/121 109/109/109
f 109/109/109 81/81/81 117/117/117
f 96/96/96 120/120/120 75/75/75
f 97/97/97 120/120/120 96/96/96
f 147/147/147 169/169/169 143/143/143
f 144/144/144 147/147/147 143/143/143
f 143/143/143 169/169/169 141/141/141
f 151/151/151 157/157/157 150/150/150
f 137/137/137 171/171/171 142/142/142
f 134/134/134 171/171/171 137/137/137
f 195/195/195 169/169/169 150/150/150
f 150/150/150 196/196/196 195/195/195
f 90/90/90 123/123/123 68/68/68
f 100/100/100 123/123/123 90/90/90
f 40/40/40 20/20/20 71/71/71
f 106/106/106 83/83/83 116/116/116
f 154/154/154 145/145/145 170/170/170
f 159/159/159 153/153/153 154/154/154
f 154/154/154 170/170/170 159/159/159
f 585/585/585 590/590/590 602/602/602
f 580/580/580 590/590/590 585/585/585
f 581/581/581 580/580/580 585/585/585
f 584/584/584 581/581/581 585/585/585
f 205/205/205 190/190/190 207/207/207
f 204/204/204 190/190/190 205/205/205
f 207/207/207 206/206/206 205/205/205
f 303/303/303 280/280/280 311/311/311
f 294/294/294 280/280/280 295/295/295
f 300/300/300 280/280/280 303/303/303
f 303/303/303 305/305/305 304/304/304
f 221/221/221 256/256/256 240/240/240
f 1312/1312/1312 1273/1273/1273 1274/1274/1274
f 1274/1274/1274 1275/1275/1275 1321/1321/1321
f 577/577/577 579/579/579 582/582/582
f 546/546/546 547/547/547 545/545/545
f 949/949/949 885/885/885 915/915/915
f 915/915/915 885/885/885 935/935/935
f 823/823/823 853/853/853 838/838/838
f 1107/1107/1107 1134/1134/1134 1088/1088/1088
f 1132/1132/1132 1076/1076/1076 1133/1133/1133
f 1133/1133/1133 1076/1076/1076 1106/1106/1106
f 1088/1088/1088 1134/1134/1134 1133/1133/1133
f 1133/1133/1133 1106/1106/1106 1088/1088/1088
f 743/743/743 744/744/744 760/760/760
f 853/853/853 866/866/866 852/852/852
f 847/847/847 853/853/853 852/852/852
f 837/837/837 836/836/836 823/823/823
f 823/823/823 838/838/838 837/837/837
f 706/706/706 688/688/688 710/710/710
f 650/650/650 649/649/649 651/651/651
f 651/651/651 649/649/649 659/659/659
f 630/630/630 625/625/625 633/633/633
f 630/630/630 633/633/633 631/631/631
f 688/688/688 684/684/684 679/679/679
f 679/679/679 684/684/684 680/680/680
f 659/659/659 688/688/688 679/679/679
f 679/679/679 673/673/673 659/659/659
f 578/578/578 590/590/590 580/580/580
f 548/548/548 542/542/542 549/549/549
f 507/507/507 530/530/530 525/525/525
f 525/525/525 524/524/524 507/507/507
f 507/507/507 524/524/524 506/506/506
f 497/497/497 478/478/478 507/507/507
f 447/447/447 426/426/426 450/450/450
f 518/518/518 503/503/503 519/519/519
f 574/574/574 577/577/577 570/570/570
f 574/574/574 570/570/570 571/571/571
f 527/527/527 541/541/541 523/523/523
f 570/570/570 577/577/577 601/601/601
f 601/601/601 577/577/577 582/582/582
f 5/5/5 24/24/24 23/23/23
f 24/24/24 69/69/69 55/55/55
f 23/23/23 24/24/24 55/55/55
f 91/91/91 125/125/125 84/84/84
f 104/104/104 125/125/125 91/91/91
f 102/102/102 124/124/124 78/78/78
f 103/103/103 124/124/124 102/102/102
f 41/41/41 42/42/42 67/67/67
f 22/22/22 42/42/42 41/41/41
f 95/95/95 120/120/120 107/107/107
f 80/80/80 120/120/120 95/95/95
f 1350/1350/1350 1396/1396/1396 1340/1340/1340
f 1324/1324/1324 1276/1276/1276 1325/1325/1325
f 1324/1324/1324 1350/1350/1350 1340/1340/1340
f 1301/1301/1301 1304/1304/1304 1303/1303/1303
f 1265/1265/1265 1230/1230/1230 1268/1268/1268
f 1361/1361/1361 1390/1390/1390 1353/1353/1353
f 1361/1361/1361 1353/1353/1353 1302/1302/1302
f 1295/1295/1295 1271/1271/1271 1289/1289/1289
f 1319/1319/1319 1271/1271/1271 1295/1295/1295
f 1302/1302/1302 1319/1319/1319 1295/1295/1295
f 1293/1293/1293 1273/1273/1273 1312/1312/1312
f 1312/1312/1312 1299/1299/1299 1293/1293/1293
f 1312/1312/1312 1337/1337/1337 1305/1305/1305
f 1305/1305/1305 1299/1299/1299 1312/1312/1312
f 1305/1305/1305 1337/1337/1337 1344/1344/1344
f 1258/1258/1258 1235/1235/1235 1259/1259/1259
f 1259/1259/1259 1264/1264/1264 1263/1263/1263
f 1278/1278/1278 1273/1273/1273 1280/1280/1280
f 1103/1103/1103 1130/1130/1130 1071/1071/1071
f 1103/1103/1103 1071/1071/1071 1058/1058/1058
f 1104/1104/1104 1131/1131/1131 1062/1062/1062
f 1043/1043/1043 1021/1021/1021 1052/1052/1052
f 1052/1052/1052 1104/1104/1104 1062/1062/1062
f 1062/1062/1062 1043/1043/1043 1052/1052/1052
f 970/970/970 906/906/906 947/947/947
f 1132/1132/1132 1131/1131/1131 1074/1074/1074
f 1074/1074/1074 1131/1131/1131 1104/1104/1104
f 1105/1105/1105 1132/1132/1132 1074/1074/1074
f 1199/1199/1199 1221/1221/1221 1218/1218/1218
f 1129/1129/1129 1126/1126/1126 1122/1122/1122
f 1122/1122/1122 1102/1102/1102 1129/1129/1129
f 1129/1129/1129 1144/1144/1144 1142/1142/1142
f 1142/1142/1142 1141/1141/1141 1129/1129/1129
f 1142/1142/1142 1144/1144/1144 1143/1143/1143
f 1145/1145/1145 1144/1144/1144 1147/1147/1147
f 1158/1158/1158 1162/1162/1162 1160/1160/1160
f 1160/1160/1160 1162/1162/1162 1161/1161/1161
f 1153/1153/1153 1151/1151/1151 1162/1162/1162
f 1153/1153/1153 1162/1162/1162 1155/1155/1155
f 1161/1161/1161 1162/1162/1162 1181/1181/1181
f 1181/1181/1181 1162/1162/1162 1187/1187/1187
f 31/31/31 10/10/10 32/32/32
f 32/32/32 33/33/33 57/57/57
f 75/75/75 31/31/31 32/32/32
f 57/57/57 75/75/75 32/32/32
f 50/50/50 68/68/68 38/38/38
f 39/39/39 50/50/50 38/38/38
f 68/68/68 18/18/18 38/38/38
f 86/86/86 123/123/123 99/99/99
f 98/98/98 126/126/126 116/116/116
f 116/116/116 83/83/83 98/98/98
f 99/99/99 123/123/123 98/98/98
f 134/134/134 126/126/126 98/98/98
f 123/123/123 172/172/172 98/98/98
f 98/98/98 172/172/172 134/134/134
f 37/37/37 77/77/77 49/49/49
f 86/86/86 77/77/77 37/37/37
f 37/37/37 49/49/49 17/17/17
f 37/37/37 123/123/123 86/86/86
f 68/68/68 123/123/123 37/37/37
f 37/37/37 18/18/18 68/68/68
f 2/2/2 3/3/3 36/36/36
f 112/112/112 106/106/106 116/116/116
f 295/295/295 280/280/280 296/296/296
f 296/296/296 280/280/280 300/300/300
f 300/300/300 298/298/298 296/296/296
f 254/254/254 256/256/256 271/271/271
f 240/240/240 256/256/256 245/245/245
f 234/234/234 214/214/214 221/221/221
f 1322/1322/1322 1275/1275/1275 1323/1323/1323
f 1255/1255/1255 1261/1261/1261 1240/1240/1240
f 1240/1240/1240 1261/1261/1261 1277/1277/1277
f 605/605/605 610/610/610 601/601/601
f 601/601/601 588/588/588 605/605/605
f 552/552/552 554/554/554 551/551/551
f 935/935/935 885/885/885 944/944/944
f 1009/1009/1009 1025/1025/1025 981/981/981
f 1047/1047/1047 1025/1025/1025 1009/1009/1009
f 981/981/981 949/949/949 1009/1009/1009
f 883/883/883 884/884/884 912/912/912
f 998/998/998 1008/1008/1008 997/997/997
f 796/796/796 797/797/797 813/813/813
f 796/796/796 795/795/795 794/794/794
f 794/794/794 797/797/797 796/796/796
f 813/813/813 797/797/797 814/814/814
f 819/819/819 818/818/818 823/823/823
f 823/823/823 836/836/836 835/835/835
f 835/835/835 821/821/821 823/823/823
f 822/822/822 821/821/821 835/835/835
f 905/905/905 880/880/880 906/906/906
f 1033/1033/1033 1020/1020/1020 1103/1103/1103
f 1103/1103/1103 1058/1058/1058 1033/1033/1033
f 1066/1066/1066 1008/1008/1008 1107/1107/1107
f 1066/1066/1066 1107/1107/1107 1088/1088/1088
f 872/872/872 871/871/871 868/868/868
f 868/868/868 879/879/879 872/872/872
f 894/894/894 893/893/893 877/877/877
f 877/877/877 879/879/879 894/894/894
f 872/872/872 879/879/879 877/877/877
f 877/877/877 874/874/874 872/872/872
f 737/737/737 744/744/744 743/743/743
f 732/732/732 744/744/744 737/737/737
f 736/736/736 735/735/735 737/737/737
f 737/737/737 735/735/735 732/732/732
f 767/767/767 763/763/763 760/760/760
f 767/767/767 760/760/760 771/771/771
f 783/783/783 771/771/771 785/785/785
f 785/785/785 771/771/771 788/788/788
f 680/680/680 684/684/684 683/683/683
f 704/704/704 701/701/701 688/688/688
f 704/704/704 688/688/688 706/706/706
f 706/706/706 710/710/710 707/707/707
f 633/633/633 649/649/649 645/645/645
f 645/645/645 649/649/649 647/647/647
f 628/628/628 626/626/626 625/625/625
f 628/628/628 625/625/625 630/630/630
f 675/675/675 673/673/673 679/679/679
f 578/578/578 575/575/575 559/559/559
f 559/559/559 590/590/590 578/578/578
f 559/559/559 575/575/575 573/573/573
f 549/549/549 530/530/530 559/559/559
f 550/550/550 549/549/549 559/559/559
f 576/576/576 575/575/575 578/578/578
f 553/553/553 550/550/550 559/559/559
f 529/529/529 530/530/530 542/542/542
f 525/525/525 530/530/530 529/529/529
f 472/472/472 478/478/478 476/476/476
f 450/450/450 478/478/478 467/467/467
f 467/467/467 478/478/478 472/472/472
f 446/446/446 426/426/426 447/447/447
f 447/447/447 450/450/450 448/448/448
f 448/448/448 450/450/450 463/463/463
f 391/391/391 374/374/374 377/377/377
f 377/377/377 374/374/374 373/373/373
f 392/392/392 391/391/391 377/377/377
f 523/523/523 518/518/518 521/521/521
f 521/521/521 518/518/518 519/519/519
f 574/574/574 571/571/571 572/572/572
f 469/469/469 461/461/461 445/445/445
f 461/461/461 437/437/437 444/444/444
f 445/445/445 461/461/461 444/444/444
f 545/545/545 541/541/541 543/543/543
f 543/543/543 541/541/541 527/527/527
f 543/543/543 544/544/544 545/545/545
f 527/527/527 523/523/523 526/526/526
f 622/622/622 610/610/610 627/627/627
f 601/601/601 610/610/610 622/622/622
f 587/587/587 588/588/588 601/601/601
f 601/601/601 582/582/582 587/587/587
f 43/43/43 4/4/4 54/54/54
f 54/54/54 4/4/4 51/51/51
f 60/60/60 78/78/78 21/21/21
f 119/119/119 70/70/70 94/94/94
f 94/94/94 107/107/107 119/119/119
f 92/92/92 165/165/165 118/118/118
f 46/46/46 8/8/8 65/65/65
f 65/65/65 70/70/70 119/119/119
f 8/8/8 9/9/9 65/65/65
f 65/65/65 9/9/9 70/70/70
f 107/107/107 167/167/167 166/166/166
f 119/119/119 107/107/107 166/166/166
f 166/166/166 165/165/165 92/92/92
f 92/92/92 119/119/119 166/166/166
f 1340/1340/1340 1396/1396/1396 1365/1365/1365
f 1324/1324/1324 1340/1340/1340 1328/1328/1328
f 1323/1323/1323 1276/1276/1276 1328/1328/1328
f 1328/1328/1328 1276/1276/1276 1324/1324/1324
f 1301/1301/1301 1297/1297/1297 1296/1296/1296
f 1292/1292/1292 1288/1288/1288 1296/1296/1296
f 1296/1296/1296 1288/1288/1288 1268/1268/1268
f 1257/1257/1257 1265/1265/1265 1260/1260/1260
f 1268/1268/1268 1288/1288/1288 1282/1282/1282
f 1282/1282/1282 1288/1288/1288 1283/1283/1283
f 1282/1282/1282 1265/1265/1265 1268/1268/1268
f 1284/1284/1284 1272/1272/1272 1279/1279/1279
f 1234/1234/1234 1235/1235/1235 1262/1262/1262
f 1262/1262/1262 1235/1235/1235 1258/1258/1258
f 1298/1298/1298 1302/1302/1302 1295/1295/1295
f 1287/1287/1287 1273/1273/1273 1293/1293/1293
f 1293/1293/1293 1290/1290/1290 1287/1287/1287
f 1280/1280/1280 1273/1273/1273 1287/1287/1287
f 1267/1267/1267 1264/1264/1264 1278/1278/1278
f 1103/1103/1103 1020/1020/1020 1042/1042/1042
f 1052/1052/1052 1021/1021/1021 1006/1006/1006
f 1218/1218/1218 1221/1221/1221 1219/1219/1219
f 1229/1229/1229 1241/1241/1241 1228/1228/1228
f 1229/1229/1229 1230/1230/1230 1265/1265/1265
f 1229/1229/1229 1265/1265/1265 1257/1257/1257
f 1120/1120/1120 1102/1102/1102 1122/1122/1122
f 1183/1183/1183 1182/1182/1182 1181/1181/1181
f 1187/1187/1187 1185/1185/1185 1183/1183/1183
f 1181/1181/1181 1187/1187/1187 1183/1183/1183
f 1187/1187/1187 1199/1199/1199 1189/1189/1189
f 38/38/38 18/18/18 19/19/19
f 66/66/66 83/83/83 106/106/106
f 66/66/66 36/36/36 59/59/59
f 106/106/106 53/53/53 66/66/66
f 66/66/66 53/53/53 2/2/2
f 66/66/66 2/2/2 36/36/36
f 116/116/116 126/126/126 122/122/122
f 170/170/170 157/157/157 158/158/158
f 158/158/158 157/157/157 152/152/152
f 159/159/159 170/170/170 158/158/158
f 337/337/337 311/311/311 348/348/348
f 377/377/377 373/373/373 348/348/348
f 348/348/348 373/373/373 368/368/368
f 253/253/253 256/256/256 254/254/254
f 245/245/245 256/256/256 253/253/253
f 253/253/253 252/252/252 245/245/245
f 275/275/275 256/256/256 276/276/276
f 271/271/271 256/256/256 275/275/275
f 272/272/272 271/271/271 275/275/275
f 237/237/237 221/221/221 240/240/240
f 234/234/234 221/221/221 237/237/237
f 1312/1312/1312 1274/1274/1274 1313/1313/1313
f 1321/1321/1321 1275/1275/1275 1327/1327/1327
f 1327/1327/1327 1275/1275/1275 1322/1322/1322
f 1346/1346/1346 1381/1381/1381 1395/1395/1395
f 1327/1327/1327 1322/1322/1322 1346/1346/1346
f 1338/1338/1338 1331/1331/1331 1313/1313/1313
f 1338/1338/1338 1363/1363/1363 1331/1331/1331
f 1313/1313/1313 1274/1274/1274 1338/1338/1338
f 1240/1240/1240 1210/1210/1210 1223/1223/1223
f 1244/1244/1244 1247/1247/1247 1255/1255/1255
f 1244/1244/1244 1255/1255/1255 1240/1240/1240
f 605/605/605 588/588/588 604/604/604
f 944/944/944 885/885/885 916/916/916
f 957/957/957 982/982/982 935/935/935
f 957/957/957 935/935/935 944/944/944
f 1137/1137/1137 1136/1136/1136 1092/1092/1092
f 1110/1110/1110 1137/1137/1137 1092/1092/1092
f 1092/1092/1092 1051/1051/1051 1110/1110/1110
f 912/912/912 884/884/884 948/948/948
f 1107/1107/1107 1008/1008/1008 1024/1024/1024
f 1024/1024/1024 1008/1008/1008 998/998/998
f 817/817/817 797/797/797 823/823/823
f 814/814/814 797/797/797 817/817/817
f 823/823/823 818/818/818 817/817/817
f 823/823/823 821/821/821 820/820/820
f 819/819/819 823/823/823 820/820/820
f 879/879/879 880/880/880 899/899/899
f 1064/1064/1064 1076/1076/1076 1105/1105/1105
f 1064/1064/1064 1105/1105/1105 1045/1045/1045
f 882/882/882 932/932/932 954/954/954
f 963/963/963 882/882/882 954/954/954
f 1061/1061/1061 1057/1057/1057 1102/1102/1102
f 1061/1061/1061 1055/1055/1055 1056/1056/1056
f 1041/1041/1041 1071/1071/1071 1102/1102/1102
f 737/737/737 743/743/743 738/738/738
f 738/738/738 743/743/743 741/741/741
f 771/771/771 797/797/797 791/791/791
f 788/788/788 771/771/771 791/791/791
f 794/794/794 792/792/792 791/791/791
f 791/791/791 797/797/797 794/794/794
f 769/769/769 771/771/771 783/783/783
f 767/767/767 771/771/771 769/769/769
f 717/717/717 729/729/729 716/716/716
f 714/714/714 713/713/713 712/712/712
f 712/712/712 710/710/710 717/717/717
f 711/711/711 710/710/710 712/712/712
f 631/631/631 633/633/633 632/632/632
f 632/632/632 633/633/633 645/645/645
f 557/557/557 556/556/556 553/553/553
f 553/553/553 559/559/559 557/557/557
f 559/559/559 573/573/573 557/557/557
f 476/476/476 478/478/478 493/493/493
f 493/493/493 478/478/478 497/497/497
f 497/497/497 494/494/494 493/493/493
f 475/475/475 472/472/472 476/476/476
f 466/466/466 450/450/450 467/467/467
f 466/466/466 465/465/465 463/463/463
f 463/463/463 450/450/450 466/466/466
f 468/468/468 472/472/472 470/470/470
f 467/467/467 472/472/472 468/468/468
f 506/506/506 505/505/505 504/504/504
f 463/463/463 465/465/465 464/464/464
f 425/425/425 426/426/426 438/438/438
f 424/424/424 426/426/426 425/425/425
f 421/421/421 420/420/420 403/403/403
f 403/403/403 426/426/426 421/421/421
f 421/421/421 426/426/426 424/424/424
f 438/438/438 426/426/426 441/441/441
f 441/441/441 426/426/426 446/446/446
f 463/463/463 462/462/462 449/449/449
f 448/448/448 463/463/463 449/449/449
f 393/393/393 392/392/392 377/377/377
f 521/521/521 519/519/519 520/520/520
f 471/471/471 489/489/489 461/461/461
f 471/471/471 461/461/461 469/469/469
f 423/423/423 437/437/437 414/414/414
f 414/414/414 388/388/388 396/396/396
f 187/187/187 201/201/201 183/183/183
f 208/208/208 201/201/201 187/187/187
f 187/187/187 188/188/188 208/208/208
f 164/164/164 178/178/178 182/182/182
f 183/183/183 164/164/164 182/182/182
f 219/219/219 238/238/238 232/232/232
f 291/291/291 292/292/292 297/297/297
f 543/543/543 527/527/527 528/528/528
f 627/627/627 648/648/648 644/644/644
f 622/622/622 627/627/627 644/644/644
f 1173/1173/1173 1174/1174/1174 1175/1175/1175
f 72/72/72 84/84/84 63/63/63
f 63/63/63 43/43/43 54/54/54
f 63/63/63 84/84/84 87/87/87
f 63/63/63 87/87/87 67/67/67
f 63/63/63 42/42/42 43/43/43
f 67/67/67 42/42/42 63/63/63
f 92/92/92 118/118/118 79/79/79
f 28/28/28 64/64/64 79/79/79
f 118/118/118 28/28/28 79/79/79
f 93/93/93 119/119/119 92/92/92
f 65/65/65 119/119/119 93/93/93
f 1367/1367/1367 1354/1354/1354 1334/1334/1334
f 1334/1334/1334 1304/1304/1304 1301/1301/1301
f 1354/1354/1354 1349/1349/1349 1334/1334/1334
f 1334/1334/1334 1349/1349/1349 1304/1304/1304
f 1268/1268/1268 1269/1269/1269 1307/1307/1307
f 1360/1360/1360 1403/1403/1403 1389/1389/1389
f 1374/1374/1374 1368/1368/1368 1335/1335/1335
f 1335/1335/1335 1376/1376/1376 1385/1385/1385
f 1279/1279/1279 1272/1272/1272 1266/1266/1266
f 1272/1272/1272 1234/1234/1234 1266/1266/1266
f 1266/1266/1266 1234/1234/1234 1262/1262/1262
f 1087/1087/1087 1103/1103/1103 1042/1042/1042
f 1087/1087/1087 1130/1130/1130 1103/1103/1103
f 1131/1131/1131 1130/1130/1130 1087/1087/1087
f 1062/1062/1062 1131/1131/1131 1087/1087/1087
f 996/996/996 1021/1021/1021 970/970/970
f 1006/1006/1006 1021/1021/1021 996/996/996
f 996/996/996 970/970/970 947/947/947
f 1005/1005/1005 1006/1006/1006 996/996/996
f 947/947/947 971/971/971 996/996/996
f 1074/1074/1074 1104/1104/1104 1044/1044/1044
f 1044/1044/1044 1022/1022/1022 1074/1074/1074
f 947/947/947 906/906/906 930/930/930
f 906/906/906 880/880/880 881/881/881
f 930/930/930 906/906/906 881/881/881
f 881/881/881 907/907/907 930/930/930
f 1075/1075/1075 1105/1105/1105 1074/1074/1074
f 1229/1229/1229 1228/1228/1228 1225/1225/1225
f 1225/1225/1225 1199/1199/1199 1229/1229/1229
f 1225/1225/1225 1221/1221/1221 1199/1199/1199
f 1243/1243/1243 1248/1248/1248 1245/1245/1245
f 1243/1243/1243 1241/1241/1241 1229/1229/1229
f 1242/1242/1242 1241/1241/1241 1243/1243/1243
f 1114/1114/1114 1102/1102/1102 1115/1115/1115
f 1115/1115/1115 1102/1102/1102 1120/1120/1120
f 1120/1120/1120 1116/1116/1116 1115/1115/1115
f 1118/1118/1118 1116/1116/1116 1120/1120/1120
f 1189/1189/1189 1199/1199/1199 1197/1197/1197
f 1197/1197/1197 1195/1195/1195 1189/1189/1189
f 1197/1197/1197 1199/1199/1199 1212/1212/1212
f 1218/1218/1218 1217/1217/1217 1216/1216/1216
f 1216/1216/1216 1213/1213/1213 1212/1212/1212
f 1216/1216/1216 1199/1199/1199 1218/1218/1218
f 1212/1212/1212 1199/1199/1199 1216/1216/1216
f 346/346/346 338/338/338 337/337/337
f 346/346/346 337/337/337 348/348/348
f 334/334/334 311/311/311 337/337/337
f 235/235/235 234/234/234 237/237/237
f 1395/1395/1395 1394/1394/1394 1380/1380/1380
f 1346/1346/1346 1395/1395/1395 1380/1380/1380
f 1392/1392/1392 1407/1407/1407 1391/1391/1391
f 1391/1391/1391 1363/1363/1363 1392/1392/1392
f 1392/1392/1392 1363/1363/1363 1338/1338/1338
f 1193/1193/1193 1191/1191/1191 1192/1192/1192
f 1226/1226/1226 1240/1240/1240 1223/1223/1223
f 1226/1226/1226 1227/1227/1227 1244/1244/1244
f 1244/1244/1244 1240/1240/1240 1226/1226/1226
f 1246/1246/1246 1247/1247/1247 1244/1244/1244
f 604/604/604 588/588/588 589/589/589
f 1092/1092/1092 1136/1136/1136 1109/1109/1109
f 1109/1109/1109 1049/1049/1049 1092/1092/1092
f 916/916/916 885/885/885 886/886/886
f 886/886/886 917/917/917 916/916/916
f 1091/1091/1091 1108/1108/1108 1079/1079/1079
f 1048/1048/1048 1108/1108/1108 1091/1091/1091
f 934/934/934 883/883/883 912/912/912
f 1078/1078/1078 1025/1025/1025 1047/1047/1047
f 1078/1078/1078 1047/1047/1047 1079/1079/1079
f 1078/1078/1078 1108/1108/1108 1107/1107/1107
f 1079/1079/1079 1108/1108/1108 1078/1078/1078
f 943/943/943 949/949/949 981/981/981
f 943/943/943 884/884/884 885/885/885
f 943/943/943 885/885/885 949/949/949
f 998/998/998 997/997/997 956/956/956
f 956/956/956 997/997/997 948/948/948
f 948/948/948 884/884/884 956/956/956
f 956/956/956 884/884/884 913/913/913
f 905/905/905 977/977/977 953/953/953
f 953/953/953 880/880/880 905/905/905
f 899/899/899 880/880/880 953/953/953
f 954/954/954 1045/1045/1045 1007/1007/1007
f 1007/1007/1007 963/963/963 954/954/954
f 1045/1045/1045 1105/1105/1105 1007/1007/1007
f 1007/1007/1007 1105/1105/1105 1075/1075/1075
f 1003/1003/1003 990/990/990 1041/1041/1041
f 904/904/904 879/879/879 928/928/928
f 962/962/962 990/990/990 1003/1003/1003
f 1003/1003/1003 946/946/946 962/962/962
f 1100/1100/1100 1102/1102/1102 1114/1114/1114
f 1061/1061/1061 1102/1102/1102 1100/1100/1100
f 1100/1100/1100 1055/1055/1055 1061/1061/1061
f 945/945/945 902/902/902 903/903/903
f 902/902/902 897/897/897 903/903/903
f 903/903/903 897/897/897 894/894/894
f 894/894/894 879/879/879 903/903/903
f 903/903/903 879/879/879 904/904/904
f 712/712/712 717/717/717 715/715/715
f 715/715/715 714/714/714 712/712/712
f 715/715/715 717/717/717 716/716/716
f 651/651/651 659/659/659 654/654/654
f 502/502/502 507/507/507 506/506/506
f 502/502/502 506/506/506 504/504/504
f 377/377/377 403/403/403 398/398/398
f 393/393/393 377/377/377 398/398/398
f 403/403/403 420/420/420 417/417/417
f 402/402/402 403/403/403 417/417/417
f 522/522/522 523/523/523 521/521/521
f 477/477/477 489/489/489 473/473/473
f 474/474/474 477/477/477 473/473/473
f 473/473/473 489/489/489 471/471/471
f 440/440/440 437/437/437 423/423/423
f 418/418/418 423/423/423 414/414/414
f 359/359/359 322/322/322 342/342/342
f 232/232/232 201/201/201 211/211/211
f 211/211/211 201/201/201 208/208/208
f 211/211/211 215/215/215 232/232/232
f 247/247/247 267/267/267 244/244/244
f 241/241/241 267/267/267 232/232/232
f 232/232/232 238/238/238 241/241/241
f 244/244/244 267/267/267 241/241/241
f 232/232/232 215/215/215 217/217/217
f 219/219/219 232/232/232 217/217/217
f 236/236/236 238/238/238 219/219/219
f 302/302/302 322/322/322 291/291/291
f 302/302/302 291/291/291 297/297/297
f 307/307/307 322/322/322 302/302/302
f 1140/1140/1140 1139/1139/1139 1095/1095/1095
f 1382/1382/1382 1367/1367/1367 1334/1334/1334
f 1382/1382/1382 1357/1357/1357 1383/1383/1383
f 1334/1334/1334 1341/1341/1341 1382/1382/1382
f 1382/1382/1382 1341/1341/1341 1357/1357/1357
f 1402/1402/1402 1401/1401/1401 1382/1382/1382
f 1382/1382/1382 1401/1401/1401 1367/1367/1367
f 1308/1308/1308 1269/1269/1269 1335/1335/1335
f 1307/1307/1307 1269/1269/1269 1308/1308/1308
f 1296/1296/1296 1268/1268/1268 1326/1326/1326
f 1326/1326/1326 1268/1268/1268 1307/1307/1307
f 1326/1326/1326 1301/1301/1301 1296/1296/1296
f 1334/1334/1334 1301/1301/1301 1326/1326/1326
f 1326/1326/1326 1341/1341/1341 1334/1334/1334
f 1311/1311/1311 1271/1271/1271 1319/1319/1319
f 1318/1318/1318 1271/1271/1271 1311/1311/1311
f 1270/1270/1270 1271/1271/1271 1317/1317/1317
f 1317/1317/1317 1271/1271/1271 1318/1318/1318
f 1315/1315/1315 1342/1342/1342 1352/1352/1352
f 1310/1310/1310 1270/1270/1270 1315/1315/1315
f 1352/1352/1352 1342/1342/1342 1369/1369/1369
f 1370/1370/1370 1386/1386/1386 1369/1369/1369
f 1342/1342/1342 1370/1370/1370 1369/1369/1369
f 1377/1377/1377 1358/1358/1358 1369/1369/1369
f 1369/1369/1369 1358/1358/1358 1352/1352/1352
f 1351/1351/1351 1335/1335/1335 1332/1332/1332
f 1309/1309/1309 1269/1269/1269 1310/1310/1310
f 1335/1335/1335 1269/1269/1269 1309/1309/1309
f 1332/1332/1332 1335/1335/1335 1309/1309/1309
f 1374/1374/1374 1335/1335/1335 1375/1375/1375
f 1375/1375/1375 1335/1335/1335 1385/1385/1385
f 1385/1385/1385 1384/1384/1384 1375/1375/1375
f 1034/1034/1034 1052/1052/1052 1006/1006/1006
f 1063/1063/1063 1104/1104/1104 1073/1073/1073
f 1044/1044/1044 1104/1104/1104 1063/1063/1063
f 1013/1013/1013 1022/1022/1022 1044/1044/1044
f 881/881/881 882/882/882 909/909/909
f 1254/1254/1254 1257/1257/1257 1256/1256/1256
f 1229/1229/1229 1257/1257/1257 1254/1254/1254
f 1243/1243/1243 1229/1229/1229 1254/1254/1254
f 1254/1254/1254 1248/1248/1248 1243/1243/1243
f 1250/1250/1250 1248/1248/1248 1254/1254/1254
f 1254/1254/1254 1253/1253/1253 1250/1250/1250
f 346/346/346 348/348/348 363/363/363
f 363/363/363 347/347/347 346/346/346
f 310/310/310 311/311/311 325/325/325
f 325/325/325 311/311/311 334/334/334
f 334/334/334 331/331/331 325/325/325
f 309/309/309 303/303/303 311/311/311
f 309/309/309 311/311/311 310/310/310
f 334/334/334 337/337/337 335/335/335
f 245/245/245 252/252/252 246/246/246
f 1364/1364/1364 1338/1338/1338 1339/1339/1339
f 1345/1345/1345 1327/1327/1327 1346/1346/1346
f 1345/1345/1345 1346/1346/1346 1380/1380/1380
f 1380/1380/1380 1373/1373/1373 1345/1345/1345
f 1392/1392/1392 1338/1338/1338 1393/1393/1393
f 1364/1364/1364 1379/1379/1379 1393/1393/1393
f 1393/1393/1393 1338/1338/1338 1364/1364/1364
f 1214/1214/1214 1215/1215/1215 1220/1220/1220
f 1194/1194/1194 1210/1210/1210 1193/1193/1193
f 1226/1226/1226 1223/1223/1223 1224/1224/1224
f 644/644/644 648/648/648 670/670/670
f 670/670/670 681/681/681 699/699/699
f 699/699/699 681/681/681 686/686/686
f 708/708/708 728/728/728 699/699/699
f 839/839/839 834/834/834 816/816/816
f 1080/1080/1080 1135/1135/1135 1108/1108/1108
f 1080/1080/1080 1136/1136/1136 1135/1135/1135
f 1109/1109/1109 1136/1136/1136 1080/1080/1080
f 1028/1028/1028 1049/1049/1049 1109/1109/1109
f 1088/1088/1088 1106/1106/1106 1077/1077/1077
f 1077/1077/1077 1106/1106/1106 1035/1035/1035
f 1106/1106/1106 1076/1076/1076 1065/1065/1065
f 1035/1035/1035 1106/1106/1106 1014/1014/1014
f 1014/1014/1014 1106/1106/1106 1023/1023/1023
f 1089/1089/1089 1107/1107/1107 1024/1024/1024
f 913/913/913 884/884/884 914/914/914
f 914/914/914 884/884/884 943/943/943
f 953/953/953 977/977/977 1004/1004/1004
f 977/977/977 1020/1020/1020 1004/1004/1004
f 1004/1004/1004 1020/1020/1020 1033/1033/1033
f 1003/1003/1003 1041/1041/1041 1032/1032/1032
f 1102/1102/1102 1057/1057/1057 1032/1032/1032
f 1041/1041/1041 1102/1102/1102 1032/1032/1032
f 929/929/929 879/879/879 899/899/899
f 928/928/928 879/879/879 929/929/929
f 929/929/929 946/946/946 928/928/928
f 962/962/962 946/946/946 929/929/929
f 654/654/654 659/659/659 671/671/671
f 659/659/659 673/673/673 671/671/671
f 671/671/671 673/673/673 672/672/672
f 497/497/497 507/507/507 499/499/499
f 499/499/499 507/507/507 502/502/502
f 498/498/498 497/497/497 499/499/499
f 502/502/502 500/500/500 499/499/499
f 395/395/395 396/396/396 390/390/390
f 388/388/388 375/375/375 390/390/390
f 396/396/396 388/388/388 390/390/390
f 414/414/414 396/396/396 415/415/415
f 418/418/418 414/414/414 415/415/415
f 340/340/340 322/322/322 333/333/333
f 342/342/342 322/322/322 340/340/340
f 333/333/333 336/336/336 340/340/340
f 371/371/371 375/375/375 388/388/388
f 372/372/372 375/375/375 371/371/371
f 213/213/213 215/215/215 211/211/211
f 268/268/268 267/267/267 251/251/251
f 241/241/241 238/238/238 239/239/239
f 297/297/297 292/292/292 293/293/293
f 279/279/279 292/292/292 291/291/291
f 1188/1188/1188 1190/1190/1190 1191/1191/1191
f 1193/1193/1193 1210/1210/1210 1188/1188/1188
f 1188/1188/1188 1191/1191/1191 1193/1193/1193
f 1121/1121/1121 1086/1086/1086 1119/1119/1119
f 1156/1156/1156 1173/1173/1173 1152/1152/1152
f 1156/1156/1156 1174/1174/1174 1173/1173/1173
f 1156/1156/1156 1152/1152/1152 1154/1154/1154
f 1173/1173/1173 1140/1140/1140 1149/1149/1149
f 1152/1152/1152 1173/1173/1173 1149/1149/1149
f 1140/1140/1140 1148/1148/1148 1149/1149/1149
f 1113/1113/1113 1140/1140/1140 1095/1095/1095
f 1096/1096/1096 1086/1086/1086 1113/1113/1113
f 1113/1113/1113 1086/1086/1086 1121/1121/1121
f 1121/1121/1121 1140/1140/1140 1113/1113/1113
f 1095/1095/1095 1139/1139/1139 1112/1112/1112
f 1138/1138/1138 1137/1137/1137 1082/1082/1082
f 1111/1111/1111 1138/1138/1138 1082/1082/1082
f 1335/1335/1335 1368/1368/1368 1330/1330/1330
f 1308/1308/1308 1335/1335/1335 1330/1330/1330
f 1316/1316/1316 1270/1270/1270 1317/1317/1317
f 1315/1315/1315 1270/1270/1270 1316/1316/1316
f 1316/1316/1316 1342/1342/1342 1315/1315/1315
f 1318/1318/1318 1343/1343/1343 1336/1336/1336
f 1317/1317/1317 1318/1318/1318 1336/1336/1336
f 1355/1355/1355 1376/1376/1376 1335/1335/1335
f 1355/1355/1355 1335/1335/1335 1351/1351/1351
f 1072/1072/1072 1104/1104/1104 1052/1052/1052
f 1073/1073/1073 1104/1104/1104 1072/1072/1072
f 910/910/910 882/882/882 963/963/963
f 909/909/909 882/882/882 910/910/910
f 348/348/348 368/368/368 365/365/365
f 363/363/363 348/348/348 365/365/365
f 365/365/365 368/368/368 367/367/367
f 365/365/365 364/364/364 363/363/363
f 306/306/306 305/305/305 303/303/303
f 306/306/306 303/303/303 309/309/309
f 1320/1320/1320 1274/1274/1274 1321/1321/1321
f 1338/1338/1338 1274/1274/1274 1320/1320/1320
f 1339/1339/1339 1338/1338/1338 1320/1320/1320
f 1214/1214/1214 1220/1220/1220 1222/1222/1222
f 1223/1223/1223 1210/1210/1210 1222/1222/1222
f 1222/1222/1222 1210/1210/1210 1214/1214/1214
f 1198/1198/1198 1211/1211/1211 1214/1214/1214
f 1214/1214/1214 1210/1210/1210 1198/1198/1198
f 1198/1198/1198 1210/1210/1210 1194/1194/1194
f 1198/1198/1198 1194/1194/1194 1196/1196/1196
f 653/653/653 648/648/648 652/652/652
f 670/670/670 648/648/648 653/653/653
f 678/678/678 681/681/681 670/670/670
f 687/687/687 700/700/700 686/686/686
f 755/755/755 728/728/728 734/734/734
f 734/734/734 728/728/728 730/730/730
f 730/730/730 728/728/728 709/709/709
f 709/709/709 728/728/728 708/708/708
f 708/708/708 699/699/699 703/703/703
f 756/756/756 755/755/755 740/740/740
f 734/734/734 739/739/739 740/740/740
f 740/740/740 755/755/755 734/734/734
f 770/770/770 782/782/782 768/768/768
f 784/784/784 782/782/782 770/770/770
f 762/762/762 782/782/782 755/755/755
f 762/762/762 755/755/755 756/756/756
f 840/840/840 834/834/834 839/839/839
f 1027/1027/1027 1048/1048/1048 1026/1026/1026
f 1027/1027/1027 1108/1108/1108 1048/1048/1048
f 1080/1080/1080 1108/1108/1108 1027/1027/1027
f 1081/1081/1081 1109/1109/1109 1080/1080/1080
f 1028/1028/1028 1109/1109/1109 1081/1081/1081
f 964/964/964 917/917/917 886/886/886
f 964/964/964 886/886/886 950/950/950
f 1023/1023/1023 1106/1106/1106 1046/1046/1046
f 1046/1046/1046 1106/1106/1106 1065/1065/1065
f 1065/1065/1065 1076/1076/1076 1059/1059/1059
f 1078/1078/1078 1107/1107/1107 1090/1090/1090
f 1090/1090/1090 1107/1107/1107 1089/1089/1089
f 400/400/400 402/402/402 401/401/401
f 400/400/400 403/403/403 402/402/402
f 398/398/398 403/403/403 400/400/400
f 399/399/399 398/398/398 400/400/400
f 443/443/443 440/440/440 442/442/442
f 444/444/444 437/437/437 443/443/443
f 443/443/443 437/437/437 440/440/440
f 440/440/440 423/423/423 439/439/439
f 416/416/416 418/418/418 415/415/415
f 340/340/340 336/336/336 339/339/339
f 343/343/343 359/359/359 342/342/342
f 344/344/344 359/359/359 343/343/343
f 362/362/362 388/388/388 359/359/359
f 371/371/371 388/388/388 362/362/362
f 218/218/218 219/219/219 217/217/217
f 249/249/249 250/250/250 251/251/251
f 249/249/249 267/267/267 247/247/247
f 251/251/251 267/267/267 249/249/249
f 333/333/333 322/322/322 330/330/330
f 330/330/330 332/332/332 333/333/333
f 273/273/273 274/274/274 278/278/278
f 273/273/273 278/278/278 279/279/279
f 279/279/279 291/291/291 273/273/273
f 291/291/291 267/267/267 273/273/273
f 273/273/273 267/267/267 268/268/268
f 273/273/273 268/268/268 269/269/269
f 1159/1159/1159 1174/1174/1174 1156/1156/1156
f 1156/1156/1156 1157/1157/1157 1159/1159/1159
f 1186/1186/1186 1173/1173/1173 1179/1179/1179
f 1173/1173/1173 1175/1175/1175 1179/1179/1179
f 895/895/895 926/926/926 892/892/892
f 1085/1085/1085 1086/1086/1086 1096/1096/1096
f 890/890/890 870/870/870 873/873/873
f 1113/1113/1113 1095/1095/1095 1070/1070/1070
f 1036/1036/1036 1068/1068/1068 1016/1016/1016
f 918/918/918 886/886/886 887/887/887
f 1093/1093/1093 1110/1110/1110 1053/1053/1053
f 1093/1093/1093 1137/1137/1137 1110/1110/1110
f 1082/1082/1082 1137/1137/1137 1093/1093/1093
f 1314/1314/1314 1307/1307/1307 1308/1308/1308
f 1336/1336/1336 1343/1343/1343 1371/1371/1371
f 1343/1343/1343 1360/1360/1360 1371/1371/1371
f 1371/1371/1371 1360/1360/1360 1389/1389/1389
f 931/931/931 881/881/881 909/909/909
f 931/931/931 972/972/972 978/978/978
f 656/656/656 670/670/670 653/653/653
f 703/703/703 699/699/699 702/702/702
f 686/686/686 700/700/700 702/702/702
f 702/702/702 699/699/699 686/686/686
f 705/705/705 708/708/708 703/703/703
f 759/759/759 761/761/761 757/757/757
f 762/762/762 756/756/756 757/757/757
f 757/757/757 761/761/761 762/762/762
f 742/742/742 756/756/756 740/740/740
f 812/812/812 808/808/808 809/809/809
f 809/809/809 808/808/808 793/793/793
f 793/793/793 808/808/808 782/782/782
f 851/851/851 865/865/865 850/850/850
f 850/850/850 848/848/848 849/849/849
f 991/991/991 982/982/982 957/957/957
f 1026/1026/1026 982/982/982 991/991/991
f 1027/1027/1027 1026/1026/1026 991/991/991
f 999/999/999 1049/1049/1049 1028/1028/1028
f 999/999/999 1028/1028/1028 964/964/964
f 964/964/964 950/950/950 999/999/999
f 341/341/341 342/342/342 340/340/340
f 370/370/370 371/371/371 362/362/362
f 366/366/366 369/369/369 370/370/370
f 370/370/370 362/362/362 366/366/366
f 362/362/362 359/359/359 360/360/360
f 360/360/360 359/359/359 344/344/344
f 360/360/360 344/344/344 345/345/345
f 236/236/236 219/219/219 233/233/233
f 326/326/326 327/327/327 324/324/324
f 324/324/324 322/322/322 307/307/307
f 327/327/327 322/322/322 324/324/324
f 328/328/328 322/322/322 327/327/327
f 330/330/330 322/322/322 328/328/328
f 1119/1119/1119 1086/1086/1086 1099/1099/1099
f 898/898/898 926/926/926 895/895/895
f 927/927/927 926/926/926 898/898/898
f 1039/1039/1039 1054/1054/1054 1060/1060/1060
f 1099/1099/1099 1086/1086/1086 1060/1060/1060
f 1060/1060/1060 1054/1054/1054 1099/1099/1099
f 1128/1128/1128 1148/1148/1148 1140/1140/1140
f 1146/1146/1146 1148/1148/1148 1128/1128/1128
f 1128/1128/1128 1140/1140/1140 1121/1121/1121
f 1121/1121/1121 1124/1124/1124 1128/1128/1128
f 1128/1128/1128 1124/1124/1124 1127/1127/1127
f 889/889/889 938/938/938 888/888/888
f 965/965/965 938/938/938 986/986/986
f 950/950/950 886/886/886 936/936/936
f 936/936/936 886/886/886 918/918/918
f 1029/1029/1029 1111/1111/1111 1082/1082/1082
f 888/888/888 938/938/938 921/921/921
f 921/921/921 938/938/938 965/965/965
f 887/887/887 888/888/888 920/920/920
f 908/908/908 881/881/881 931/931/931
f 908/908/908 931/931/931 978/978/978
f 908/908/908 907/907/907 881/881/881
f 674/674/674 670/670/670 656/656/656
f 678/678/678 670/670/670 674/674/674
f 674/674/674 656/656/656 657/657/657
f 758/758/758 759/759/759 757/757/757
f 764/764/764 782/782/782 762/762/762
f 815/815/815 808/808/808 812/812/812
f 834/834/834 808/808/808 815/815/815
f 816/816/816 834/834/834 815/815/815
f 793/793/793 782/782/782 789/789/789
f 790/790/790 793/793/793 789/789/789
f 842/842/842 840/840/840 841/841/841
f 991/991/991 957/957/957 983/983/983
f 1110/1110/1110 1051/1051/1051 1015/1015/1015
f 1053/1053/1053 1110/1110/1110 1015/1015/1015
f 1000/1000/1000 973/973/973 958/958/958
f 918/918/918 887/887/887 958/958/958
f 979/979/979 980/980/980 1014/1014/1014
f 1014/1014/1014 1023/1023/1023 979/979/979
f 882/882/882 883/883/883 911/911/911
f 911/911/911 932/932/932 882/882/882
f 933/933/933 932/932/932 911/911/911
f 361/361/361 362/362/362 360/360/360
f 211/211/211 208/208/208 209/209/209
f 249/249/249 247/247/247 248/248/248
f 329/329/329 330/330/330 328/328/328
f 1179/1179/1179 1175/1175/1175 1177/1177/1177
f 1177/1177/1177 1175/1175/1175 1176/1176/1176
f 1177/1177/1177 1178/1178/1178 1179/1179/1179
f 898/898/898 895/895/895 896/896/896
f 1097/1097/1097 1098/1098/1098 1101/1101/1101
f 850/850/850 865/865/865 864/864/864
f 864/864/864 865/865/865 869/869/869
f 864/864/864 848/848/848 850/850/850
f 869/869/869 870/870/870 864/864/864
f 864/864/864 870/870/870 890/890/890
f 864/864/864 846/846/846 848/848/848
f 864/864/864 834/834/834 840/840/840
f 864/864/864 840/840/840 842/842/842
f 1150/1150/1150 1152/1152/1152 1149/1149/1149
f 1038/1038/1038 1096/1096/1096 1113/1113/1113
f 1050/1050/1050 1112/1112/1112 1037/1037/1037
f 1037/1037/1037 1112/1112/1112 1084/1084/1084
f 1069/1069/1069 1095/1095/1095 1112/1112/1112
f 1069/1069/1069 1112/1112/1112 1050/1050/1050
f 1002/1002/1002 965/965/965 986/986/986
f 1094/1094/1094 1068/1068/1068 1036/1036/1036
f 1111/1111/1111 1068/1068/1068 1094/1094/1094
f 1084/1084/1084 1112/1112/1112 1094/1094/1094
f 1139/1139/1139 1138/1138/1138 1094/1094/1094
f 1094/1094/1094 1138/1138/1138 1111/1111/1111
f 1112/1112/1112 1139/1139/1139 1094/1094/1094
f 1029/1029/1029 1082/1082/1082 1010/1010/1010
f 1010/1010/1010 985/985/985 1029/1029/1029
f 1067/1067/1067 1111/1111/1111 1029/1029/1029
f 937/937/937 888/888/888 921/921/921
f 920/920/920 888/888/888 937/937/937
f 959/959/959 1000/1000/1000 958/958/958
f 958/958/958 887/887/887 959/959/959
f 1378/1378/1378 1336/1336/1336 1371/1371/1371
f 768/768/768 782/782/782 766/766/766
f 766/766/766 782/782/782 764/764/764
f 764/764/764 765/765/765 766/766/766
f 784/784/784 786/786/786 787/787/787
f 787/787/787 782/782/782 784/784/784
f 789/789/789 782/782/782 787/787/787
f 955/955/955 980/980/980 979/979/979
f 955/955/955 883/883/883 934/934/934
f 934/934/934 980/980/980 955/955/955
f 876/876/876 892/892/892 890/890/890
f 890/890/890 873/873/873 876/876/876
f 873/873/873 875/875/875 876/876/876
f 1117/1117/1117 1097/1097/1097 1101/1101/1101
f 1117/1117/1117 1119/1119/1119 1099/1099/1099
f 1099/1099/1099 1097/1097/1097 1117/1117/1117
f 1012/1012/1012 1039/1039/1039 1011/1011/1011
f 987/987/987 968/968/968 988/988/988
f 988/988/988 968/968/968 969/969/969
f 969/969/969 989/989/989 988/988/988
f 1040/1040/1040 1054/1054/1054 1019/1019/1019
f 843/843/843 846/846/846 864/864/864
f 864/864/864 842/842/842 843/843/843
f 845/845/845 846/846/846 843/843/843
f 940/940/940 890/890/890 925/925/925
f 967/967/967 890/890/890 940/940/940
f 940/940/940 976/976/976 967/967/967
f 941/941/941 926/926/926 969/969/969
f 969/969/969 968/968/968 941/941/941
f 892/892/892 926/926/926 941/941/941
f 890/890/890 892/892/892 941/941/941
f 925/925/925 890/890/890 941/941/941
f 1030/1030/1030 1050/1050/1050 1037/1037/1037
f 889/889/889 890/890/890 901/901/901
f 1031/1031/1031 1113/1113/1113 1070/1070/1070
f 1038/1038/1038 1113/1113/1113 1031/1031/1031
f 1031/1031/1031 976/976/976 1038/1038/1038
f 967/967/967 976/976/976 1031/1031/1031
f 922/922/922 938/938/938 889/889/889
f 922/922/922 889/889/889 939/939/939
f 1083/1083/1083 1068/1068/1068 1111/1111/1111
f 1083/1083/1083 1111/1111/1111 1067/1067/1067
f 951/951/951 920/920/920 937/937/937
f 1001/1001/1001 1000/1000/1000 959/959/959
f 1001/1001/1001 1053/1053/1053 1015/1015/1015
f 1015/1015/1015 1000/1000/1000 1001/1001/1001
f 959/959/959 887/887/887 919/919/919
f 1387/1387/1387 1371/1371/1371 1388/1388/1388
f 1378/1378/1378 1371/1371/1371 1387/1387/1387
f 911/911/911 883/883/883 942/942/942
f 942/942/942 883/883/883 955/955/955
f 995/995/995 987/987/987 988/988/988
f 1018/1018/1018 1054/1054/1054 1039/1039/1039
f 1019/1019/1019 1054/1054/1054 1018/1018/1018
f 1018/1018/1018 1039/1039/1039 1012/1012/1012
f 1030/1030/1030 1037/1037/1037 1017/1017/1017
f 1017/1017/1017 993/993/993 994/994/994
f 994/994/994 1030/1030/1030 1017/1017/1017
f 924/924/924 890/890/890 967/967/967
f 901/901/901 890/890/890 924/924/924
f 951/951/951 937/937/937 960/960/960
f 992/992/992 985/985/985 1010/1010/1010
f 960/960/960 985/985/985 992/992/992
f 992/992/992 951/951/951 960/960/960
f 1001/1001/1001 959/959/959 984/984/984
f 900/900/900 887/887/887 920/920/920
f 919/919/919 887/887/887 900/900/900
f 974/974/974 951/951/951 992/992/992
f 923/923/923 889/889/889 901/901/901
f 961/961/961 889/889/889 923/923/923
f 994/994/994 993/993/993 961/961/961
f 975/975/975 994/994/994 961/961/961
f 961/961/961 993/993/993 952/952/952
f 952/952/952 993/993/993 966/966/966
f 939/939/939 889/889/889 952/952/952
f 952/952/952 889/889/889 961/961/961
f 690/690/690 689/689/689 660/660/660
f 660/660/660 661/661/661 690/690/690
f 562/562/562 563/563/563 594/594/594
f 562/562/562 594/594/594 593/593/593
f 201/201/201 200/200/200 174/174/174
f 174/174/174 175/175/175 201/201/201
f 223/223/223 222/222/222 192/192/192
f 192/192/192 222/222/222 191/191/191
f 167/167/167 120/120/120 168/168/168
f 168/168/168 120/120/120 121/121/121
f 282/282/282 258/258/258 259/259/259
f 282/282/282 259/259/259 283/283/283
f 1209/1209/1209 1208/1208/1208 1171/1171/1171
f 1171/1171/1171 1172/1172/1172 1209/1209/1209
f 593/593/593 592/592/592 561/561/561
f 562/562/562 593/593/593 561/561/561
f 282/282/282 283/283/283 314/314/314
f 314/314/314 313/313/313 282/282/282
f 380/380/380 352/352/352 381/381/381
f 351/351/351 352/352/352 380/380/380
f 353/353/353 354/354/354 382/382/382
f 354/354/354 383/383/383 382/382/382
f 381/381/381 352/352/352 382/382/382
f 382/382/382 352/352/352 353/353/353
f 533/533/533 562/562/562 561/561/561
f 561/561/561 532/532/532 533/533/533
f 485/485/485 486/486/486 515/515/515
f 515/515/515 514/514/514 485/485/485
f 690/690/690 661/661/661 662/662/662
f 691/691/691 690/690/690 662/662/662
f 384/384/384 383/383/383 354/354/354
f 384/384/384 354/354/354 355/355/355
f 230/230/230 265/265/265 264/264/264
f 264/264/264 229/229/229 230/230/230
f 173/173/173 125/125/125 174/174/174
f 124/124/124 125/125/125 173/173/173
f 28/28/28 27/27/27 7/7/7
f 27/27/27 6/6/6 7/7/7
f 197/197/197 172/172/172 198/198/198
f 197/197/197 171/171/171 172/172/172
f 198/198/198 229/229/229 197/197/197
f 197/197/197 229/229/229 228/228/228
f 170/170/170 171/171/171 197/197/197
f 197/197/197 196/196/196 170/170/170
f 286/286/286 287/287/287 317/317/317
f 287/287/287 318/318/318 317/317/317
f 355/355/355 354/354/354 317/317/317
f 317/317/317 318/318/318 355/355/355
f 317/317/317 285/285/285 286/286/286
f 316/316/316 285/285/285 317/317/317
f 317/317/317 354/354/354 353/353/353
f 317/317/317 353/353/353 316/316/316
f 350/350/350 351/351/351 380/380/380
f 380/380/380 379/379/379 350/350/350
f 350/350/350 313/313/313 314/314/314
f 314/314/314 351/351/351 350/350/350
f 191/191/191 222/222/222 221/221/221
f 190/190/190 191/191/191 221/221/221
f 257/257/257 222/222/222 223/223/223
f 223/223/223 258/258/258 257/257/257
f 221/221/221 222/222/222 257/257/257
f 257/257/257 256/256/256 221/221/221
f 312/312/312 313/313/313 350/350/350
f 350/350/350 349/349/349 312/312/312
f 853/853/853 854/854/854 879/879/879
f 854/854/854 880/880/880 879/879/879
f 721/721/721 748/748/748 747/747/747
f 747/747/747 720/720/720 721/721/721
f 719/719/719 690/690/690 691/691/691
f 691/691/691 720/720/720 719/719/719
f 719/719/719 689/689/689 690/690/690
f 718/718/718 689/689/689 719/719/719
f 612/612/612 634/634/634 633/633/633
f 611/611/611 612/612/612 633/633/633
f 591/591/591 612/612/612 611/611/611
f 611/611/611 590/590/590 591/591/591
f 315/315/315 285/285/285 316/316/316
f 284/284/284 285/285/285 315/315/315
f 316/316/316 353/353/353 315/315/315
f 353/353/353 352/352/352 315/315/315
f 314/314/314 283/283/283 315/315/315
f 315/315/315 283/283/283 284/284/284
f 315/315/315 351/351/351 314/314/314
f 315/315/315 352/352/352 351/351/351
f 615/615/615 594/594/594 595/595/595
f 595/595/595 616/616/616 615/615/615
f 534/534/534 563/563/563 562/562/562
f 534/534/534 562/562/562 533/533/533
f 613/613/613 612/612/612 591/591/591
f 591/591/591 592/592/592 613/613/613
f 615/615/615 616/616/616 638/638/638
f 637/637/637 615/615/615 638/638/638
f 722/722/722 748/748/748 721/721/721
f 749/749/749 748/748/748 722/722/722
f 692/692/692 720/720/720 691/691/691
f 721/721/721 720/720/720 692/692/692
f 692/692/692 691/691/691 662/662/662
f 662/662/662 663/663/663 692/692/692
f 722/722/722 721/721/721 692/692/692
f 692/692/692 693/693/693 722/722/722
f 569/569/569 541/541/541 570/570/570
f 540/540/540 541/541/541 569/569/569
f 263/263/263 287/287/287 286/286/286
f 263/263/263 286/286/286 262/262/262
f 263/263/263 229/229/229 264/264/264
f 228/228/228 229/229/229 263/263/263
f 384/384/384 355/355/355 356/356/356
f 356/356/356 385/385/385 384/384/384
f 355/355/355 318/318/318 356/356/356
f 356/356/356 318/318/318 319/319/319
f 288/288/288 287/287/287 263/263/263
f 263/263/263 264/264/264 288/288/288
f 288/288/288 318/318/318 287/287/287
f 319/319/319 318/318/318 288/288/288
f 386/386/386 387/387/387 412/412/412
f 387/387/387 413/413/413 412/412/412
f 411/411/411 385/385/385 412/412/412
f 412/412/412 385/385/385 386/386/386
f 230/230/230 229/229/229 199/199/199
f 199/199/199 229/229/229 198/198/198
f 198/198/198 172/172/172 199/199/199
f 199/199/199 172/172/172 173/173/173
f 174/174/174 200/200/200 199/199/199
f 173/173/173 174/174/174 199/199/199
f 1230/1230/1230 1200/1200/1200 1201/1201/1201
f 1201/1201/1201 1231/1231/1231 1230/1230/1230
f 1233/1233/1233 1234/1234/1234 1272/1272/1272
f 1272/1272/1272 1271/1271/1271 1233/1233/1233
f 1236/1236/1236 1206/1206/1206 1207/1207/1207
f 1207/1207/1207 1237/1237/1237 1236/1236/1236
f 1162/1162/1162 1163/1163/1163 1199/1199/1199
f 1199/1199/1199 1163/1163/1163 1200/1200/1200
f 259/259/259 258/258/258 224/224/224
f 224/224/224 258/258/258 223/223/223
f 224/224/224 223/223/223 192/192/192
f 192/192/192 193/193/193 224/224/224
f 281/281/281 258/258/258 282/282/282
f 257/257/257 258/258/258 281/281/281
f 281/281/281 256/256/256 257/257/257
f 281/281/281 280/280/280 256/256/256
f 282/282/282 313/313/313 281/281/281
f 281/281/281 313/313/313 312/312/312
f 1236/1236/1236 1237/1237/1237 1274/1274/1274
f 1274/1274/1274 1273/1273/1273 1236/1236/1236
f 1238/1238/1238 1237/1237/1237 1207/1207/1207
f 1207/1207/1207 1208/1208/1208 1238/1238/1238
f 1238/1238/1238 1208/1208/1208 1209/1209/1209
f 1209/1209/1209 1239/1239/1239 1238/1238/1238
f 1274/1274/1274 1237/1237/1237 1238/1238/1238
f 1238/1238/1238 1275/1275/1275 1274/1274/1274
f 1238/1238/1238 1239/1239/1239 1276/1276/1276
f 1238/1238/1238 1276/1276/1276 1275/1275/1275
f 1204/1204/1204 1234/1234/1234 1233/1233/1233
f 1233/1233/1233 1203/1203/1203 1204/1204/1204
f 1169/1169/1169 1136/1136/1136 1170/1170/1170
f 1170/1170/1170 1136/1136/1136 1137/1137/1137
f 1170/1170/1170 1137/1137/1137 1138/1138/1138
f 1138/1138/1138 1171/1171/1171 1170/1170/1170
f 1207/1207/1207 1206/1206/1206 1170/1170/1170
f 1170/1170/1170 1206/1206/1206 1169/1169/1169
f 1171/1171/1171 1208/1208/1208 1170/1170/1170
f 1170/1170/1170 1208/1208/1208 1207/1207/1207
f 747/747/747 748/748/748 775/775/775
f 775/775/775 774/774/774 747/747/747
f 775/775/775 748/748/748 749/749/749
f 775/775/775 749/749/749 776/776/776
f 802/802/802 801/801/801 775/775/775
f 776/776/776 802/802/802 775/775/775
f 827/827/827 801/801/801 828/828/828
f 828/828/828 801/801/801 802/802/802
f 828/828/828 857/857/857 827/827/827
f 858/858/858 857/857/857 828/828/828
f 883/883/883 857/857/857 858/858/858
f 858/858/858 884/884/884 883/883/883
f 1108/1108/1108 1135/1135/1135 1107/1107/1107
f 1135/1135/1135 1134/1134/1134 1107/1107/1107
f 771/771/771 798/798/798 797/797/797
f 771/771/771 772/772/772 798/798/798
f 745/745/745 772/772/772 771/771/771
f 744/744/744 745/745/745 771/771/771
f 774/774/774 773/773/773 746/746/746
f 747/747/747 774/774/774 746/746/746
f 746/746/746 772/772/772 745/745/745
f 773/773/773 772/772/772 746/746/746
f 746/746/746 720/720/720 747/747/747
f 719/719/719 720/720/720 746/746/746
f 746/746/746 718/718/718 719/719/719
f 746/746/746 745/745/745 718/718/718
f 717/717/717 745/745/745 744/744/744
f 718/718/718 745/745/745 717/717/717
f 717/717/717 689/689/689 718/718/718
f 688/688/688 689/689/689 717/717/717
f 633/633/633 634/634/634 659/659/659
f 659/659/659 634/634/634 660/660/660
f 660/660/660 689/689/689 659/659/659
f 659/659/659 689/689/689 688/688/688
f 561/561/561 592/592/592 560/560/560
f 560/560/560 592/592/592 591/591/591
f 560/560/560 532/532/532 561/561/561
f 531/531/531 532/532/532 560/560/560
f 478/478/478 479/479/479 507/507/507
f 507/507/507 479/479/479 508/508/508
f 531/531/531 530/530/530 507/507/507
f 507/507/507 508/508/508 531/531/531
f 450/450/450 479/479/479 478/478/478
f 451/451/451 479/479/479 450/450/450
f 458/458/458 486/486/486 485/485/485
f 485/485/485 457/457/457 458/458/458
f 480/480/480 479/479/479 451/451/451
f 451/451/451 452/452/452 480/480/480
f 534/534/534 533/533/533 510/510/510
f 510/510/510 511/511/511 534/534/534
f 482/482/482 511/511/511 510/510/510
f 510/510/510 481/481/481 482/482/482
f 534/534/534 511/511/511 512/512/512
f 512/512/512 535/535/535 534/534/534
f 512/512/512 511/511/511 482/482/482
f 482/482/482 483/483/483 512/512/512
f 485/485/485 514/514/514 484/484/484
f 514/514/514 513/513/513 484/484/484
f 512/512/512 483/483/483 484/484/484
f 484/484/484 513/513/513 512/512/512
f 456/456/456 457/457/457 485/485/485
f 456/456/456 485/485/485 484/484/484
f 484/484/484 483/483/483 456/456/456
f 483/483/483 455/455/455 456/456/456
f 614/614/614 594/594/594 615/615/615
f 593/593/593 594/594/594 614/614/614
f 614/614/614 592/592/592 593/593/593
f 613/613/613 592/592/592 614/614/614
f 639/639/639 618/618/618 640/640/640
f 617/617/617 618/618/618 639/639/639
f 638/638/638 616/616/616 639/639/639
f 639/639/639 616/616/616 617/617/617
f 664/664/664 693/693/693 692/692/692
f 692/692/692 663/663/663 664/664/664
f 664/664/664 638/638/638 639/639/639
f 639/639/639 665/665/665 664/664/664
f 665/665/665 694/694/694 664/664/664
f 664/664/664 694/694/694 693/693/693
f 664/664/664 637/637/637 638/638/638
f 664/664/664 663/663/663 637/637/637
f 555/555/555 558/558/558 571/571/571
f 571/571/571 554/554/554 555/555/555
f 501/501/501 503/503/503 496/496/496
f 496/496/496 503/503/503 495/495/495
f 231/231/231 230/230/230 199/199/199
f 199/199/199 200/200/200 231/231/231
f 231/231/231 265/265/265 230/230/230
f 266/266/266 265/265/265 231/231/231
f 289/289/289 265/265/265 266/266/266
f 266/266/266 290/290/290 289/289/289
f 289/289/289 319/319/319 288/288/288
f 289/289/289 320/320/320 319/319/319
f 264/264/264 265/265/265 289/289/289
f 288/288/288 264/264/264 289/289/289
f 357/357/357 385/385/385 356/356/356
f 386/386/386 385/385/385 357/357/357
f 356/356/356 319/319/319 357/357/357
f 319/319/319 320/320/320 357/357/357
f 357/357/357 387/387/387 386/386/386
f 358/358/358 387/387/387 357/357/357
f 436/436/436 437/437/437 461/461/461
f 461/461/461 460/460/460 436/436/436
f 569/569/569 600/600/600 568/568/568
f 568/568/568 600/600/600 599/599/599
f 568/568/568 540/540/540 569/569/569
f 568/568/568 539/539/539 540/540/540
f 568/568/568 599/599/599 598/598/598
f 598/598/598 567/567/567 568/568/568
f 568/568/568 567/567/567 538/538/538
f 538/538/538 539/539/539 568/568/568
f 538/538/538 514/514/514 515/515/515
f 537/537/537 514/514/514 538/538/538
f 639/639/639 640/640/640 666/666/666
f 666/666/666 665/665/665 639/639/639
f 1164/1164/1164 1131/1131/1131 1132/1132/1132
f 1132/1132/1132 1165/1165/1165 1164/1164/1164
f 1163/1163/1163 1130/1130/1130 1164/1164/1164
f 1164/1164/1164 1130/1130/1130 1131/1131/1131
f 1200/1200/1200 1163/1163/1163 1164/1164/1164
f 1201/1201/1201 1200/1200/1200 1164/1164/1164
f 1232/1232/1232 1270/1270/1270 1269/1269/1269
f 1269/1269/1269 1231/1231/1231 1232/1232/1232
f 1233/1233/1233 1271/1271/1271 1232/1232/1232
f 1232/1232/1232 1271/1271/1271 1270/1270/1270
f 1129/1129/1129 1163/1163/1163 1162/1162/1162
f 1129/1129/1129 1130/1130/1130 1163/1163/1163
f 263/263/263 262/262/262 227/227/227
f 227/227/227 228/228/228 263/263/263
f 197/197/197 228/228/228 227/227/227
f 227/227/227 196/196/196 197/197/197
f 195/195/195 196/196/196 227/227/227
f 227/227/227 226/226/226 195/195/195
f 286/286/286 285/285/285 261/261/261
f 262/262/262 286/286/286 261/261/261
f 227/227/227 262/262/262 261/261/261
f 261/261/261 226/226/226 227/227/227
f 202/202/202 189/189/189 203/203/203
f 203/203/203 189/189/189 204/204/204
f 311/311/311 280/280/280 281/281/281
f 281/281/281 312/312/312 311/311/311
f 1204/1204/1204 1203/1203/1203 1167/1167/1167
f 1167/1167/1167 1203/1203/1203 1166/1166/1166
f 775/775/775 801/801/801 800/800/800
f 800/800/800 774/774/774 775/775/775
f 797/797/797 798/798/798 823/823/823
f 823/823/823 798/798/798 824/824/824
f 823/823/823 854/854/854 853/853/853
f 824/824/824 854/854/854 823/823/823
f 1133/1133/1133 1165/1165/1165 1132/1132/1132
f 1166/1166/1166 1165/1165/1165 1133/1133/1133
f 1167/1167/1167 1166/1166/1166 1133/1133/1133
f 1133/1133/1133 1134/1134/1134 1167/1167/1167
f 350/350/350 379/379/379 378/378/378
f 378/378/378 349/349/349 350/350/350
f 596/596/596 616/616/616 595/595/595
f 617/617/617 616/616/616 596/596/596
f 538/538/538 567/567/567 566/566/566
f 566/566/566 537/537/537 538/538/538
f 512/512/512 513/513/513 536/536/536
f 536/536/536 535/535/535 512/512/512
f 536/536/536 514/514/514 537/537/537
f 536/536/536 513/513/513 514/514/514
f 536/536/536 537/537/537 566/566/566
f 566/566/566 565/565/565 536/536/536
f 536/536/536 565/565/565 564/564/564
f 564/564/564 535/535/535 536/536/536
f 564/564/564 563/563/563 534/534/534
f 534/534/534 535/535/535 564/564/564
f 594/594/594 563/563/563 564/564/564
f 595/595/595 594/594/594 564/564/564
f 596/596/596 595/595/595 564/564/564
f 564/564/564 565/565/565 596/596/596
f 508/508/508 479/479/479 509/509/509
f 509/509/509 479/479/479 480/480/480
f 509/509/509 532/532/532 531/531/531
f 531/531/531 508/508/508 509/509/509
f 509/509/509 481/481/481 510/510/510
f 480/480/480 481/481/481 509/509/509
f 533/533/533 532/532/532 509/509/509
f 510/510/510 533/533/533 509/509/509
f 378/378/378 379/379/379 405/405/405
f 405/405/405 404/404/404 378/378/378
f 454/454/454 483/483/483 482/482/482
f 454/454/454 455/455/455 483/483/483
f 427/427/427 451/451/451 450/450/450
f 450/450/450 426/426/426 427/427/427
f 405/405/405 428/428/428 427/427/427
f 427/427/427 404/404/404 405/405/405
f 427/427/427 452/452/452 451/451/451
f 428/428/428 452/452/452 427/427/427
f 433/433/433 434/434/434 458/458/458
f 458/458/458 457/457/457 433/433/433
f 636/636/636 663/663/663 662/662/662
f 637/637/637 663/663/663 636/636/636
f 636/636/636 615/615/615 637/637/637
f 614/614/614 615/615/615 636/636/636
f 516/516/516 539/539/539 538/538/538
f 538/538/538 515/515/515 516/516/516
f 515/515/515 486/486/486 516/516/516
f 516/516/516 486/486/486 487/487/487
f 477/477/477 490/490/490 491/491/491
f 491/491/491 492/492/492 477/477/477
f 321/321/321 320/320/320 289/289/289
f 289/289/289 290/290/290 321/321/321
f 321/321/321 358/358/358 357/357/357
f 357/357/357 320/320/320 321/321/321
f 435/435/435 411/411/411 412/412/412
f 434/434/434 411/411/411 435/435/435
f 412/412/412 413/413/413 435/435/435
f 435/435/435 413/413/413 436/436/436
f 668/668/668 667/667/667 641/641/641
f 641/641/641 642/642/642 668/668/668
f 641/641/641 667/667/667 666/666/666
f 666/666/666 640/640/640 641/641/641
f 640/640/640 618/618/618 641/641/641
f 641/641/641 618/618/618 619/619/619
f 569/569/569 570/570/570 601/601/601
f 601/601/601 600/600/600 569/569/569
f 641/641/641 619/619/619 620/620/620
f 620/620/620 642/642/642 641/641/641
f 598/598/598 599/599/599 620/620/620
f 619/619/619 598/598/598 620/620/620
f 643/643/643 642/642/642 620/620/620
f 620/620/620 621/621/621 643/643/643
f 599/599/599 600/600/600 620/620/620
f 620/620/620 600/600/600 621/621/621
f 1139/1139/1139 1172/1172/1172 1171/1171/1171
f 1139/1139/1139 1171/1171/1171 1138/1138/1138
f 1230/1230/1230 1231/1231/1231 1268/1268/1268
f 1268/1268/1268 1231/1231/1231 1269/1269/1269
f 1164/1164/1164 1165/1165/1165 1202/1202/1202
f 1202/1202/1202 1201/1201/1201 1164/1164/1164
f 1202/1202/1202 1165/1165/1165 1166/1166/1166
f 1166/1166/1166 1203/1203/1203 1202/1202/1202
f 1202/1202/1202 1231/1231/1231 1201/1201/1201
f 1232/1232/1232 1231/1231/1231 1202/1202/1202
f 1202/1202/1202 1203/1203/1203 1233/1233/1233
f 1202/1202/1202 1233/1233/1233 1232/1232/1232
f 224/224/224 193/193/193 194/194/194
f 194/194/194 225/225/225 224/224/224
f 194/194/194 167/167/167 168/168/168
f 194/194/194 193/193/193 167/167/167
f 195/195/195 226/226/226 194/194/194
f 226/226/226 225/225/225 194/194/194
f 168/168/168 169/169/169 194/194/194
f 194/194/194 169/169/169 195/195/195
f 260/260/260 259/259/259 224/224/224
f 224/224/224 225/225/225 260/260/260
f 283/283/283 259/259/259 260/260/260
f 284/284/284 283/283/283 260/260/260
f 260/260/260 225/225/225 226/226/226
f 260/260/260 226/226/226 261/261/261
f 260/260/260 285/285/285 284/284/284
f 261/261/261 285/285/285 260/260/260
f 1276/1276/1276 1239/1239/1239 1240/1240/1240
f 1240/1240/1240 1277/1277/1277 1276/1276/1276
f 1240/1240/1240 1239/1239/1239 1209/1209/1209
f 1240/1240/1240 1209/1209/1209 1210/1210/1210
f 629/629/629 648/648/648 627/627/627
f 646/646/646 648/648/648 629/629/629
f 1168/1168/1168 1136/1136/1136 1169/1169/1169
f 1135/1135/1135 1136/1136/1136 1168/1168/1168
f 1168/1168/1168 1134/1134/1134 1135/1135/1135
f 1167/1167/1167 1134/1134/1134 1168/1168/1168
f 722/722/722 693/693/693 723/723/723
f 693/693/693 694/694/694 723/723/723
f 799/799/799 772/772/772 773/773/773
f 798/798/798 772/772/772 799/799/799
f 799/799/799 773/773/773 774/774/774
f 799/799/799 774/774/774 800/800/800
f 591/591/591 590/590/590 559/559/559
f 560/560/560 591/591/591 559/559/559
f 559/559/559 531/531/531 560/560/560
f 559/559/559 530/530/530 531/531/531
f 427/427/427 426/426/426 403/403/403
f 403/403/403 404/404/404 427/427/427
f 378/378/378 404/404/404 377/377/377
f 377/377/377 404/404/404 403/403/403
f 597/597/597 618/618/618 617/617/617
f 597/597/597 617/617/617 596/596/596
f 597/597/597 598/598/598 619/619/619
f 619/619/619 618/618/618 597/597/597
f 596/596/596 565/565/565 597/597/597
f 597/597/597 565/565/565 566/566/566
f 597/597/597 567/567/567 598/598/598
f 566/566/566 567/567/567 597/597/597
f 453/453/453 481/481/481 480/480/480
f 480/480/480 452/452/452 453/453/453
f 482/482/482 481/481/481 453/453/453
f 454/454/454 482/482/482 453/453/453
f 410/410/410 385/385/385 411/411/411
f 384/384/384 385/385/385 410/410/410
f 410/410/410 434/434/434 433/433/433
f 410/410/410 411/411/411 434/434/434
f 635/635/635 634/634/634 612/612/612
f 635/635/635 612/612/612 613/613/613
f 635/635/635 661/661/661 660/660/660
f 660/660/660 634/634/634 635/635/635
f 635/635/635 613/613/613 614/614/614
f 635/635/635 614/614/614 636/636/636
f 662/662/662 661/661/661 635/635/635
f 636/636/636 662/662/662 635/635/635
f 517/517/517 541/541/541 540/540/540
f 518/518/518 541/541/541 517/517/517
f 540/540/540 539/539/539 517/517/517
f 517/517/517 539/539/539 516/516/516
f 232/232/232 200/200/200 201/201/201
f 231/231/231 200/200/200 232/232/232
f 232/232/232 266/266/266 231/231/231
f 267/267/267 266/266/266 232/232/232
f 321/321/321 290/290/290 291/291/291
f 291/291/291 322/322/322 321/321/321
f 291/291/291 290/290/290 266/266/266
f 291/291/291 266/266/266 267/267/267
f 459/459/459 486/486/486 458/458/458
f 487/487/487 486/486/486 459/459/459
f 458/458/458 434/434/434 459/459/459
f 459/459/459 434/434/434 435/435/435
f 436/436/436 460/460/460 459/459/459
f 435/435/435 436/436/436 459/459/459
f 622/622/622 600/600/600 601/601/601
f 621/621/621 600/600/600 622/622/622
f 669/669/669 697/697/697 668/668/668
f 698/698/698 697/697/697 669/669/669
f 668/668/668 642/642/642 669/669/669
f 669/669/669 642/642/642 643/643/643
f 192/192/192 191/191/191 166/166/166
f 166/166/166 191/191/191 165/165/165
f 166/166/166 193/193/193 192/192/192
f 167/167/167 193/193/193 166/166/166
f 882/882/882 857/857/857 883/883/883
f 882/882/882 856/856/856 857/857/857
f 1229/1229/1229 1200/1200/1200 1230/1230/1230
f 1199/1199/1199 1200/1200/1200 1229/1229/1229
f 1122/1122/1122 1126/1126/1126 1123/1123/1123
f 1126/1126/1126 1125/1125/1125 1123/1123/1123
f 312/312/312 349/349/349 348/348/348
f 311/311/311 312/312/312 348/348/348
f 348/348/348 349/349/349 378/378/378
f 348/348/348 378/378/378 377/377/377
f 1205/1205/1205 1234/1234/1234 1204/1204/1204
f 1205/1205/1205 1235/1235/1235 1234/1234/1234
f 1205/1205/1205 1206/1206/1206 1236/1236/1236
f 1236/1236/1236 1235/1235/1235 1205/1205/1205
f 1205/1205/1205 1204/1204/1204 1167/1167/1167
f 1205/1205/1205 1167/1167/1167 1168/1168/1168
f 1169/1169/1169 1206/1206/1206 1205/1205/1205
f 1168/1168/1168 1169/1169/1169 1205/1205/1205
f 776/776/776 749/749/749 750/750/750
f 777/777/777 776/776/776 750/750/750
f 750/750/750 749/749/749 722/722/722
f 750/750/750 722/722/722 723/723/723
f 827/827/827 857/857/857 826/826/826
f 857/857/857 856/856/856 826/826/826
f 826/826/826 801/801/801 827/827/827
f 800/800/800 801/801/801 826/826/826
f 430/430/430 455/455/455 454/454/454
f 431/431/431 455/455/455 430/430/430
f 382/382/382 383/383/383 409/409/409
f 408/408/408 382/382/382 409/409/409
f 409/409/409 383/383/383 384/384/384
f 409/409/409 384/384/384 410/410/410
f 459/459/459 460/460/460 488/488/488
f 488/488/488 487/487/487 459/459/459
f 488/488/488 460/460/460 461/461/461
f 461/461/461 489/489/489 488/488/488
f 516/516/516 487/487/487 488/488/488
f 517/517/517 516/516/516 488/488/488
f 488/488/488 518/518/518 517/517/517
f 488/488/488 489/489/489 518/518/518
f 414/414/414 437/437/437 436/436/436
f 436/436/436 413/413/413 414/414/414
f 414/414/414 413/413/413 387/387/387
f 414/414/414 387/387/387 388/388/388
f 359/359/359 358/358/358 321/321/321
f 321/321/321 322/322/322 359/359/359
f 359/359/359 387/387/387 358/358/358
f 388/388/388 387/387/387 359/359/359
f 643/643/643 621/621/621 644/644/644
f 644/644/644 621/621/621 622/622/622
f 668/668/668 697/697/697 696/696/696
f 696/696/696 667/667/667 668/668/668
f 1173/1173/1173 1172/1172/1172 1139/1139/1139
f 1173/1173/1173 1139/1139/1139 1140/1140/1140
f 1209/1209/1209 1172/1172/1172 1173/1173/1173
f 1210/1210/1210 1209/1209/1209 1173/1173/1173
f 881/881/881 856/856/856 882/882/882
f 855/855/855 856/856/856 881/881/881
f 881/881/881 880/880/880 854/854/854
f 881/881/881 854/854/854 855/855/855
f 254/254/254 271/271/271 255/255/255
f 255/255/255 271/271/271 270/270/270
f 727/727/727 697/697/697 698/698/698
f 726/726/726 697/697/697 727/727/727
f 727/727/727 698/698/698 699/699/699
f 699/699/699 728/728/728 727/727/727
f 608/608/608 610/610/610 606/606/606
f 606/606/606 610/610/610 605/605/605
f 859/859/859 884/884/884 858/858/858
f 885/885/885 884/884/884 859/859/859
f 886/886/886 885/885/885 859/859/859
f 859/859/859 860/860/860 886/886/886
f 824/824/824 798/798/798 825/825/825
f 825/825/825 798/798/798 799/799/799
f 825/825/825 854/854/854 824/824/824
f 855/855/855 854/854/854 825/825/825
f 799/799/799 800/800/800 825/825/825
f 825/825/825 800/800/800 826/826/826
f 825/825/825 856/856/856 855/855/855
f 826/826/826 856/856/856 825/825/825
f 398/398/398 394/394/394 393/393/393
f 398/398/398 397/397/397 394/394/394
f 407/407/407 381/381/381 382/382/382
f 407/407/407 382/382/382 408/408/408
f 407/407/407 431/431/431 430/430/430
f 408/408/408 431/431/431 407/407/407
f 429/429/429 452/452/452 428/428/428
f 453/453/453 452/452/452 429/429/429
f 429/429/429 454/454/454 453/453/453
f 430/430/430 454/454/454 429/429/429
f 432/432/432 457/457/457 456/456/456
f 433/433/433 457/457/457 432/432/432
f 456/456/456 455/455/455 432/432/432
f 432/432/432 455/455/455 431/431/431
f 410/410/410 433/433/433 432/432/432
f 409/409/409 410/410/410 432/432/432
f 432/432/432 408/408/408 409/409/409
f 432/432/432 431/431/431 408/408/408
f 418/418/418 419/419/419 422/422/422
f 422/422/422 423/423/423 418/418/418
f 695/695/695 694/694/694 665/665/665
f 695/695/695 665/665/665 666/666/666
f 666/666/666 667/667/667 695/695/695
f 695/695/695 667/667/667 696/696/696
f 669/669/669 643/643/643 670/670/670
f 670/670/670 643/643/643 644/644/644
f 670/670/670 698/698/698 669/669/669
f 699/699/699 698/698/698 670/670/670
f 754/754/754 726/726/726 727/727/727
f 754/754/754 753/753/753 726/726/726
f 727/727/727 728/728/728 754/754/754
f 754/754/754 728/728/728 755/755/755
f 586/586/586 582/582/582 583/583/583
f 587/587/587 582/582/582 586/586/586
f 778/778/778 777/777/777 750/750/750
f 750/750/750 751/751/751 778/778/778
f 751/751/751 752/752/752 779/779/779
f 778/778/778 751/751/751 779/779/779
f 671/671/671 655/655/655 654/654/654
f 658/658/658 655/655/655 671/671/671
f 380/380/380 381/381/381 406/406/406
f 406/406/406 381/381/381 407/407/407
f 406/406/406 379/379/379 380/380/380
f 405/405/405 379/379/379 406/406/406
f 407/407/407 430/430/430 406/406/406
f 406/406/406 430/430/430 429/429/429
f 406/406/406 428/428/428 405/405/405
f 429/429/429 428/428/428 406/406/406
f 297/297/297 299/299/299 301/301/301
f 302/302/302 297/297/297 301/301/301
f 750/750/750 723/723/723 724/724/724
f 724/724/724 751/751/751 750/750/750
f 723/723/723 694/694/694 724/724/724
f 724/724/724 694/694/694 695/695/695
f 1188/1188/1188 1210/1210/1210 1173/1173/1173
f 1188/1188/1188 1173/1173/1173 1186/1186/1186
f 887/887/887 861/861/861 862/862/862
f 862/862/862 888/888/888 887/887/887
f 886/886/886 860/860/860 887/887/887
f 887/887/887 860/860/860 861/861/861
f 216/216/216 214/214/214 220/220/220
f 220/220/220 214/214/214 234/234/234
f 781/781/781 808/808/808 807/807/807
f 782/782/782 808/808/808 781/781/781
f 754/754/754 755/755/755 781/781/781
f 755/755/755 782/782/782 781/781/781
f 804/804/804 778/778/778 779/779/779
f 779/779/779 805/805/805 804/804/804
f 389/389/389 375/375/375 376/376/376
f 390/390/390 375/375/375 389/389/389
f 696/696/696 697/697/697 725/725/725
f 725/725/725 697/697/697 726/726/726
f 726/726/726 753/753/753 725/725/725
f 753/753/753 752/752/752 725/725/725
f 695/695/695 696/696/696 725/725/725
f 724/724/724 695/695/695 725/725/725
f 725/725/725 752/752/752 751/751/751
f 725/725/725 751/751/751 724/724/724
f 805/805/805 806/806/806 832/832/832
f 832/832/832 831/831/831 805/805/805
f 862/862/862 861/861/861 832/832/832
f 861/861/861 831/831/831 832/832/832
f 972/972/972 1022/1022/1022 978/978/978
f 978/978/978 1022/1022/1022 1013/1013/1013
f 685/685/685 681/681/681 682/682/682
f 686/686/686 681/681/681 685/685/685
f 734/734/734 730/730/730 731/731/731
f 731/731/731 733/733/733 734/734/734
f 780/780/780 806/806/806 805/805/805
f 780/780/780 805/805/805 779/779/779
f 779/779/779 752/752/752 780/780/780
f 780/780/780 752/752/752 753/753/753
f 781/781/781 807/807/807 780/780/780
f 807/807/807 806/806/806 780/780/780
f 780/780/780 753/753/753 754/754/754
f 780/780/780 754/754/754 781/781/781
f 803/803/803 802/802/802 776/776/776
f 803/803/803 776/776/776 777/777/777
f 803/803/803 777/777/777 778/778/778
f 803/803/803 778/778/778 804/804/804
f 243/243/243 244/244/244 241/241/241
f 243/243/243 241/241/241 242/242/242
f 1184/1184/1184 1186/1186/1186 1180/1180/1180
f 1180/1180/1180 1186/1186/1186 1179/1179/1179
f 889/889/889 888/888/888 862/862/862
f 889/889/889 862/862/862 863/863/863
f 674/674/674 676/676/676 677/677/677
f 677/677/677 678/678/678 674/674/674
f 811/811/811 809/809/809 810/810/810
f 812/812/812 809/809/809 811/811/811
f 829/829/829 858/858/858 828/828/828
f 859/859/859 858/858/858 829/829/829
f 828/828/828 802/802/802 829/829/829
f 829/829/829 802/802/802 803/803/803
f 323/323/323 307/307/307 308/308/308
f 324/324/324 307/307/307 323/323/323
f 889/889/889 863/863/863 864/864/864
f 864/864/864 890/890/890 889/889/889
f 832/832/832 806/806/806 833/833/833
f 833/833/833 806/806/806 807/807/807
f 807/807/807 808/808/808 833/833/833
f 833/833/833 808/808/808 834/834/834
f 833/833/833 862/862/862 832/832/832
f 863/863/863 862/862/862 833/833/833
f 864/864/864 863/863/863 833/833/833
f 833/833/833 834/834/834 864/864/864
f 986/986/986 1036/1036/1036 1002/1002/1002
f 1036/1036/1036 1016/1016/1016 1002/1002/1002
f 804/804/804 805/805/805 830/830/830
f 805/805/805 831/831/831 830/830/830
f 861/861/861 860/860/860 830/830/830
f 830/830/830 831/831/831 861/861/861
f 803/803/803 804/804/804 830/830/830
f 829/829/829 803/803/803 830/830/830
f 830/830/830 860/860/860 859/859/859
f 830/830/830 859/859/859 829/829/829
f 891/891/891 892/892/892 876/876/876
f 878/878/878 891/891/891 876/876/876
f 2809/2809/2809 2808/2808/2808 2818/2818/2818
f 2700/2700/2700 2709/2709/2709 2703/2703/2703
f 2715/2715/2715 2808/2808/2808 2809/2809/2809
f 2715/2715/2715 2809/2809/2809 2757/2757/2757
f 1461/1461/1461 1443/1443/1443 1491/1491/1491
f 2756/2756/2756 2709/2709/2709 2738/2738/2738
f 2756/2756/2756 2715/2715/2715 2709/2709/2709
f 2715/2715/2715 2756/2756/2756 2808/2808/2808
f 2817/2817/2817 2807/2807/2807 2765/2765/2765
f 2756/2756/2756 2807/2807/2807 2808/2808/2808
f 2807/2807/2807 2756/2756/2756 2765/2765/2765
f 1424/1424/1424 1443/1443/1443 1425/1425/1425
f 1443/1443/1443 1490/1490/1490 1491/1491/1491
f 1490/1490/1490 1443/1443/1443 1471/1471/1471
f 1532/1532/1532 1581/1581/1581 1510/1510/1510
f 1443/1443/1443 1444/1444/1444 1425/1425/1425
f 1444/1444/1444 1443/1443/1443 1461/1461/1461
f 2686/2686/2686 2700/2700/2700 2695/2695/2695
f 1533/1533/1533 1480/1480/1480 1510/1510/1510
f 1438/1438/1438 1437/1437/1437 1473/1473/1473
f 1443/1443/1443 1422/1422/1422 1471/1471/1471
f 1498/1498/1498 1485/1485/1485 1530/1530/1530
f 1485/1485/1485 1498/1498/1498 1421/1421/1421
f 1551/1551/1551 1554/1554/1554 1580/1580/1580
f 2686/2686/2686 2690/2690/2690 2670/2670/2670
f 2690/2690/2690 2686/2686/2686 2695/2695/2695
f 2686/2686/2686 2685/2685/2685 2700/2700/2700
f 2709/2709/2709 2685/2685/2685 2738/2738/2738
f 2700/2700/2700 2685/2685/2685 2709/2709/2709
f 1555/1555/1555 1549/1549/1549 1584/1584/1584
f 1569/1569/1569 1555/1555/1555 1584/1584/1584
f 1586/1586/1586 1573/1573/1573 1587/1587/1587
f 1538/1538/1538 1514/1514/1514 1534/1534/1534
f 1581/1581/1581 1582/1582/1582 1510/1510/1510
f 1582/1582/1582 1533/1533/1533 1510/1510/1510
f 1480/1480/1480 1487/1487/1487 1429/1429/1429
f 1533/1533/1533 1487/1487/1487 1480/1480/1480
f 1583/1583/1583 1542/1542/1542 1534/1534/1534
f 1542/1542/1542 1538/1538/1538 1534/1534/1534
f 1538/1538/1538 1542/1542/1542 1540/1540/1540
f 1542/1542/1542 1583/1583/1583 1584/1584/1584
f 1549/1549/1549 1542/1542/1542 1584/1584/1584
f 1454/1454/1454 1438/1438/1438 1473/1473/1473
f 1479/1479/1479 1456/1456/1456 1418/1418/1418
f 1440/1440/1440 1439/1439/1439 1470/1470/1470
f 1588/1588/1588 1572/1572/1572 1585/1585/1585
f 1572/1572/1572 1589/1589/1589 1590/1590/1590
f 1572/1572/1572 1588/1588/1588 1589/1589/1589
f 1616/1616/1616 1621/1621/1621 1599/1599/1599
f 1616/1616/1616 1619/1619/1619 1621/1621/1621
f 2762/2762/2762 2813/2813/2813 2799/2799/2799
f 1423/1423/1423 1422/1422/1422 1443/1443/1443
f 1544/1544/1544 1577/1577/1577 1578/1578/1578
f 1484/1484/1484 1440/1440/1440 1470/1470/1470
f 1421/1421/1421 1453/1453/1453 1410/1410/1410
f 1498/1498/1498 1453/1453/1453 1421/1421/1421
f 1490/1490/1490 1520/1520/1520 1491/1491/1491
f 1520/1520/1520 1494/1494/1494 1491/1491/1491
f 1581/1581/1581 1543/1543/1543 1580/1580/1580
f 1554/1554/1554 1579/1579/1579 1580/1580/1580
f 1630/1630/1630 1621/1621/1621 1623/1623/1623
f 1621/1621/1621 1630/1630/1630 1599/1599/1599
f 1665/1665/1665 1685/1685/1685 1689/1689/1689
f 2276/2276/2276 2262/2262/2262 2275/2275/2275
f 2034/2034/2034 2020/2020/2020 2032/2032/2032
f 2033/2033/2033 2034/2034/2034 2032/2032/2032
f 2016/2016/2016 2020/2020/2020 1999/1999/1999
f 2097/2097/2097 2093/2093/2093 2110/2110/2110
f 2034/2034/2034 2042/2042/2042 2020/2020/2020
f 1927/1927/1927 1912/1912/1912 1898/1898/1898
f 1912/1912/1912 1904/1904/1904 1898/1898/1898
f 1465/1465/1465 1497/1497/1497 1482/1482/1482
f 1564/1564/1564 1555/1555/1555 1569/1569/1569
f 1573/1573/1573 1564/1564/1564 1569/1569/1569
f 1433/1433/1433 1465/1465/1465 1434/1434/1434
f 1433/1433/1433 1478/1478/1478 1465/1465/1465
f 1538/1538/1538 1524/1524/1524 1514/1514/1514
f 1524/1524/1524 1478/1478/1478 1514/1514/1514
f 1478/1478/1478 1524/1524/1524 1465/1465/1465
f 1524/1524/1524 1497/1497/1497 1465/1465/1465
f 1487/1487/1487 1430/1430/1430 1429/1429/1429
f 1493/1493/1493 1496/1496/1496 1534/1534/1534
f 1516/1516/1516 1576/1576/1576 1529/1529/1529
f 1439/1439/1439 1457/1457/1457 1470/1470/1470
f 1574/1574/1574 1545/1545/1545 1558/1558/1558
f 1574/1574/1574 1599/1599/1599 1600/1600/1600
f 1574/1574/1574 1558/1558/1558 1599/1599/1599
f 1558/1558/1558 1570/1570/1570 1599/1599/1599
f 1570/1570/1570 1572/1572/1572 1599/1599/1599
f 1570/1570/1570 1571/1571/1571 1572/1572/1572
f 1572/1572/1572 1593/1593/1593 1599/1599/1599
f 1593/1593/1593 1572/1572/1572 1590/1590/1590
f 2806/2806/2806 2759/2759/2759 2805/2805/2805
f 2759/2759/2759 2806/2806/2806 2775/2775/2775
f 2746/2746/2746 2753/2753/2753 2815/2815/2815
f 2753/2753/2753 2814/2814/2814 2815/2815/2815
f 2814/2814/2814 2753/2753/2753 2768/2768/2768
f 2698/2698/2698 2681/2681/2681 2680/2680/2680
f 2673/2673/2673 2645/2645/2645 2644/2644/2644
f 1547/1547/1547 1544/1544/1544 1578/1578/1578
f 1550/1550/1550 1547/1547/1547 1578/1578/1578
f 1547/1547/1547 1550/1550/1550 1548/1548/1548
f 1530/1530/1530 1506/1506/1506 1529/1529/1529
f 1485/1485/1485 1506/1506/1506 1530/1530/1530
f 1467/1467/1467 1485/1485/1485 1421/1421/1421
f 1420/1420/1420 1467/1467/1467 1421/1421/1421
f 1517/1517/1517 1498/1498/1498 1530/1530/1530
f 1518/1518/1518 1517/1517/1517 1530/1530/1530
f 1539/1539/1539 1543/1543/1543 1535/1535/1535
f 1509/1509/1509 1532/1532/1532 1510/1510/1510
f 1559/1559/1559 1579/1579/1579 1566/1566/1566
f 1559/1559/1559 1557/1557/1557 1556/1556/1556
f 1559/1559/1559 1556/1556/1556 1578/1578/1578
f 1579/1579/1579 1559/1559/1559 1605/1605/1605
f 1598/1598/1598 1613/1613/1613 1599/1599/1599
f 1686/1686/1686 1703/1703/1703 1689/1689/1689
f 1685/1685/1685 1686/1686/1686 1689/1689/1689
f 2664/2664/2664 2658/2658/2658 2656/2656/2656
f 2658/2658/2658 2664/2664/2664 2661/2661/2661
f 2660/2660/2660 2658/2658/2658 2661/2661/2661
f 2169/2169/2169 2180/2180/2180 2153/2153/2153
f 2277/2277/2277 2288/2288/2288 2262/2262/2262
f 2276/2276/2276 2277/2277/2277 2262/2262/2262
f 2247/2247/2247 2253/2253/2253 2262/2262/2262
f 2253/2253/2253 2256/2256/2256 2262/2262/2262
f 2011/2011/2011 2012/2012/2012 1999/1999/1999
f 2012/2012/2012 2016/2016/2016 1999/1999/1999
f 2020/2020/2020 2018/2018/2018 2032/2032/2032
f 2016/2016/2016 2018/2018/2018 2020/2020/2020
f 2141/2141/2141 2126/2126/2126 2138/2138/2138
f 2126/2126/2126 2141/2141/2141 2153/2153/2153
f 2119/2119/2119 2126/2126/2126 2097/2097/2097
f 2068/2068/2068 2042/2042/2042 2058/2058/2058
f 1951/1951/1951 1958/1958/1958 1939/1939/1939
f 1932/1932/1932 1927/1927/1927 1950/1950/1950
f 1979/1979/1979 1980/1980/1980 1963/1963/1963
f 1904/1904/1904 1901/1901/1901 1898/1898/1898
f 1901/1901/1901 1886/1886/1886 1898/1898/1898
f 1610/1610/1610 1592/1592/1592 1584/1584/1584
f 1592/1592/1592 1569/1569/1569 1584/1584/1584
f 1592/1592/1592 1573/1573/1573 1569/1569/1569
f 1956/1956/1956 1954/1954/1954 1950/1950/1950
f 1979/1979/1979 1960/1960/1960 1950/1950/1950
f 1960/1960/1960 1956/1956/1956 1950/1950/1950
f 1960/1960/1960 1979/1979/1979 1963/1963/1963
f 1514/1514/1514 1513/1513/1513 1534/1534/1534
f 1512/1512/1512 1533/1533/1533 1534/1534/1534
f 1496/1496/1496 1512/1512/1512 1534/1534/1534
f 1484/1484/1484 1489/1489/1489 1529/1529/1529
f 1489/1489/1489 1484/1484/1484 1470/1470/1470
f 1527/1527/1527 1523/1523/1523 1536/1536/1536
f 1545/1545/1545 1527/1527/1527 1536/1536/1536
f 1574/1574/1574 1527/1527/1527 1545/1545/1545
f 1527/1527/1527 1437/1437/1437 1436/1436/1436
f 1527/1527/1527 1435/1435/1435 1483/1483/1483
f 1527/1527/1527 1436/1436/1436 1435/1435/1435
f 1527/1527/1527 1483/1483/1483 1519/1519/1519
f 1523/1523/1523 1527/1527/1527 1519/1519/1519
f 1565/1565/1565 1570/1570/1570 1558/1558/1558
f 1593/1593/1593 1594/1594/1594 1599/1599/1599
f 1594/1594/1594 1598/1598/1598 1599/1599/1599
f 1598/1598/1598 1594/1594/1594 1595/1595/1595
f 2685/2685/2685 2734/2734/2734 2738/2738/2738
f 2684/2684/2684 2732/2732/2732 2685/2685/2685
f 2771/2771/2771 2746/2746/2746 2815/2815/2815
f 2678/2678/2678 2719/2719/2719 2679/2679/2679
f 2781/2781/2781 2814/2814/2814 2768/2768/2768
f 2711/2711/2711 2742/2742/2742 2762/2762/2762
f 2742/2742/2742 2711/2711/2711 2728/2728/2728
f 2693/2693/2693 2698/2698/2698 2694/2694/2694
f 2693/2693/2693 2681/2681/2681 2698/2698/2698
f 2668/2668/2668 2673/2673/2673 2644/2644/2644
f 2645/2645/2645 2687/2687/2687 2682/2682/2682
f 2687/2687/2687 2645/2645/2645 2673/2673/2673
f 2514/2514/2514 2541/2541/2541 2485/2485/2485
f 2571/2571/2571 2538/2538/2538 2560/2560/2560
f 2538/2538/2538 2556/2556/2556 2560/2560/2560
f 2556/2556/2556 2538/2538/2538 2553/2553/2553
f 2550/2550/2550 2538/2538/2538 2535/2535/2535
f 2480/2480/2480 2538/2538/2538 2539/2539/2539
f 2511/2511/2511 2538/2538/2538 2480/2480/2480
f 2564/2564/2564 2567/2567/2567 2571/2571/2571
f 2596/2596/2596 2608/2608/2608 2571/2571/2571
f 1541/1541/1541 1537/1537/1537 1530/1530/1530
f 1577/1577/1577 1541/1541/1541 1530/1530/1530
f 1544/1544/1544 1541/1541/1541 1577/1577/1577
f 1537/1537/1537 1526/1526/1526 1530/1530/1530
f 1526/1526/1526 1520/1520/1520 1490/1490/1490
f 1520/1520/1520 1526/1526/1526 1522/1522/1522
f 1526/1526/1526 1518/1518/1518 1530/1530/1530
f 1518/1518/1518 1526/1526/1526 1490/1490/1490
f 1505/1505/1505 1484/1484/1484 1529/1529/1529
f 1506/1506/1506 1505/1505/1505 1529/1529/1529
f 1556/1556/1556 1552/1552/1552 1578/1578/1578
f 1553/1553/1553 1552/1552/1552 1556/1556/1556
f 1552/1552/1552 1550/1550/1550 1578/1578/1578
f 1560/1560/1560 1559/1559/1559 1566/1566/1566
f 1546/1546/1546 1551/1551/1551 1580/1580/1580
f 1543/1543/1543 1546/1546/1546 1580/1580/1580
f 1604/1604/1604 1559/1559/1559 1578/1578/1578
f 1559/1559/1559 1604/1604/1604 1605/1605/1605
f 1499/1499/1499 1477/1477/1477 1532/1532/1532
f 1509/1509/1509 1499/1499/1499 1532/1532/1532
f 1449/1449/1449 1480/1480/1480 1429/1429/1429
f 1515/1515/1515 1525/1525/1525 1492/1492/1492
f 1563/1563/1563 1579/1579/1579 1554/1554/1554
f 1568/1568/1568 1563/1563/1563 1562/1562/1562
f 1563/1563/1563 1568/1568/1568 1579/1579/1579
f 1994/1994/1994 2011/2011/2011 1999/1999/1999
f 1989/1989/1989 1994/1994/1994 1999/1999/1999
f 1990/1990/1990 1994/1994/1994 1989/1989/1989
f 1993/1993/1993 1994/1994/1994 1990/1990/1990
f 1614/1614/1614 1616/1616/1616 1599/1599/1599
f 1613/1613/1613 1614/1614/1614 1599/1599/1599
f 1616/1616/1616 1614/1614/1614 1615/1615/1615
f 1712/1712/1712 1720/1720/1720 1689/1689/1689
f 1703/1703/1703 1704/1704/1704 1689/1689/1689
f 1709/1709/1709 1712/1712/1712 1689/1689/1689
f 1712/1712/1712 1713/1713/1713 1714/1714/1714
f 1630/1630/1630 1649/1649/1649 1665/1665/1665
f 2721/2721/2721 2683/2683/2683 2682/2682/2682
f 2683/2683/2683 2730/2730/2730 2684/2684/2684
f 1986/1986/1986 1991/1991/1991 1988/1988/1988
f 1955/1955/1955 1954/1954/1954 1956/1956/1956
f 2358/2358/2358 2324/2324/2324 2294/2294/2294
f 2324/2324/2324 2344/2344/2344 2294/2294/2294
f 2232/2232/2232 2247/2247/2247 2262/2262/2262
f 2516/2516/2516 2497/2497/2497 2543/2543/2543
f 2541/2541/2541 2542/2542/2542 2485/2485/2485
f 2542/2542/2542 2515/2515/2515 2485/2485/2485
f 2497/2497/2497 2542/2542/2542 2543/2543/2543
f 2542/2542/2542 2497/2497/2497 2515/2515/2515
f 2152/2152/2152 2169/2169/2169 2153/2153/2153
f 2262/2262/2262 2261/2261/2261 2275/2275/2275
f 2256/2256/2256 2261/2261/2261 2262/2262/2262
f 2246/2246/2246 2232/2232/2232 2245/2245/2245
f 2232/2232/2232 2246/2246/2246 2247/2247/2247
f 2115/2115/2115 2119/2119/2119 2097/2097/2097
f 2059/2059/2059 2060/2060/2060 2058/2058/2058
f 2060/2060/2060 2068/2068/2068 2058/2058/2058
f 2039/2039/2039 2042/2042/2042 2034/2034/2034
f 2039/2039/2039 2040/2040/2040 2042/2042/2042
f 2097/2097/2097 2088/2088/2088 2093/2093/2093
f 2088/2088/2088 2089/2089/2089 2093/2093/2093
f 2068/2068/2068 2088/2088/2088 2097/2097/2097
f 2088/2088/2088 2068/2068/2068 2082/2082/2082
f 1987/1987/1987 1989/1989/1989 1999/1999/1999
f 1957/1957/1957 1958/1958/1958 1951/1951/1951
f 1916/1916/1916 1934/1934/1934 1939/1939/1939
f 1934/1934/1934 1916/1916/1916 1933/1933/1933
f 1916/1916/1916 1915/1915/1915 1933/1933/1933
f 1906/1906/1906 1916/1916/1916 1887/1887/1887
f 1856/1856/1856 1859/1859/1859 1835/1835/1835
f 1927/1927/1927 1928/1928/1928 1912/1912/1912
f 1983/1983/1983 1979/1979/1979 1986/1986/1986
f 1983/1983/1983 1980/1980/1980 1979/1979/1979
f 1936/1936/1936 1932/1932/1932 1950/1950/1950
f 1979/1979/1979 2010/2010/2010 1986/1986/1986
f 2010/2010/2010 1991/1991/1991 1986/1986/1986
f 1414/1414/1414 1432/1432/1432 1433/1433/1433
f 1433/1433/1433 1464/1464/1464 1478/1478/1478
f 1432/1432/1432 1464/1464/1464 1433/1433/1433
f 1500/1500/1500 1493/1493/1493 1534/1534/1534
f 1513/1513/1513 1500/1500/1500 1534/1534/1534
f 1511/1511/1511 1487/1487/1487 1533/1533/1533
f 1512/1512/1512 1511/1511/1511 1533/1533/1533
f 1450/1450/1450 1476/1476/1476 1451/1451/1451
f 1431/1431/1431 1450/1450/1450 1451/1451/1451
f 1504/1504/1504 1516/1516/1516 1529/1529/1529
f 1489/1489/1489 1504/1504/1504 1529/1529/1529
f 2759/2759/2759 2749/2749/2749 2805/2805/2805
f 2733/2733/2733 2734/2734/2734 2685/2685/2685
f 2733/2733/2733 2749/2749/2749 2759/2759/2759
f 2710/2710/2710 2712/2712/2712 2713/2713/2713
f 2674/2674/2674 2677/2677/2677 2639/2639/2639
f 2770/2770/2770 2762/2762/2762 2799/2799/2799
f 2770/2770/2770 2711/2711/2711 2762/2762/2762
f 2704/2704/2704 2698/2698/2698 2680/2680/2680
f 2728/2728/2728 2704/2704/2704 2680/2680/2680
f 2711/2711/2711 2704/2704/2704 2728/2728/2728
f 2702/2702/2702 2721/2721/2721 2682/2682/2682
f 2721/2721/2721 2702/2702/2702 2708/2708/2708
f 2721/2721/2721 2714/2714/2714 2746/2746/2746
f 2714/2714/2714 2721/2721/2721 2708/2708/2708
f 2714/2714/2714 2753/2753/2753 2746/2746/2746
f 2667/2667/2667 2668/2668/2668 2644/2644/2644
f 2668/2668/2668 2672/2672/2672 2673/2673/2673
f 2687/2687/2687 2689/2689/2689 2682/2682/2682
f 2512/2512/2512 2480/2480/2480 2539/2539/2539
f 2512/2512/2512 2467/2467/2467 2480/2480/2480
f 2513/2513/2513 2471/2471/2471 2540/2540/2540
f 2452/2452/2452 2461/2461/2461 2430/2430/2430
f 2461/2461/2461 2471/2471/2471 2513/2513/2513
f 2471/2471/2471 2461/2461/2461 2452/2452/2452
f 2379/2379/2379 2356/2356/2356 2315/2315/2315
f 2541/2541/2541 2483/2483/2483 2540/2540/2540
f 2483/2483/2483 2513/2513/2513 2540/2540/2540
f 2514/2514/2514 2483/2483/2483 2541/2541/2541
f 2608/2608/2608 2627/2627/2627 2630/2630/2630
f 2538/2538/2538 2531/2531/2531 2535/2535/2535
f 2531/2531/2531 2538/2538/2538 2511/2511/2511
f 2538/2538/2538 2551/2551/2551 2553/2553/2553
f 2551/2551/2551 2538/2538/2538 2550/2550/2550
f 2551/2551/2551 2552/2552/2552 2553/2553/2553
f 2554/2554/2554 2556/2556/2556 2553/2553/2553
f 2567/2567/2567 2569/2569/2569 2571/2571/2571
f 2569/2569/2569 2570/2570/2570 2571/2571/2571
f 2562/2562/2562 2571/2571/2571 2560/2560/2560
f 2562/2562/2562 2564/2564/2564 2571/2571/2571
f 2570/2570/2570 2590/2590/2590 2571/2571/2571
f 2590/2590/2590 2596/2596/2596 2571/2571/2571
f 1440/1440/1440 1441/1441/1441 1419/1419/1419
f 1441/1441/1441 1466/1466/1466 1442/1442/1442
f 1484/1484/1484 1441/1441/1441 1440/1440/1440
f 1466/1466/1466 1441/1441/1441 1484/1484/1484
f 1459/1459/1459 1447/1447/1447 1477/1477/1477
f 1448/1448/1448 1447/1447/1447 1459/1459/1459
f 1477/1477/1477 1447/1447/1447 1427/1427/1427
f 1495/1495/1495 1508/1508/1508 1532/1532/1532
f 1507/1507/1507 1525/1525/1525 1535/1535/1535
f 1525/1525/1525 1507/1507/1507 1492/1492/1492
f 1508/1508/1508 1507/1507/1507 1532/1532/1532
f 1543/1543/1543 1507/1507/1507 1535/1535/1535
f 1532/1532/1532 1507/1507/1507 1581/1581/1581
f 1507/1507/1507 1543/1543/1543 1581/1581/1581
f 1446/1446/1446 1458/1458/1458 1486/1486/1486
f 1495/1495/1495 1446/1446/1446 1486/1486/1486
f 1446/1446/1446 1426/1426/1426 1458/1458/1458
f 1446/1446/1446 1495/1495/1495 1532/1532/1532
f 1477/1477/1477 1446/1446/1446 1532/1532/1532
f 1446/1446/1446 1477/1477/1477 1427/1427/1427
f 1411/1411/1411 1445/1445/1445 1412/1412/1412
f 1521/1521/1521 1525/1525/1525 1515/1515/1515
f 1704/1704/1704 1705/1705/1705 1689/1689/1689
f 1705/1705/1705 1709/1709/1709 1689/1689/1689
f 1709/1709/1709 1705/1705/1705 1707/1707/1707
f 1663/1663/1663 1680/1680/1680 1665/1665/1665
f 1649/1649/1649 1654/1654/1654 1665/1665/1665
f 1643/1643/1643 1630/1630/1630 1623/1623/1623
f 2731/2731/2731 2732/2732/2732 2684/2684/2684
f 2664/2664/2664 2649/2649/2649 2670/2670/2670
f 2649/2649/2649 2686/2686/2686 2670/2670/2670
f 2014/2014/2014 2010/2010/2010 2019/2019/2019
f 2010/2010/2010 2014/2014/2014 1997/1997/1997
f 1961/1961/1961 1960/1960/1960 1963/1963/1963
f 2344/2344/2344 2353/2353/2353 2294/2294/2294
f 2418/2418/2418 2390/2390/2390 2434/2434/2434
f 2456/2456/2456 2418/2418/2418 2434/2434/2434
f 2390/2390/2390 2418/2418/2418 2358/2358/2358
f 2292/2292/2292 2321/2321/2321 2293/2293/2293
f 2407/2407/2407 2406/2406/2406 2417/2417/2417
f 2205/2205/2205 2222/2222/2222 2206/2206/2206
f 2205/2205/2205 2203/2203/2203 2204/2204/2204
f 2203/2203/2203 2205/2205/2205 2206/2206/2206
f 2222/2222/2222 2223/2223/2223 2206/2206/2206
f 2228/2228/2228 2232/2232/2232 2227/2227/2227
f 2232/2232/2232 2244/2244/2244 2245/2245/2245
f 2244/2244/2244 2232/2232/2232 2230/2230/2230
f 2231/2231/2231 2244/2244/2244 2230/2230/2230
f 2314/2314/2314 2315/2315/2315 2289/2289/2289
f 2442/2442/2442 2512/2512/2512 2429/2429/2429
f 2512/2512/2512 2442/2442/2442 2467/2467/2467
f 2475/2475/2475 2516/2516/2516 2417/2417/2417
f 2475/2475/2475 2497/2497/2497 2516/2516/2516
f 2281/2281/2281 2277/2277/2277 2280/2280/2280
f 2277/2277/2277 2281/2281/2281 2288/2288/2288
f 2303/2303/2303 2286/2286/2286 2302/2302/2302
f 2286/2286/2286 2303/2303/2303 2288/2288/2288
f 2281/2281/2281 2286/2286/2286 2288/2288/2288
f 2286/2286/2286 2281/2281/2281 2283/2283/2283
f 2146/2146/2146 2152/2152/2152 2153/2153/2153
f 2141/2141/2141 2146/2146/2146 2153/2153/2153
f 2145/2145/2145 2146/2146/2146 2144/2144/2144
f 2146/2146/2146 2141/2141/2141 2144/2144/2144
f 2176/2176/2176 2169/2169/2169 2172/2172/2172
f 2176/2176/2176 2180/2180/2180 2169/2169/2169
f 2192/2192/2192 2194/2194/2194 2180/2180/2180
f 2194/2194/2194 2197/2197/2197 2180/2180/2180
f 2089/2089/2089 2092/2092/2092 2093/2093/2093
f 2113/2113/2113 2097/2097/2097 2110/2110/2110
f 2113/2113/2113 2115/2115/2115 2097/2097/2097
f 2115/2115/2115 2116/2116/2116 2119/2119/2119
f 2042/2042/2042 2054/2054/2054 2058/2058/2058
f 2054/2054/2054 2056/2056/2056 2058/2058/2058
f 2037/2037/2037 2034/2034/2034 2035/2035/2035
f 2037/2037/2037 2039/2039/2039 2034/2034/2034
f 2084/2084/2084 2088/2088/2088 2082/2082/2082
f 1987/1987/1987 1968/1968/1968 1984/1984/1984
f 1968/1968/1968 1987/1987/1987 1999/1999/1999
f 1968/1968/1968 1982/1982/1982 1984/1984/1984
f 1958/1958/1958 1968/1968/1968 1939/1939/1939
f 1959/1959/1959 1968/1968/1968 1958/1958/1958
f 1985/1985/1985 1987/1987/1987 1984/1984/1984
f 1962/1962/1962 1968/1968/1968 1959/1959/1959
f 1938/1938/1938 1951/1951/1951 1939/1939/1939
f 1934/1934/1934 1938/1938/1938 1939/1939/1939
f 1881/1881/1881 1885/1885/1885 1887/1887/1887
f 1859/1859/1859 1876/1876/1876 1887/1887/1887
f 1876/1876/1876 1881/1881/1881 1887/1887/1887
f 1855/1855/1855 1856/1856/1856 1835/1835/1835
f 1856/1856/1856 1857/1857/1857 1859/1859/1859
f 1857/1857/1857 1872/1872/1872 1859/1859/1859
f 1800/1800/1800 1786/1786/1786 1783/1783/1783
f 1786/1786/1786 1782/1782/1782 1783/1783/1783
f 1801/1801/1801 1786/1786/1786 1800/1800/1800
f 1932/1932/1932 1930/1930/1930 1927/1927/1927
f 1930/1930/1930 1928/1928/1928 1927/1927/1927
f 1983/1983/1983 1981/1981/1981 1980/1980/1980
f 1878/1878/1878 1854/1854/1854 1870/1870/1870
f 1870/1870/1870 1853/1853/1853 1846/1846/1846
f 1854/1854/1854 1853/1853/1853 1870/1870/1870
f 1954/1954/1954 1952/1952/1952 1950/1950/1950
f 1952/1952/1952 1936/1936/1936 1950/1950/1950
f 1952/1952/1952 1954/1954/1954 1953/1953/1953
f 1936/1936/1936 1935/1935/1935 1932/1932/1932
f 2031/2031/2031 2036/2036/2036 2019/2019/2019
f 2010/2010/2010 2031/2031/2031 2019/2019/2019
f 1996/1996/1996 2010/2010/2010 1997/1997/1997
f 2010/2010/2010 1996/1996/1996 1991/1991/1991
f 1452/1452/1452 1463/1463/1463 1413/1413/1413
f 1463/1463/1463 1460/1460/1460 1413/1413/1413
f 1469/1469/1469 1430/1430/1430 1487/1487/1487
f 1528/1528/1528 1503/1503/1503 1479/1479/1479
f 1503/1503/1503 1528/1528/1528 1516/1516/1516
f 1501/1501/1501 1527/1527/1527 1574/1574/1574
f 1455/1455/1455 1474/1474/1474 1417/1417/1417
f 1474/1474/1474 1528/1528/1528 1479/1479/1479
f 1417/1417/1417 1474/1474/1474 1418/1418/1418
f 1474/1474/1474 1479/1479/1479 1418/1418/1418
f 1516/1516/1516 1575/1575/1575 1576/1576/1576
f 1528/1528/1528 1575/1575/1575 1516/1516/1516
f 1575/1575/1575 1501/1501/1501 1574/1574/1574
f 1501/1501/1501 1575/1575/1575 1528/1528/1528
f 2749/2749/2749 2774/2774/2774 2805/2805/2805
f 2733/2733/2733 2737/2737/2737 2749/2749/2749
f 2732/2732/2732 2737/2737/2737 2685/2685/2685
f 2737/2737/2737 2733/2733/2733 2685/2685/2685
f 2710/2710/2710 2705/2705/2705 2706/2706/2706
f 2701/2701/2701 2705/2705/2705 2697/2697/2697
f 2705/2705/2705 2677/2677/2677 2697/2697/2697
f 2666/2666/2666 2669/2669/2669 2674/2674/2674
f 2677/2677/2677 2691/2691/2691 2697/2697/2697
f 2691/2691/2691 2692/2692/2692 2697/2697/2697
f 2691/2691/2691 2677/2677/2677 2674/2674/2674
f 2693/2693/2693 2688/2688/2688 2681/2681/2681
f 2643/2643/2643 2671/2671/2671 2644/2644/2644
f 2671/2671/2671 2667/2667/2667 2644/2644/2644
f 2707/2707/2707 2704/2704/2704 2711/2711/2711
f 2696/2696/2696 2702/2702/2702 2682/2682/2682
f 2702/2702/2702 2696/2696/2696 2699/2699/2699
f 2689/2689/2689 2696/2696/2696 2682/2682/2682
f 2676/2676/2676 2687/2687/2687 2673/2673/2673
f 2512/2512/2512 2451/2451/2451 2429/2429/2429
f 2461/2461/2461 2415/2415/2415 2430/2430/2430
f 2627/2627/2627 2628/2628/2628 2630/2630/2630
f 2638/2638/2638 2637/2637/2637 2650/2650/2650
f 2638/2638/2638 2674/2674/2674 2639/2639/2639
f 2638/2638/2638 2666/2666/2666 2674/2674/2674
f 2529/2529/2529 2531/2531/2531 2511/2511/2511
f 2592/2592/2592 2590/2590/2590 2591/2591/2591
f 2596/2596/2596 2592/2592/2592 2594/2594/2594
f 2590/2590/2590 2592/2592/2592 2596/2596/2596
f 2596/2596/2596 2598/2598/2598 2608/2608/2608
f 1447/1447/1447 1428/1428/1428 1427/1427/1427
f 1475/1475/1475 1515/1515/1515 1492/1492/1492
f 1475/1475/1475 1468/1468/1468 1445/1445/1445
f 1515/1515/1515 1475/1475/1475 1462/1462/1462
f 1475/1475/1475 1411/1411/1411 1462/1462/1462
f 1475/1475/1475 1445/1445/1445 1411/1411/1411
f 1525/1525/1525 1531/1531/1531 1535/1535/1535
f 1579/1579/1579 1567/1567/1567 1566/1566/1566
f 1567/1567/1567 1561/1561/1561 1566/1566/1566
f 1568/1568/1568 1567/1567/1567 1579/1579/1579
f 1746/1746/1746 1757/1757/1757 1720/1720/1720
f 1786/1786/1786 1757/1757/1757 1782/1782/1782
f 1757/1757/1757 1777/1777/1777 1782/1782/1782
f 1662/1662/1662 1663/1663/1663 1665/1665/1665
f 1654/1654/1654 1662/1662/1662 1665/1665/1665
f 1662/1662/1662 1654/1654/1654 1661/1661/1661
f 1684/1684/1684 1685/1685/1685 1665/1665/1665
f 1680/1680/1680 1684/1684/1684 1665/1665/1665
f 1681/1681/1681 1684/1684/1684 1680/1680/1680
f 1646/1646/1646 1649/1649/1649 1630/1630/1630
f 1643/1643/1643 1646/1646/1646 1630/1630/1630
f 2721/2721/2721 2722/2722/2722 2683/2683/2683
f 2730/2730/2730 2736/2736/2736 2684/2684/2684
f 2736/2736/2736 2731/2731/2731 2684/2684/2684
f 2755/2755/2755 2804/2804/2804 2790/2790/2790
f 2736/2736/2736 2755/2755/2755 2731/2731/2731
f 2747/2747/2747 2722/2722/2722 2740/2740/2740
f 2747/2747/2747 2740/2740/2740 2772/2772/2772
f 2722/2722/2722 2747/2747/2747 2683/2683/2683
f 2649/2649/2649 2632/2632/2632 2619/2619/2619
f 2653/2653/2653 2664/2664/2664 2656/2656/2656
f 2653/2653/2653 2649/2649/2649 2664/2664/2664
f 2014/2014/2014 2013/2013/2013 1997/1997/1997
f 2353/2353/2353 2325/2325/2325 2294/2294/2294
f 2366/2366/2366 2344/2344/2344 2391/2391/2391
f 2366/2366/2366 2353/2353/2353 2344/2344/2344
f 2546/2546/2546 2501/2501/2501 2545/2545/2545
f 2519/2519/2519 2501/2501/2501 2546/2546/2546
f 2501/2501/2501 2519/2519/2519 2460/2460/2460
f 2321/2321/2321 2357/2357/2357 2293/2293/2293
f 2516/2516/2516 2433/2433/2433 2417/2417/2417
f 2433/2433/2433 2407/2407/2407 2417/2417/2417
f 2226/2226/2226 2232/2232/2232 2206/2206/2206
f 2223/2223/2223 2226/2226/2226 2206/2206/2206
f 2232/2232/2232 2226/2226/2226 2227/2227/2227
f 2232/2232/2232 2229/2229/2229 2230/2230/2230
f 2228/2228/2228 2229/2229/2229 2232/2232/2232
f 2288/2288/2288 2308/2308/2308 2289/2289/2289
f 2473/2473/2473 2514/2514/2514 2485/2485/2485
f 2473/2473/2473 2454/2454/2454 2514/2514/2514
f 2291/2291/2291 2363/2363/2363 2341/2341/2341
f 2372/2372/2372 2363/2363/2363 2291/2291/2291
f 2470/2470/2470 2511/2511/2511 2466/2466/2466
f 2470/2470/2470 2465/2465/2465 2464/2464/2464
f 2450/2450/2450 2511/2511/2511 2480/2480/2480
f 2146/2146/2146 2147/2147/2147 2152/2152/2152
f 2147/2147/2147 2150/2150/2150 2152/2152/2152
f 2180/2180/2180 2200/2200/2200 2206/2206/2206
f 2197/2197/2197 2200/2200/2200 2180/2180/2180
f 2203/2203/2203 2200/2200/2200 2201/2201/2201
f 2200/2200/2200 2203/2203/2203 2206/2206/2206
f 2178/2178/2178 2192/2192/2192 2180/2180/2180
f 2176/2176/2176 2178/2178/2178 2180/2180/2180
f 2126/2126/2126 2125/2125/2125 2138/2138/2138
f 2123/2123/2123 2121/2121/2121 2122/2122/2122
f 2121/2121/2121 2126/2126/2126 2119/2119/2119
f 2120/2120/2120 2121/2121/2121 2119/2119/2119
f 2040/2040/2040 2041/2041/2041 2042/2042/2042
f 2041/2041/2041 2054/2054/2054 2042/2042/2042
f 1966/1966/1966 1962/1962/1962 1965/1965/1965
f 1962/1962/1962 1966/1966/1966 1968/1968/1968
f 1968/1968/1968 1966/1966/1966 1982/1982/1982
f 1885/1885/1885 1902/1902/1902 1887/1887/1887
f 1902/1902/1902 1906/1906/1906 1887/1887/1887
f 1906/1906/1906 1902/1902/1902 1903/1903/1903
f 1884/1884/1884 1885/1885/1885 1881/1881/1881
f 1875/1875/1875 1876/1876/1876 1859/1859/1859
f 1875/1875/1875 1872/1872/1872 1874/1874/1874
f 1872/1872/1872 1875/1875/1875 1859/1859/1859
f 1877/1877/1877 1879/1879/1879 1881/1881/1881
f 1876/1876/1876 1877/1877/1877 1881/1881/1881
f 1915/1915/1915 1913/1913/1913 1914/1914/1914
f 1872/1872/1872 1873/1873/1873 1874/1874/1874
f 1834/1834/1834 1847/1847/1847 1835/1835/1835
f 1833/1833/1833 1834/1834/1834 1835/1835/1835
f 1830/1830/1830 1812/1812/1812 1829/1829/1829
f 1812/1812/1812 1830/1830/1830 1835/1835/1835
f 1830/1830/1830 1833/1833/1833 1835/1835/1835
f 1847/1847/1847 1850/1850/1850 1835/1835/1835
f 1850/1850/1850 1855/1855/1855 1835/1835/1835
f 1872/1872/1872 1858/1858/1858 1871/1871/1871
f 1857/1857/1857 1858/1858/1858 1872/1872/1872
f 1802/1802/1802 1786/1786/1786 1801/1801/1801
f 1930/1930/1930 1929/1929/1929 1928/1928/1928
f 1880/1880/1880 1870/1870/1870 1898/1898/1898
f 1880/1880/1880 1878/1878/1878 1870/1870/1870
f 1832/1832/1832 1823/1823/1823 1846/1846/1846
f 1823/1823/1823 1805/1805/1805 1797/1797/1797
f 1596/1596/1596 1592/1592/1592 1610/1610/1610
f 1617/1617/1617 1596/1596/1596 1610/1610/1610
f 1596/1596/1596 1617/1617/1617 1597/1597/1597
f 1573/1573/1573 1591/1591/1591 1587/1587/1587
f 1592/1592/1592 1591/1591/1591 1573/1573/1573
f 1628/1628/1628 1641/1641/1641 1647/1647/1647
f 1700/1700/1700 1706/1706/1706 1701/1701/1701
f 1952/1952/1952 1937/1937/1937 1936/1936/1936
f 2036/2036/2036 2053/2053/2053 2057/2057/2057
f 2031/2031/2031 2053/2053/2053 2036/2036/2036
f 2582/2582/2582 2584/2584/2584 2583/2583/2583
f 1481/1481/1481 1472/1472/1472 1493/1493/1493
f 1472/1472/1472 1463/1463/1463 1452/1452/1452
f 1472/1472/1472 1496/1496/1496 1493/1493/1493
f 1472/1472/1472 1476/1476/1476 1496/1496/1496
f 1472/1472/1472 1452/1452/1452 1451/1451/1451
f 1476/1476/1476 1472/1472/1472 1451/1451/1451
f 1501/1501/1501 1488/1488/1488 1527/1527/1527
f 1437/1437/1437 1488/1488/1488 1473/1473/1473
f 1527/1527/1527 1488/1488/1488 1437/1437/1437
f 1502/1502/1502 1501/1501/1501 1528/1528/1528
f 1474/1474/1474 1502/1502/1502 1528/1528/1528
f 2776/2776/2776 2743/2743/2743 2763/2763/2763
f 2743/2743/2743 2710/2710/2710 2713/2713/2713
f 2763/2763/2763 2743/2743/2743 2758/2758/2758
f 2743/2743/2743 2713/2713/2713 2758/2758/2758
f 2677/2677/2677 2716/2716/2716 2678/2678/2678
f 2769/2769/2769 2798/2798/2798 2812/2812/2812
f 2783/2783/2783 2744/2744/2744 2777/2777/2777
f 2744/2744/2744 2794/2794/2794 2785/2785/2785
f 2688/2688/2688 2675/2675/2675 2681/2681/2681
f 2681/2681/2681 2675/2675/2675 2643/2643/2643
f 2675/2675/2675 2671/2671/2671 2643/2643/2643
f 2496/2496/2496 2451/2451/2451 2512/2512/2512
f 2496/2496/2496 2512/2512/2512 2539/2539/2539
f 2540/2540/2540 2496/2496/2496 2539/2539/2539
f 2471/2471/2471 2496/2496/2496 2540/2540/2540
f 2405/2405/2405 2379/2379/2379 2430/2430/2430
f 2415/2415/2415 2405/2405/2405 2430/2430/2430
f 2405/2405/2405 2356/2356/2356 2379/2379/2379
f 2414/2414/2414 2405/2405/2405 2415/2415/2415
f 2356/2356/2356 2405/2405/2405 2380/2380/2380
f 2483/2483/2483 2453/2453/2453 2513/2513/2513
f 2453/2453/2453 2483/2483/2483 2431/2431/2431
f 2356/2356/2356 2339/2339/2339 2315/2315/2315
f 2315/2315/2315 2290/2290/2290 2289/2289/2289
f 2339/2339/2339 2290/2290/2290 2315/2315/2315
f 2290/2290/2290 2339/2339/2339 2316/2316/2316
f 2484/2484/2484 2483/2483/2483 2514/2514/2514
f 2638/2638/2638 2634/2634/2634 2637/2637/2637
f 2634/2634/2634 2638/2638/2638 2608/2608/2608
f 2634/2634/2634 2608/2608/2608 2630/2630/2630
f 2652/2652/2652 2654/2654/2654 2657/2657/2657
f 2652/2652/2652 2638/2638/2638 2650/2650/2650
f 2651/2651/2651 2652/2652/2652 2650/2650/2650
f 2523/2523/2523 2524/2524/2524 2511/2511/2511
f 2524/2524/2524 2529/2529/2529 2511/2511/2511
f 2529/2529/2529 2524/2524/2524 2525/2525/2525
f 2527/2527/2527 2529/2529/2529 2525/2525/2525
f 2598/2598/2598 2606/2606/2606 2608/2608/2608
f 2606/2606/2606 2598/2598/2598 2604/2604/2604
f 2606/2606/2606 2621/2621/2621 2608/2608/2608
f 2627/2627/2627 2625/2625/2625 2626/2626/2626
f 2625/2625/2625 2621/2621/2621 2622/2622/2622
f 2625/2625/2625 2627/2627/2627 2608/2608/2608
f 2621/2621/2621 2625/2625/2625 2608/2608/2608
f 1755/1755/1755 1746/1746/1746 1747/1747/1747
f 1755/1755/1755 1757/1757/1757 1746/1746/1746
f 1743/1743/1743 1746/1746/1746 1720/1720/1720
f 1644/1644/1644 1646/1646/1646 1643/1643/1643
f 2804/2804/2804 2789/2789/2789 2803/2803/2803
f 2755/2755/2755 2789/2789/2789 2804/2804/2804
f 2801/2801/2801 2800/2800/2800 2816/2816/2816
f 2800/2800/2800 2801/2801/2801 2772/2772/2772
f 2801/2801/2801 2747/2747/2747 2772/2772/2772
f 2602/2602/2602 2601/2601/2601 2600/2600/2600
f 2635/2635/2635 2632/2632/2632 2649/2649/2649
f 2635/2635/2635 2653/2653/2653 2636/2636/2636
f 2653/2653/2653 2635/2635/2635 2649/2649/2649
f 2655/2655/2655 2653/2653/2653 2656/2656/2656
f 2013/2013/2013 1998/1998/1998 1997/1997/1997
f 2501/2501/2501 2518/2518/2518 2545/2545/2545
f 2518/2518/2518 2501/2501/2501 2458/2458/2458
f 2325/2325/2325 2295/2295/2295 2294/2294/2294
f 2295/2295/2295 2325/2325/2325 2326/2326/2326
f 2500/2500/2500 2488/2488/2488 2517/2517/2517
f 2457/2457/2457 2500/2500/2500 2517/2517/2517
f 2343/2343/2343 2321/2321/2321 2292/2292/2292
f 2487/2487/2487 2456/2456/2456 2434/2434/2434
f 2487/2487/2487 2488/2488/2488 2456/2456/2456
f 2487/2487/2487 2516/2516/2516 2517/2517/2517
f 2488/2488/2488 2487/2487/2487 2517/2517/2517
f 2352/2352/2352 2390/2390/2390 2358/2358/2358
f 2352/2352/2352 2294/2294/2294 2293/2293/2293
f 2352/2352/2352 2358/2358/2358 2294/2294/2294
f 2407/2407/2407 2365/2365/2365 2406/2406/2406
f 2365/2365/2365 2357/2357/2357 2406/2406/2406
f 2357/2357/2357 2365/2365/2365 2293/2293/2293
f 2365/2365/2365 2322/2322/2322 2293/2293/2293
f 2314/2314/2314 2362/2362/2362 2386/2386/2386
f 2362/2362/2362 2314/2314/2314 2289/2289/2289
f 2308/2308/2308 2362/2362/2362 2289/2289/2289
f 2363/2363/2363 2416/2416/2416 2454/2454/2454
f 2416/2416/2416 2363/2363/2363 2372/2372/2372
f 2454/2454/2454 2416/2416/2416 2514/2514/2514
f 2416/2416/2416 2484/2484/2484 2514/2514/2514
f 2412/2412/2412 2450/2450/2450 2399/2399/2399
f 2313/2313/2313 2337/2337/2337 2288/2288/2288
f 2371/2371/2371 2412/2412/2412 2399/2399/2399
f 2412/2412/2412 2371/2371/2371 2355/2355/2355
f 2509/2509/2509 2523/2523/2523 2511/2511/2511
f 2470/2470/2470 2509/2509/2509 2511/2511/2511
f 2509/2509/2509 2470/2470/2470 2464/2464/2464
f 2354/2354/2354 2312/2312/2312 2311/2311/2311
f 2311/2311/2311 2312/2312/2312 2306/2306/2306
f 2312/2312/2312 2303/2303/2303 2306/2306/2306
f 2303/2303/2303 2312/2312/2312 2288/2288/2288
f 2312/2312/2312 2313/2313/2313 2288/2288/2288
f 2121/2121/2121 2124/2124/2124 2126/2126/2126
f 2124/2124/2124 2121/2121/2121 2123/2123/2123
f 2124/2124/2124 2125/2125/2125 2126/2126/2126
f 2060/2060/2060 2063/2063/2063 2068/2068/2068
f 1911/1911/1911 1915/1915/1915 1916/1916/1916
f 1911/1911/1911 1913/1913/1913 1915/1915/1915
f 1786/1786/1786 1807/1807/1807 1812/1812/1812
f 1802/1802/1802 1807/1807/1807 1786/1786/1786
f 1812/1812/1812 1826/1826/1826 1829/1829/1829
f 1811/1811/1811 1826/1826/1826 1812/1812/1812
f 1931/1931/1931 1930/1930/1930 1932/1932/1932
f 1886/1886/1886 1882/1882/1882 1898/1898/1898
f 1883/1883/1883 1882/1882/1882 1886/1886/1886
f 1882/1882/1882 1880/1880/1880 1898/1898/1898
f 1849/1849/1849 1832/1832/1832 1846/1846/1846
f 1827/1827/1827 1823/1823/1823 1832/1832/1832
f 1768/1768/1768 1751/1751/1751 1731/1731/1731
f 1641/1641/1641 1620/1620/1620 1610/1610/1610
f 1620/1620/1620 1617/1617/1617 1610/1610/1610
f 1620/1620/1620 1641/1641/1641 1624/1624/1624
f 1656/1656/1656 1653/1653/1653 1676/1676/1676
f 1650/1650/1650 1641/1641/1641 1676/1676/1676
f 1641/1641/1641 1650/1650/1650 1647/1647/1647
f 1653/1653/1653 1650/1650/1650 1676/1676/1676
f 1641/1641/1641 1626/1626/1626 1624/1624/1624
f 1628/1628/1628 1626/1626/1626 1641/1641/1641
f 1645/1645/1645 1628/1628/1628 1647/1647/1647
f 1711/1711/1711 1700/1700/1700 1731/1731/1731
f 1711/1711/1711 1706/1706/1706 1700/1700/1700
f 1716/1716/1716 1711/1711/1711 1731/1731/1731
f 2549/2549/2549 2504/2504/2504 2548/2548/2548
f 2791/2791/2791 2743/2743/2743 2776/2776/2776
f 2791/2791/2791 2792/2792/2792 2766/2766/2766
f 2743/2743/2743 2791/2791/2791 2750/2750/2750
f 2791/2791/2791 2766/2766/2766 2750/2750/2750
f 2811/2811/2811 2791/2791/2791 2810/2810/2810
f 2791/2791/2791 2776/2776/2776 2810/2810/2810
f 2717/2717/2717 2744/2744/2744 2678/2678/2678
f 2716/2716/2716 2717/2717/2717 2678/2678/2678
f 2705/2705/2705 2735/2735/2735 2677/2677/2677
f 2735/2735/2735 2716/2716/2716 2677/2677/2677
f 2735/2735/2735 2705/2705/2705 2710/2710/2710
f 2743/2743/2743 2735/2735/2735 2710/2710/2710
f 2735/2735/2735 2743/2743/2743 2750/2750/2750
f 2720/2720/2720 2728/2728/2728 2680/2680/2680
f 2727/2727/2727 2720/2720/2720 2680/2680/2680
f 2679/2679/2679 2726/2726/2726 2680/2680/2680
f 2726/2726/2726 2727/2727/2727 2680/2680/2680
f 2724/2724/2724 2761/2761/2761 2751/2751/2751
f 2719/2719/2719 2724/2724/2724 2679/2679/2679
f 2761/2761/2761 2778/2778/2778 2751/2751/2751
f 2779/2779/2779 2778/2778/2778 2795/2795/2795
f 2751/2751/2751 2778/2778/2778 2779/2779/2779
f 2786/2786/2786 2778/2778/2778 2767/2767/2767
f 2778/2778/2778 2761/2761/2761 2767/2767/2767
f 2760/2760/2760 2741/2741/2741 2744/2744/2744
f 2718/2718/2718 2719/2719/2719 2678/2678/2678
f 2744/2744/2744 2718/2718/2718 2678/2678/2678
f 2741/2741/2741 2718/2718/2718 2744/2744/2744
f 2783/2783/2783 2784/2784/2784 2744/2744/2744
f 2784/2784/2784 2794/2794/2794 2744/2744/2744
f 2794/2794/2794 2784/2784/2784 2793/2793/2793
f 2443/2443/2443 2415/2415/2415 2461/2461/2461
f 2472/2472/2472 2482/2482/2482 2513/2513/2513
f 2453/2453/2453 2472/2472/2472 2513/2513/2513
f 2422/2422/2422 2453/2453/2453 2431/2431/2431
f 2290/2290/2290 2318/2318/2318 2291/2291/2291
f 2663/2663/2663 2665/2665/2665 2666/2666/2666
f 2638/2638/2638 2663/2663/2663 2666/2666/2666
f 2652/2652/2652 2663/2663/2663 2638/2638/2638
f 2663/2663/2663 2652/2652/2652 2657/2657/2657
f 2659/2659/2659 2663/2663/2663 2657/2657/2657
f 2663/2663/2663 2659/2659/2659 2662/2662/2662
f 1755/1755/1755 1772/1772/1772 1757/1757/1757
f 1772/1772/1772 1755/1755/1755 1756/1756/1756
f 1719/1719/1719 1734/1734/1734 1720/1720/1720
f 1734/1734/1734 1743/1743/1743 1720/1720/1720
f 1743/1743/1743 1734/1734/1734 1740/1740/1740
f 1718/1718/1718 1720/1720/1720 1712/1712/1712
f 1718/1718/1718 1719/1719/1719 1720/1720/1720
f 1743/1743/1743 1744/1744/1744 1746/1746/1746
f 1654/1654/1654 1655/1655/1655 1661/1661/1661
f 2773/2773/2773 2748/2748/2748 2747/2747/2747
f 2754/2754/2754 2755/2755/2755 2736/2736/2736
f 2754/2754/2754 2789/2789/2789 2755/2755/2755
f 2789/2789/2789 2754/2754/2754 2782/2782/2782
f 2801/2801/2801 2802/2802/2802 2747/2747/2747
f 2773/2773/2773 2802/2802/2802 2788/2788/2788
f 2802/2802/2802 2773/2773/2773 2747/2747/2747
f 2623/2623/2623 2629/2629/2629 2624/2624/2624
f 2603/2603/2603 2602/2602/2602 2619/2619/2619
f 2635/2635/2635 2633/2633/2633 2632/2632/2632
f 2053/2053/2053 2079/2079/2079 2057/2057/2057
f 2079/2079/2079 2108/2108/2108 2090/2090/2090
f 2108/2108/2108 2095/2095/2095 2090/2090/2090
f 2117/2117/2117 2108/2108/2108 2137/2137/2137
f 2248/2248/2248 2225/2225/2225 2243/2243/2243
f 2489/2489/2489 2517/2517/2517 2544/2544/2544
f 2489/2489/2489 2544/2544/2544 2545/2545/2545
f 2518/2518/2518 2489/2489/2489 2545/2545/2545
f 2437/2437/2437 2518/2518/2518 2458/2458/2458
f 2497/2497/2497 2486/2486/2486 2515/2515/2515
f 2486/2486/2486 2444/2444/2444 2515/2515/2515
f 2515/2515/2515 2474/2474/2474 2485/2485/2485
f 2444/2444/2444 2423/2423/2423 2515/2515/2515
f 2423/2423/2423 2432/2432/2432 2515/2515/2515
f 2498/2498/2498 2433/2433/2433 2516/2516/2516
f 2322/2322/2322 2323/2323/2323 2293/2293/2293
f 2323/2323/2323 2352/2352/2352 2293/2293/2293
f 2362/2362/2362 2413/2413/2413 2386/2386/2386
f 2386/2386/2386 2413/2413/2413 2429/2429/2429
f 2413/2413/2413 2442/2442/2442 2429/2429/2429
f 2412/2412/2412 2441/2441/2441 2450/2450/2450
f 2511/2511/2511 2441/2441/2441 2466/2466/2466
f 2450/2450/2450 2441/2441/2441 2511/2511/2511
f 2338/2338/2338 2308/2308/2308 2288/2288/2288
f 2337/2337/2337 2338/2338/2338 2288/2288/2288
f 2338/2338/2338 2337/2337/2337 2355/2355/2355
f 2371/2371/2371 2338/2338/2338 2355/2355/2355
f 2063/2063/2063 2080/2080/2080 2068/2068/2068
f 2068/2068/2068 2080/2080/2080 2082/2082/2082
f 2080/2080/2080 2081/2081/2081 2082/2082/2082
f 1906/1906/1906 1908/1908/1908 1916/1916/1916
f 1908/1908/1908 1911/1911/1911 1916/1916/1916
f 1907/1907/1907 1908/1908/1908 1906/1906/1906
f 1911/1911/1911 1908/1908/1908 1909/1909/1909
f 1804/1804/1804 1799/1799/1799 1805/1805/1805
f 1797/1797/1797 1799/1799/1799 1784/1784/1784
f 1805/1805/1805 1799/1799/1799 1797/1797/1797
f 1823/1823/1823 1824/1824/1824 1805/1805/1805
f 1827/1827/1827 1824/1824/1824 1823/1823/1823
f 1749/1749/1749 1742/1742/1742 1731/1731/1731
f 1751/1751/1751 1749/1749/1749 1731/1731/1731
f 1742/1742/1742 1749/1749/1749 1745/1745/1745
f 1780/1780/1780 1797/1797/1797 1784/1784/1784
f 1781/1781/1781 1780/1780/1780 1784/1784/1784
f 1622/1622/1622 1620/1620/1620 1624/1624/1624
f 1677/1677/1677 1660/1660/1660 1676/1676/1676
f 1650/1650/1650 1648/1648/1648 1647/1647/1647
f 1706/1706/1706 1702/1702/1702 1701/1701/1701
f 1688/1688/1688 1700/1700/1700 1701/1701/1701
f 2597/2597/2597 2600/2600/2600 2599/2599/2599
f 2602/2602/2602 2597/2597/2597 2619/2619/2619
f 2597/2597/2597 2602/2602/2602 2600/2600/2600
f 2530/2530/2530 2528/2528/2528 2495/2495/2495
f 2565/2565/2565 2561/2561/2561 2582/2582/2582
f 2565/2565/2565 2582/2582/2582 2583/2583/2583
f 2565/2565/2565 2563/2563/2563 2561/2561/2561
f 2582/2582/2582 2558/2558/2558 2549/2549/2549
f 2561/2561/2561 2558/2558/2558 2582/2582/2582
f 2549/2549/2549 2558/2558/2558 2557/2557/2557
f 2522/2522/2522 2504/2504/2504 2549/2549/2549
f 2505/2505/2505 2522/2522/2522 2495/2495/2495
f 2522/2522/2522 2530/2530/2530 2495/2495/2495
f 2530/2530/2530 2522/2522/2522 2549/2549/2549
f 2504/2504/2504 2521/2521/2521 2548/2548/2548
f 2547/2547/2547 2491/2491/2491 2546/2546/2546
f 2520/2520/2520 2491/2491/2491 2547/2547/2547
f 2744/2744/2744 2739/2739/2739 2777/2777/2777
f 2717/2717/2717 2739/2739/2739 2744/2744/2744
f 2725/2725/2725 2726/2726/2726 2679/2679/2679
f 2724/2724/2724 2725/2725/2725 2679/2679/2679
f 2725/2725/2725 2724/2724/2724 2751/2751/2751
f 2727/2727/2727 2745/2745/2745 2752/2752/2752
f 2726/2726/2726 2745/2745/2745 2727/2727/2727
f 2764/2764/2764 2744/2744/2744 2785/2785/2785
f 2764/2764/2764 2760/2760/2760 2744/2744/2744
f 2481/2481/2481 2461/2461/2461 2513/2513/2513
f 2482/2482/2482 2481/2481/2481 2513/2513/2513
f 2319/2319/2319 2372/2372/2372 2291/2291/2291
f 2318/2318/2318 2319/2319/2319 2291/2291/2291
f 1757/1757/1757 1774/1774/1774 1777/1777/1777
f 1772/1772/1772 1774/1774/1774 1757/1757/1757
f 1774/1774/1774 1776/1776/1776 1777/1777/1777
f 1774/1774/1774 1772/1772/1772 1773/1773/1773
f 1715/1715/1715 1712/1712/1712 1714/1714/1714
f 1715/1715/1715 1718/1718/1718 1712/1712/1712
f 2729/2729/2729 2730/2730/2730 2683/2683/2683
f 2747/2747/2747 2729/2729/2729 2683/2683/2683
f 2748/2748/2748 2729/2729/2729 2747/2747/2747
f 2623/2623/2623 2631/2631/2631 2629/2629/2629
f 2632/2632/2632 2631/2631/2631 2619/2619/2619
f 2631/2631/2631 2623/2623/2623 2619/2619/2619
f 2607/2607/2607 2623/2623/2623 2620/2620/2620
f 2623/2623/2623 2607/2607/2607 2619/2619/2619
f 2607/2607/2607 2603/2603/2603 2619/2619/2619
f 2607/2607/2607 2605/2605/2605 2603/2603/2603
f 2062/2062/2062 2061/2061/2061 2057/2057/2057
f 2079/2079/2079 2062/2062/2062 2057/2057/2057
f 2087/2087/2087 2079/2079/2079 2090/2090/2090
f 2096/2096/2096 2095/2095/2095 2109/2109/2109
f 2164/2164/2164 2143/2143/2143 2137/2137/2137
f 2143/2143/2143 2139/2139/2139 2137/2137/2137
f 2139/2139/2139 2118/2118/2118 2137/2137/2137
f 2118/2118/2118 2117/2117/2117 2137/2137/2137
f 2117/2117/2117 2112/2112/2112 2108/2108/2108
f 2165/2165/2165 2149/2149/2149 2164/2164/2164
f 2143/2143/2143 2149/2149/2149 2148/2148/2148
f 2149/2149/2149 2143/2143/2143 2164/2164/2164
f 2179/2179/2179 2177/2177/2177 2191/2191/2191
f 2193/2193/2193 2179/2179/2179 2191/2191/2191
f 2171/2171/2171 2164/2164/2164 2191/2191/2191
f 2171/2171/2171 2165/2165/2165 2164/2164/2164
f 2249/2249/2249 2248/2248/2248 2243/2243/2243
f 2436/2436/2436 2435/2435/2435 2457/2457/2457
f 2436/2436/2436 2457/2457/2457 2517/2517/2517
f 2489/2489/2489 2436/2436/2436 2517/2517/2517
f 2490/2490/2490 2489/2489/2489 2518/2518/2518
f 2437/2437/2437 2490/2490/2490 2518/2518/2518
f 2373/2373/2373 2295/2295/2295 2326/2326/2326
f 2373/2373/2373 2359/2359/2359 2295/2295/2295
f 2432/2432/2432 2455/2455/2455 2515/2515/2515
f 2455/2455/2455 2474/2474/2474 2515/2515/2515
f 2474/2474/2474 2468/2468/2468 2485/2485/2485
f 2487/2487/2487 2499/2499/2499 2516/2516/2516
f 2499/2499/2499 2498/2498/2498 2516/2516/2516
f 1809/1809/1809 1810/1810/1810 1811/1811/1811
f 1809/1809/1809 1811/1811/1811 1812/1812/1812
f 1807/1807/1807 1809/1809/1809 1812/1812/1812
f 1808/1808/1808 1809/1809/1809 1807/1807/1807
f 1852/1852/1852 1851/1851/1851 1849/1849/1849
f 1853/1853/1853 1852/1852/1852 1846/1846/1846
f 1852/1852/1852 1849/1849/1849 1846/1846/1846
f 1849/1849/1849 1848/1848/1848 1832/1832/1832
f 1825/1825/1825 1824/1824/1824 1827/1827/1827
f 1749/1749/1749 1748/1748/1748 1745/1745/1745
f 1752/1752/1752 1751/1751/1751 1768/1768/1768
f 1753/1753/1753 1752/1752/1752 1768/1768/1768
f 1771/1771/1771 1768/1768/1768 1797/1797/1797
f 1780/1780/1780 1771/1771/1771 1797/1797/1797
f 1627/1627/1627 1626/1626/1626 1628/1628/1628
f 1658/1658/1658 1660/1660/1660 1659/1659/1659
f 1658/1658/1658 1656/1656/1656 1676/1676/1676
f 1660/1660/1660 1658/1658/1658 1676/1676/1676
f 1742/1742/1742 1739/1739/1739 1731/1731/1731
f 1739/1739/1739 1742/1742/1742 1741/1741/1741
f 1682/1682/1682 1687/1687/1687 1683/1683/1683
f 1682/1682/1682 1688/1688/1688 1687/1687/1687
f 1688/1688/1688 1682/1682/1682 1700/1700/1700
f 1700/1700/1700 1682/1682/1682 1676/1676/1676
f 1682/1682/1682 1677/1677/1677 1676/1676/1676
f 1682/1682/1682 1678/1678/1678 1677/1677/1677
f 2568/2568/2568 2565/2565/2565 2583/2583/2583
f 2565/2565/2565 2568/2568/2568 2566/2566/2566
f 2595/2595/2595 2588/2588/2588 2582/2582/2582
f 2582/2582/2582 2588/2588/2588 2584/2584/2584
f 2304/2304/2304 2301/2301/2301 2335/2335/2335
f 2494/2494/2494 2505/2505/2505 2495/2495/2495
f 2299/2299/2299 2282/2282/2282 2279/2279/2279
f 2522/2522/2522 2479/2479/2479 2504/2504/2504
f 2445/2445/2445 2425/2425/2425 2477/2477/2477
f 2327/2327/2327 2296/2296/2296 2295/2295/2295
f 2502/2502/2502 2462/2462/2462 2519/2519/2519
f 2502/2502/2502 2519/2519/2519 2546/2546/2546
f 2491/2491/2491 2502/2502/2502 2546/2546/2546
f 2723/2723/2723 2717/2717/2717 2716/2716/2716
f 2745/2745/2745 2780/2780/2780 2752/2752/2752
f 2752/2752/2752 2780/2780/2780 2769/2769/2769
f 2780/2780/2780 2798/2798/2798 2769/2769/2769
f 2340/2340/2340 2318/2318/2318 2290/2290/2290
f 2340/2340/2340 2387/2387/2387 2381/2381/2381
f 2065/2065/2065 2062/2062/2062 2079/2079/2079
f 2112/2112/2112 2111/2111/2111 2108/2108/2108
f 2095/2095/2095 2111/2111/2111 2109/2109/2109
f 2111/2111/2111 2095/2095/2095 2108/2108/2108
f 2114/2114/2114 2112/2112/2112 2117/2117/2117
f 2168/2168/2168 2166/2166/2166 2170/2170/2170
f 2171/2171/2171 2166/2166/2166 2165/2165/2165
f 2166/2166/2166 2171/2171/2171 2170/2170/2170
f 2151/2151/2151 2149/2149/2149 2165/2165/2165
f 2221/2221/2221 2218/2218/2218 2217/2217/2217
f 2218/2218/2218 2202/2202/2202 2217/2217/2217
f 2202/2202/2202 2191/2191/2191 2217/2217/2217
f 2260/2260/2260 2259/2259/2259 2274/2274/2274
f 2259/2259/2259 2258/2258/2258 2257/2257/2257
f 2400/2400/2400 2366/2366/2366 2391/2391/2391
f 2435/2435/2435 2400/2400/2400 2391/2391/2391
f 2436/2436/2436 2400/2400/2400 2435/2435/2435
f 2408/2408/2408 2437/2437/2437 2458/2458/2458
f 2408/2408/2408 2373/2373/2373 2437/2437/2437
f 2373/2373/2373 2408/2408/2408 2359/2359/2359
f 1750/1750/1750 1749/1749/1749 1751/1751/1751
f 1779/1779/1779 1771/1771/1771 1780/1780/1780
f 1775/1775/1775 1779/1779/1779 1778/1778/1778
f 1779/1779/1779 1775/1775/1775 1771/1771/1771
f 1771/1771/1771 1769/1769/1769 1768/1768/1768
f 1769/1769/1769 1753/1753/1753 1768/1768/1768
f 1769/1769/1769 1754/1754/1754 1753/1753/1753
f 1645/1645/1645 1642/1642/1642 1628/1628/1628
f 1735/1735/1735 1733/1733/1733 1736/1736/1736
f 1733/1733/1733 1716/1716/1716 1731/1731/1731
f 1736/1736/1736 1733/1733/1733 1731/1731/1731
f 1737/1737/1737 1736/1736/1736 1731/1731/1731
f 1739/1739/1739 1737/1737/1737 1731/1731/1731
f 2528/2528/2528 2508/2508/2508 2495/2495/2495
f 2307/2307/2307 2304/2304/2304 2335/2335/2335
f 2336/2336/2336 2307/2307/2307 2335/2335/2335
f 2448/2448/2448 2469/2469/2469 2463/2463/2463
f 2508/2508/2508 2469/2469/2469 2495/2495/2495
f 2469/2469/2469 2508/2508/2508 2463/2463/2463
f 2537/2537/2537 2549/2549/2549 2557/2557/2557
f 2555/2555/2555 2537/2537/2537 2557/2557/2557
f 2537/2537/2537 2530/2530/2530 2549/2549/2549
f 2530/2530/2530 2537/2537/2537 2533/2533/2533
f 2537/2537/2537 2536/2536/2536 2533/2533/2533
f 2298/2298/2298 2297/2297/2297 2347/2347/2347
f 2374/2374/2374 2395/2395/2395 2347/2347/2347
f 2359/2359/2359 2345/2345/2345 2295/2295/2295
f 2345/2345/2345 2327/2327/2327 2295/2295/2295
f 2438/2438/2438 2491/2491/2491 2520/2520/2520
f 2297/2297/2297 2330/2330/2330 2347/2347/2347
f 2330/2330/2330 2374/2374/2374 2347/2347/2347
f 2296/2296/2296 2329/2329/2329 2297/2297/2297
f 2317/2317/2317 2340/2340/2340 2290/2290/2290
f 2317/2317/2317 2387/2387/2387 2340/2340/2340
f 2317/2317/2317 2290/2290/2290 2316/2316/2316
f 2083/2083/2083 2065/2065/2065 2079/2079/2079
f 2087/2087/2087 2083/2083/2083 2079/2079/2079
f 2083/2083/2083 2066/2066/2066 2065/2065/2065
f 2167/2167/2167 2166/2166/2166 2168/2168/2168
f 2173/2173/2173 2171/2171/2171 2191/2191/2191
f 2224/2224/2224 2221/2221/2221 2217/2217/2217
f 2243/2243/2243 2224/2224/2224 2217/2217/2217
f 2225/2225/2225 2224/2224/2224 2243/2243/2243
f 2202/2202/2202 2198/2198/2198 2191/2191/2191
f 2199/2199/2199 2198/2198/2198 2202/2202/2202
f 2251/2251/2251 2250/2250/2250 2249/2249/2249
f 2400/2400/2400 2392/2392/2392 2366/2366/2366
f 2519/2519/2519 2424/2424/2424 2460/2460/2460
f 2462/2462/2462 2424/2424/2424 2519/2519/2519
f 2409/2409/2409 2367/2367/2367 2382/2382/2382
f 2327/2327/2327 2367/2367/2367 2296/2296/2296
f 2388/2388/2388 2423/2423/2423 2389/2389/2389
f 2423/2423/2423 2388/2388/2388 2432/2432/2432
f 2291/2291/2291 2320/2320/2320 2292/2292/2292
f 2320/2320/2320 2291/2291/2291 2341/2341/2341
f 2342/2342/2342 2320/2320/2320 2341/2341/2341
f 1770/1770/1770 1769/1769/1769 1771/1771/1771
f 1620/1620/1620 1618/1618/1618 1617/1617/1617
f 1658/1658/1658 1657/1657/1657 1656/1656/1656
f 1738/1738/1738 1737/1737/1737 1739/1739/1739
f 2588/2588/2588 2586/2586/2586 2584/2584/2584
f 2586/2586/2586 2585/2585/2585 2584/2584/2584
f 2586/2586/2586 2588/2588/2588 2587/2587/2587
f 2307/2307/2307 2305/2305/2305 2304/2304/2304
f 2506/2506/2506 2510/2510/2510 2507/2507/2507
f 2259/2259/2259 2273/2273/2273 2274/2274/2274
f 2273/2273/2273 2278/2278/2278 2274/2274/2274
f 2273/2273/2273 2259/2259/2259 2257/2257/2257
f 2278/2278/2278 2273/2273/2273 2279/2279/2279
f 2273/2273/2273 2299/2299/2299 2279/2279/2279
f 2273/2273/2273 2257/2257/2257 2255/2255/2255
f 2273/2273/2273 2249/2249/2249 2243/2243/2243
f 2273/2273/2273 2251/2251/2251 2249/2249/2249
f 2559/2559/2559 2558/2558/2558 2561/2561/2561
f 2447/2447/2447 2522/2522/2522 2505/2505/2505
f 2459/2459/2459 2446/2446/2446 2521/2521/2521
f 2446/2446/2446 2493/2493/2493 2521/2521/2521
f 2478/2478/2478 2521/2521/2521 2504/2504/2504
f 2478/2478/2478 2459/2459/2459 2521/2521/2521
f 2411/2411/2411 2395/2395/2395 2374/2374/2374
f 2503/2503/2503 2445/2445/2445 2477/2477/2477
f 2520/2520/2520 2503/2503/2503 2477/2477/2477
f 2493/2493/2493 2503/2503/2503 2521/2521/2521
f 2548/2548/2548 2503/2503/2503 2547/2547/2547
f 2503/2503/2503 2520/2520/2520 2547/2547/2547
f 2521/2521/2521 2503/2503/2503 2548/2548/2548
f 2438/2438/2438 2419/2419/2419 2491/2491/2491
f 2419/2419/2419 2438/2438/2438 2394/2394/2394
f 2476/2476/2476 2438/2438/2438 2520/2520/2520
f 2346/2346/2346 2330/2330/2330 2297/2297/2297
f 2329/2329/2329 2346/2346/2346 2297/2297/2297
f 2368/2368/2368 2367/2367/2367 2409/2409/2409
f 2367/2367/2367 2368/2368/2368 2296/2296/2296
f 2787/2787/2787 2780/2780/2780 2745/2745/2745
f 2177/2177/2177 2175/2175/2175 2191/2191/2191
f 2175/2175/2175 2173/2173/2173 2191/2191/2191
f 2173/2173/2173 2175/2175/2175 2174/2174/2174
f 2193/2193/2193 2196/2196/2196 2195/2195/2195
f 2196/2196/2196 2193/2193/2193 2191/2191/2191
f 2198/2198/2198 2196/2196/2196 2191/2191/2191
f 2364/2364/2364 2388/2388/2388 2389/2389/2389
f 2364/2364/2364 2343/2343/2343 2292/2292/2292
f 2343/2343/2343 2364/2364/2364 2389/2389/2389
f 2285/2285/2285 2299/2299/2299 2301/2301/2301
f 2299/2299/2299 2285/2285/2285 2282/2282/2282
f 2282/2282/2282 2285/2285/2285 2284/2284/2284
f 2526/2526/2526 2510/2510/2510 2506/2506/2506
f 2526/2526/2526 2508/2508/2508 2528/2528/2528
f 2508/2508/2508 2526/2526/2526 2506/2506/2506
f 2421/2421/2421 2420/2420/2420 2448/2448/2448
f 2396/2396/2396 2397/2397/2397 2377/2377/2377
f 2397/2397/2397 2378/2378/2378 2377/2377/2377
f 2378/2378/2378 2397/2397/2397 2398/2398/2398
f 2449/2449/2449 2428/2428/2428 2463/2463/2463
f 2252/2252/2252 2273/2273/2273 2255/2255/2255
f 2273/2273/2273 2252/2252/2252 2251/2251/2251
f 2254/2254/2254 2252/2252/2252 2255/2255/2255
f 2349/2349/2349 2334/2334/2334 2299/2299/2299
f 2376/2376/2376 2349/2349/2349 2299/2299/2299
f 2349/2349/2349 2376/2376/2376 2385/2385/2385
f 2350/2350/2350 2378/2378/2378 2335/2335/2335
f 2378/2378/2378 2350/2350/2350 2377/2377/2377
f 2301/2301/2301 2350/2350/2350 2335/2335/2335
f 2299/2299/2299 2350/2350/2350 2301/2301/2301
f 2334/2334/2334 2350/2350/2350 2299/2299/2299
f 2439/2439/2439 2446/2446/2446 2459/2459/2459
f 2298/2298/2298 2310/2310/2310 2299/2299/2299
f 2440/2440/2440 2479/2479/2479 2522/2522/2522
f 2447/2447/2447 2440/2440/2440 2522/2522/2522
f 2440/2440/2440 2447/2447/2447 2385/2385/2385
f 2376/2376/2376 2440/2440/2440 2385/2385/2385
f 2331/2331/2331 2298/2298/2298 2347/2347/2347
f 2331/2331/2331 2348/2348/2348 2298/2298/2298
f 2492/2492/2492 2520/2520/2520 2477/2477/2477
f 2492/2492/2492 2476/2476/2476 2520/2520/2520
f 2360/2360/2360 2346/2346/2346 2329/2329/2329
f 2410/2410/2410 2368/2368/2368 2409/2409/2409
f 2410/2410/2410 2424/2424/2424 2462/2462/2462
f 2424/2424/2424 2410/2410/2410 2409/2409/2409
f 2368/2368/2368 2328/2328/2328 2296/2296/2296
f 2796/2796/2796 2797/2797/2797 2780/2780/2780
f 2787/2787/2787 2796/2796/2796 2780/2780/2780
f 2320/2320/2320 2351/2351/2351 2292/2292/2292
f 2351/2351/2351 2364/2364/2364 2292/2292/2292
f 2404/2404/2404 2397/2397/2397 2396/2396/2396
f 2427/2427/2427 2448/2448/2448 2463/2463/2463
f 2428/2428/2428 2427/2427/2427 2463/2463/2463
f 2427/2427/2427 2421/2421/2421 2448/2448/2448
f 2439/2439/2439 2426/2426/2426 2446/2446/2446
f 2426/2426/2426 2403/2403/2403 2402/2402/2402
f 2403/2403/2403 2426/2426/2426 2439/2439/2439
f 2333/2333/2333 2376/2376/2376 2299/2299/2299
f 2310/2310/2310 2333/2333/2333 2299/2299/2299
f 2360/2360/2360 2369/2369/2369 2346/2346/2346
f 2401/2401/2401 2419/2419/2419 2394/2394/2394
f 2369/2369/2369 2401/2401/2401 2394/2394/2394
f 2401/2401/2401 2369/2369/2369 2360/2360/2360
f 2410/2410/2410 2393/2393/2393 2368/2368/2368
f 2309/2309/2309 2329/2329/2329 2296/2296/2296
f 2328/2328/2328 2309/2309/2309 2296/2296/2296
f 2383/2383/2383 2401/2401/2401 2360/2360/2360
f 2332/2332/2332 2310/2310/2310 2298/2298/2298
f 2370/2370/2370 2332/2332/2332 2298/2298/2298
f 2403/2403/2403 2370/2370/2370 2402/2402/2402
f 2384/2384/2384 2370/2370/2370 2403/2403/2403
f 2370/2370/2370 2361/2361/2361 2402/2402/2402
f 2361/2361/2361 2375/2375/2375 2402/2402/2402
f 2348/2348/2348 2361/2361/2361 2298/2298/2298
f 2361/2361/2361 2370/2370/2370 2298/2298/2298
f 2099/2099/2099 2069/2069/2069 2098/2098/2098
f 2069/2069/2069 2099/2099/2099 2070/2070/2070
f 1971/1971/1971 2003/2003/2003 1972/1972/1972
f 1971/1971/1971 2002/2002/2002 2003/2003/2003
f 1610/1610/1610 1583/1583/1583 1609/1609/1609
f 1583/1583/1583 1610/1610/1610 1584/1584/1584
f 1632/1632/1632 1601/1601/1601 1631/1631/1631
f 1601/1601/1601 1600/1600/1600 1631/1631/1631
f 1576/1576/1576 1577/1577/1577 1529/1529/1529
f 1577/1577/1577 1530/1530/1530 1529/1529/1529
f 1691/1691/1691 1668/1668/1668 1667/1667/1667
f 1691/1691/1691 1692/1692/1692 1668/1668/1668
f 2618/2618/2618 2580/2580/2580 2617/2617/2617
f 2580/2580/2580 2618/2618/2618 2581/2581/2581
f 2002/2002/2002 1970/1970/1970 2001/2001/2001
f 1971/1971/1971 1970/1970/1970 2002/2002/2002
f 1691/1691/1691 1723/1723/1723 1692/1692/1692
f 1723/1723/1723 1691/1691/1691 1722/1722/1722
f 1789/1789/1789 1790/1790/1790 1761/1761/1761
f 1760/1760/1760 1789/1789/1789 1761/1761/1761
f 1762/1762/1762 1791/1791/1791 1763/1763/1763
f 1763/1763/1763 1791/1791/1791 1792/1792/1792
f 1790/1790/1790 1791/1791/1791 1761/1761/1761
f 1791/1791/1791 1762/1762/1762 1761/1761/1761
f 1942/1942/1942 1970/1970/1970 1971/1971/1971
f 1970/1970/1970 1942/1942/1942 1941/1941/1941
f 1894/1894/1894 1924/1924/1924 1895/1895/1895
f 1924/1924/1924 1894/1894/1894 1923/1923/1923
f 2099/2099/2099 2071/2071/2071 2070/2070/2070
f 2100/2100/2100 2071/2071/2071 2099/2099/2099
f 1793/1793/1793 1763/1763/1763 1792/1792/1792
f 1793/1793/1793 1764/1764/1764 1763/1763/1763
f 1639/1639/1639 1673/1673/1673 1674/1674/1674
f 1673/1673/1673 1639/1639/1639 1638/1638/1638
f 1582/1582/1582 1583/1583/1583 1534/1534/1534
f 1533/1533/1533 1582/1582/1582 1534/1534/1534
f 1437/1437/1437 1416/1416/1416 1436/1436/1436
f 1436/1436/1436 1416/1416/1416 1415/1415/1415
f 1606/1606/1606 1607/1607/1607 1581/1581/1581
f 1606/1606/1606 1581/1581/1581 1580/1580/1580
f 1607/1607/1607 1606/1606/1606 1638/1638/1638
f 1606/1606/1606 1637/1637/1637 1638/1638/1638
f 1579/1579/1579 1606/1606/1606 1580/1580/1580
f 1606/1606/1606 1579/1579/1579 1605/1605/1605
f 1695/1695/1695 1726/1726/1726 1696/1696/1696
f 1696/1696/1696 1726/1726/1726 1727/1727/1727
f 1764/1764/1764 1726/1726/1726 1763/1763/1763
f 1726/1726/1726 1764/1764/1764 1727/1727/1727
f 1726/1726/1726 1695/1695/1695 1694/1694/1694
f 1725/1725/1725 1726/1726/1726 1694/1694/1694
f 1726/1726/1726 1762/1762/1762 1763/1763/1763
f 1726/1726/1726 1725/1725/1725 1762/1762/1762
f 1759/1759/1759 1789/1789/1789 1760/1760/1760
f 1789/1789/1789 1759/1759/1759 1788/1788/1788
f 1759/1759/1759 1723/1723/1723 1722/1722/1722
f 1723/1723/1723 1759/1759/1759 1760/1760/1760
f 1600/1600/1600 1630/1630/1630 1631/1631/1631
f 1599/1599/1599 1630/1630/1630 1600/1600/1600
f 1666/1666/1666 1632/1632/1632 1631/1631/1631
f 1632/1632/1632 1666/1666/1666 1667/1667/1667
f 1630/1630/1630 1666/1666/1666 1631/1631/1631
f 1666/1666/1666 1630/1630/1630 1665/1665/1665
f 1721/1721/1721 1759/1759/1759 1722/1722/1722
f 1759/1759/1759 1721/1721/1721 1758/1758/1758
f 2262/2262/2262 2288/2288/2288 2263/2263/2263
f 2263/2263/2263 2288/2288/2288 2289/2289/2289
f 2130/2130/2130 2156/2156/2156 2157/2157/2157
f 2156/2156/2156 2130/2130/2130 2129/2129/2129
f 2128/2128/2128 2100/2100/2100 2099/2099/2099
f 2100/2100/2100 2128/2128/2128 2129/2129/2129
f 2128/2128/2128 2099/2099/2099 2098/2098/2098
f 2127/2127/2127 2128/2128/2128 2098/2098/2098
f 2021/2021/2021 2042/2042/2042 2043/2043/2043
f 2020/2020/2020 2042/2042/2042 2021/2021/2021
f 2000/2000/2000 2020/2020/2020 2021/2021/2021
f 2020/2020/2020 2000/2000/2000 1999/1999/1999
f 1724/1724/1724 1725/1725/1725 1694/1694/1694
f 1693/1693/1693 1724/1724/1724 1694/1694/1694
f 1725/1725/1725 1724/1724/1724 1762/1762/1762
f 1762/1762/1762 1724/1724/1724 1761/1761/1761
f 1723/1723/1723 1724/1724/1724 1692/1692/1692
f 1724/1724/1724 1693/1693/1693 1692/1692/1692
f 1724/1724/1724 1723/1723/1723 1760/1760/1760
f 1724/1724/1724 1760/1760/1760 1761/1761/1761
f 2024/2024/2024 2004/2004/2004 2003/2003/2003
f 2004/2004/2004 2024/2024/2024 2025/2025/2025
f 1943/1943/1943 1971/1971/1971 1972/1972/1972
f 1943/1943/1943 1942/1942/1942 1971/1971/1971
f 2022/2022/2022 2000/2000/2000 2021/2021/2021
f 2000/2000/2000 2022/2022/2022 2001/2001/2001
f 2024/2024/2024 2047/2047/2047 2025/2025/2025
f 2046/2046/2046 2047/2047/2047 2024/2024/2024
f 2131/2131/2131 2130/2130/2130 2157/2157/2157
f 2158/2158/2158 2131/2131/2131 2157/2157/2157
f 2101/2101/2101 2100/2100/2100 2129/2129/2129
f 2130/2130/2130 2101/2101/2101 2129/2129/2129
f 2101/2101/2101 2071/2071/2071 2100/2100/2100
f 2071/2071/2071 2101/2101/2101 2072/2072/2072
f 2131/2131/2131 2101/2101/2101 2130/2130/2130
f 2101/2101/2101 2131/2131/2131 2102/2102/2102
f 1978/1978/1978 1979/1979/1979 1950/1950/1950
f 1949/1949/1949 1978/1978/1978 1950/1950/1950
f 1672/1672/1672 1695/1695/1695 1696/1696/1696
f 1672/1672/1672 1671/1671/1671 1695/1695/1695
f 1672/1672/1672 1673/1673/1673 1638/1638/1638
f 1637/1637/1637 1672/1672/1672 1638/1638/1638
f 1793/1793/1793 1765/1765/1765 1764/1764/1764
f 1765/1765/1765 1793/1793/1793 1794/1794/1794
f 1764/1764/1764 1765/1765/1765 1727/1727/1727
f 1765/1765/1765 1728/1728/1728 1727/1727/1727
f 1697/1697/1697 1672/1672/1672 1696/1696/1696
f 1672/1672/1672 1697/1697/1697 1673/1673/1673
f 1697/1697/1697 1696/1696/1696 1727/1727/1727
f 1728/1728/1728 1697/1697/1697 1727/1727/1727
f 1795/1795/1795 1821/1821/1821 1796/1796/1796
f 1796/1796/1796 1821/1821/1821 1822/1822/1822
f 1820/1820/1820 1821/1821/1821 1794/1794/1794
f 1821/1821/1821 1795/1795/1795 1794/1794/1794
f 1639/1639/1639 1608/1608/1608 1638/1638/1638
f 1608/1608/1608 1607/1607/1607 1638/1638/1638
f 1607/1607/1607 1608/1608/1608 1581/1581/1581
f 1608/1608/1608 1582/1582/1582 1581/1581/1581
f 1583/1583/1583 1608/1608/1608 1609/1609/1609
f 1582/1582/1582 1608/1608/1608 1583/1583/1583
f 2639/2639/2639 2610/2610/2610 2609/2609/2609
f 2610/2610/2610 2639/2639/2639 2640/2640/2640
f 2642/2642/2642 2681/2681/2681 2643/2643/2643
f 2681/2681/2681 2642/2642/2642 2680/2680/2680
f 2645/2645/2645 2616/2616/2616 2615/2615/2615
f 2616/2616/2616 2645/2645/2645 2646/2646/2646
f 2571/2571/2571 2608/2608/2608 2572/2572/2572
f 2608/2608/2608 2609/2609/2609 2572/2572/2572
f 1668/1668/1668 1633/1633/1633 1667/1667/1667
f 1633/1633/1633 1632/1632/1632 1667/1667/1667
f 1633/1633/1633 1601/1601/1601 1632/1632/1632
f 1601/1601/1601 1633/1633/1633 1602/1602/1602
f 1690/1690/1690 1691/1691/1691 1667/1667/1667
f 1666/1666/1666 1690/1690/1690 1667/1667/1667
f 1690/1690/1690 1666/1666/1666 1665/1665/1665
f 1690/1690/1690 1665/1665/1665 1689/1689/1689
f 1691/1691/1691 1690/1690/1690 1722/1722/1722
f 1690/1690/1690 1721/1721/1721 1722/1722/1722
f 2645/2645/2645 2683/2683/2683 2646/2646/2646
f 2683/2683/2683 2645/2645/2645 2682/2682/2682
f 2647/2647/2647 2616/2616/2616 2646/2646/2646
f 2616/2616/2616 2647/2647/2647 2617/2617/2617
f 2647/2647/2647 2618/2618/2618 2617/2617/2617
f 2618/2618/2618 2647/2647/2647 2648/2648/2648
f 2683/2683/2683 2647/2647/2647 2646/2646/2646
f 2647/2647/2647 2683/2683/2683 2684/2684/2684
f 2647/2647/2647 2685/2685/2685 2648/2648/2648
f 2647/2647/2647 2684/2684/2684 2685/2685/2685
f 2613/2613/2613 2642/2642/2642 2643/2643/2643
f 2642/2642/2642 2613/2613/2613 2612/2612/2612
f 2578/2578/2578 2579/2579/2579 2545/2545/2545
f 2579/2579/2579 2546/2546/2546 2545/2545/2545
f 2579/2579/2579 2547/2547/2547 2546/2546/2546
f 2547/2547/2547 2579/2579/2579 2580/2580/2580
f 2616/2616/2616 2579/2579/2579 2615/2615/2615
f 2579/2579/2579 2578/2578/2578 2615/2615/2615
f 2580/2580/2580 2579/2579/2579 2617/2617/2617
f 2579/2579/2579 2616/2616/2616 2617/2617/2617
f 2156/2156/2156 2184/2184/2184 2157/2157/2157
f 2184/2184/2184 2156/2156/2156 2183/2183/2183
f 2184/2184/2184 2158/2158/2158 2157/2157/2157
f 2184/2184/2184 2185/2185/2185 2158/2158/2158
f 2211/2211/2211 2184/2184/2184 2210/2210/2210
f 2185/2185/2185 2184/2184/2184 2211/2211/2211
f 2236/2236/2236 2237/2237/2237 2210/2210/2210
f 2237/2237/2237 2211/2211/2211 2210/2210/2210
f 2237/2237/2237 2236/2236/2236 2266/2266/2266
f 2267/2267/2267 2237/2237/2237 2266/2266/2266
f 2292/2292/2292 2267/2267/2267 2266/2266/2266
f 2267/2267/2267 2292/2292/2292 2293/2293/2293
f 2517/2517/2517 2516/2516/2516 2544/2544/2544
f 2544/2544/2544 2516/2516/2516 2543/2543/2543
f 2180/2180/2180 2206/2206/2206 2207/2207/2207
f 2180/2180/2180 2207/2207/2207 2181/2181/2181
f 2154/2154/2154 2180/2180/2180 2181/2181/2181
f 2153/2153/2153 2180/2180/2180 2154/2154/2154
f 2183/2183/2183 2155/2155/2155 2182/2182/2182
f 2156/2156/2156 2155/2155/2155 2183/2183/2183
f 2155/2155/2155 2154/2154/2154 2181/2181/2181
f 2182/2182/2182 2155/2155/2155 2181/2181/2181
f 2155/2155/2155 2156/2156/2156 2129/2129/2129
f 2128/2128/2128 2155/2155/2155 2129/2129/2129
f 2155/2155/2155 2128/2128/2128 2127/2127/2127
f 2155/2155/2155 2127/2127/2127 2154/2154/2154
f 2126/2126/2126 2153/2153/2153 2154/2154/2154
f 2127/2127/2127 2126/2126/2126 2154/2154/2154
f 2126/2126/2126 2127/2127/2127 2098/2098/2098
f 2097/2097/2097 2126/2126/2126 2098/2098/2098
f 2042/2042/2042 2068/2068/2068 2043/2043/2043
f 2068/2068/2068 2069/2069/2069 2043/2043/2043
f 2069/2069/2069 2068/2068/2068 2098/2098/2098
f 2068/2068/2068 2097/2097/2097 2098/2098/2098
f 1970/1970/1970 1969/1969/1969 2001/2001/2001
f 1969/1969/1969 2000/2000/2000 2001/2001/2001
f 1969/1969/1969 1970/1970/1970 1941/1941/1941
f 1940/1940/1940 1969/1969/1969 1941/1941/1941
f 1887/1887/1887 1916/1916/1916 1888/1888/1888
f 1916/1916/1916 1917/1917/1917 1888/1888/1888
f 1940/1940/1940 1916/1916/1916 1939/1939/1939
f 1916/1916/1916 1940/1940/1940 1917/1917/1917
f 1859/1859/1859 1887/1887/1887 1888/1888/1888
f 1860/1860/1860 1859/1859/1859 1888/1888/1888
f 1867/1867/1867 1894/1894/1894 1895/1895/1895
f 1894/1894/1894 1867/1867/1867 1866/1866/1866
f 1889/1889/1889 1860/1860/1860 1888/1888/1888
f 1860/1860/1860 1889/1889/1889 1861/1861/1861
f 1943/1943/1943 1919/1919/1919 1942/1942/1942
f 1919/1919/1919 1943/1943/1943 1920/1920/1920
f 1891/1891/1891 1919/1919/1919 1920/1920/1920
f 1919/1919/1919 1891/1891/1891 1890/1890/1890
f 1943/1943/1943 1921/1921/1921 1920/1920/1920
f 1921/1921/1921 1943/1943/1943 1944/1944/1944
f 1921/1921/1921 1891/1891/1891 1920/1920/1920
f 1891/1891/1891 1921/1921/1921 1892/1892/1892
f 1894/1894/1894 1893/1893/1893 1923/1923/1923
f 1923/1923/1923 1893/1893/1893 1922/1922/1922
f 1921/1921/1921 1893/1893/1893 1892/1892/1892
f 1893/1893/1893 1921/1921/1921 1922/1922/1922
f 1865/1865/1865 1894/1894/1894 1866/1866/1866
f 1865/1865/1865 1893/1893/1893 1894/1894/1894
f 1893/1893/1893 1865/1865/1865 1892/1892/1892
f 1892/1892/1892 1865/1865/1865 1864/1864/1864
f 2023/2023/2023 2024/2024/2024 2003/2003/2003
f 2002/2002/2002 2023/2023/2023 2003/2003/2003
f 2023/2023/2023 2002/2002/2002 2001/2001/2001
f 2022/2022/2022 2023/2023/2023 2001/2001/2001
f 2048/2048/2048 2049/2049/2049 2027/2027/2027
f 2026/2026/2026 2048/2048/2048 2027/2027/2027
f 2047/2047/2047 2048/2048/2048 2025/2025/2025
f 2048/2048/2048 2026/2026/2026 2025/2025/2025
f 2073/2073/2073 2101/2101/2101 2102/2102/2102
f 2101/2101/2101 2073/2073/2073 2072/2072/2072
f 2073/2073/2073 2048/2048/2048 2047/2047/2047
f 2048/2048/2048 2073/2073/2073 2074/2074/2074
f 2074/2074/2074 2073/2073/2073 2103/2103/2103
f 2073/2073/2073 2102/2102/2102 2103/2103/2103
f 2073/2073/2073 2047/2047/2047 2046/2046/2046
f 2073/2073/2073 2046/2046/2046 2072/2072/2072
f 1964/1964/1964 1980/1980/1980 1967/1967/1967
f 1980/1980/1980 1964/1964/1964 1963/1963/1963
f 1910/1910/1910 1905/1905/1905 1912/1912/1912
f 1905/1905/1905 1904/1904/1904 1912/1912/1912
f 1640/1640/1640 1608/1608/1608 1639/1639/1639
f 1608/1608/1608 1640/1640/1640 1609/1609/1609
f 1640/1640/1640 1639/1639/1639 1674/1674/1674
f 1675/1675/1675 1640/1640/1640 1674/1674/1674
f 1698/1698/1698 1675/1675/1675 1674/1674/1674
f 1675/1675/1675 1698/1698/1698 1699/1699/1699
f 1698/1698/1698 1697/1697/1697 1728/1728/1728
f 1698/1698/1698 1728/1728/1728 1729/1729/1729
f 1673/1673/1673 1698/1698/1698 1674/1674/1674
f 1697/1697/1697 1698/1698/1698 1673/1673/1673
f 1766/1766/1766 1765/1765/1765 1794/1794/1794
f 1795/1795/1795 1766/1766/1766 1794/1794/1794
f 1765/1765/1765 1766/1766/1766 1728/1728/1728
f 1728/1728/1728 1766/1766/1766 1729/1729/1729
f 1766/1766/1766 1795/1795/1795 1796/1796/1796
f 1767/1767/1767 1766/1766/1766 1796/1796/1796
f 1845/1845/1845 1870/1870/1870 1846/1846/1846
f 1870/1870/1870 1845/1845/1845 1869/1869/1869
f 1978/1978/1978 1977/1977/1977 2009/2009/2009
f 1977/1977/1977 2008/2008/2008 2009/2009/2009
f 1977/1977/1977 1978/1978/1978 1949/1949/1949
f 1977/1977/1977 1949/1949/1949 1948/1948/1948
f 1977/1977/1977 2007/2007/2007 2008/2008/2008
f 2007/2007/2007 1977/1977/1977 1976/1976/1976
f 1977/1977/1977 1947/1947/1947 1976/1976/1976
f 1947/1947/1947 1977/1977/1977 1948/1948/1948
f 1947/1947/1947 1924/1924/1924 1923/1923/1923
f 1946/1946/1946 1947/1947/1947 1923/1923/1923
f 2048/2048/2048 2075/2075/2075 2049/2049/2049
f 2075/2075/2075 2048/2048/2048 2074/2074/2074
f 2573/2573/2573 2541/2541/2541 2540/2540/2540
f 2541/2541/2541 2573/2573/2573 2574/2574/2574
f 2572/2572/2572 2573/2573/2573 2539/2539/2539
f 2573/2573/2573 2540/2540/2540 2539/2539/2539
f 2609/2609/2609 2573/2573/2573 2572/2572/2572
f 2610/2610/2610 2573/2573/2573 2609/2609/2609
f 2641/2641/2641 2678/2678/2678 2679/2679/2679
f 2678/2678/2678 2641/2641/2641 2640/2640/2640
f 2642/2642/2642 2641/2641/2641 2680/2680/2680
f 2641/2641/2641 2679/2679/2679 2680/2680/2680
f 2538/2538/2538 2571/2571/2571 2572/2572/2572
f 2538/2538/2538 2572/2572/2572 2539/2539/2539
f 1672/1672/1672 1636/1636/1636 1671/1671/1671
f 1636/1636/1636 1672/1672/1672 1637/1637/1637
f 1606/1606/1606 1636/1636/1636 1637/1637/1637
f 1636/1636/1636 1606/1606/1606 1605/1605/1605
f 1604/1604/1604 1636/1636/1636 1605/1605/1605
f 1636/1636/1636 1604/1604/1604 1635/1635/1635
f 1695/1695/1695 1670/1670/1670 1694/1694/1694
f 1671/1671/1671 1670/1670/1670 1695/1695/1695
f 1636/1636/1636 1670/1670/1670 1671/1671/1671
f 1670/1670/1670 1636/1636/1636 1635/1635/1635
f 1611/1611/1611 1612/1612/1612 1598/1598/1598
f 1612/1612/1612 1613/1613/1613 1598/1598/1598
f 1720/1720/1720 1690/1690/1690 1689/1689/1689
f 1690/1690/1690 1720/1720/1720 1721/1721/1721
f 2613/2613/2613 2576/2576/2576 2612/2612/2612
f 2576/2576/2576 2575/2575/2575 2612/2612/2612
f 2184/2184/2184 2209/2209/2209 2210/2210/2210
f 2209/2209/2209 2184/2184/2184 2183/2183/2183
f 2206/2206/2206 2232/2232/2232 2207/2207/2207
f 2232/2232/2232 2233/2233/2233 2207/2207/2207
f 2232/2232/2232 2262/2262/2262 2263/2263/2263
f 2233/2233/2233 2232/2232/2232 2263/2263/2263
f 2542/2542/2542 2541/2541/2541 2574/2574/2574
f 2575/2575/2575 2542/2542/2542 2574/2574/2574
f 2576/2576/2576 2542/2542/2542 2575/2575/2575
f 2542/2542/2542 2576/2576/2576 2543/2543/2543
f 1759/1759/1759 1787/1787/1787 1788/1788/1788
f 1787/1787/1787 1759/1759/1759 1758/1758/1758
f 2005/2005/2005 2004/2004/2004 2025/2025/2025
f 2026/2026/2026 2005/2005/2005 2025/2025/2025
f 1947/1947/1947 1975/1975/1975 1976/1976/1976
f 1975/1975/1975 1947/1947/1947 1946/1946/1946
f 1921/1921/1921 1945/1945/1945 1922/1922/1922
f 1945/1945/1945 1921/1921/1921 1944/1944/1944
f 1945/1945/1945 1946/1946/1946 1923/1923/1923
f 1945/1945/1945 1923/1923/1923 1922/1922/1922
f 1945/1945/1945 1975/1975/1975 1946/1946/1946
f 1975/1975/1975 1945/1945/1945 1974/1974/1974
f 1945/1945/1945 1973/1973/1973 1974/1974/1974
f 1973/1973/1973 1945/1945/1945 1944/1944/1944
f 1973/1973/1973 1943/1943/1943 1972/1972/1972
f 1943/1943/1943 1973/1973/1973 1944/1944/1944
f 2003/2003/2003 1973/1973/1973 1972/1972/1972
f 2004/2004/2004 1973/1973/1973 2003/2003/2003
f 2005/2005/2005 1973/1973/1973 2004/2004/2004
f 1973/1973/1973 2005/2005/2005 1974/1974/1974
f 1917/1917/1917 1918/1918/1918 1888/1888/1888
f 1918/1918/1918 1889/1889/1889 1888/1888/1888
f 1918/1918/1918 1940/1940/1940 1941/1941/1941
f 1940/1940/1940 1918/1918/1918 1917/1917/1917
f 1918/1918/1918 1919/1919/1919 1890/1890/1890
f 1889/1889/1889 1918/1918/1918 1890/1890/1890
f 1942/1942/1942 1918/1918/1918 1941/1941/1941
f 1919/1919/1919 1918/1918/1918 1942/1942/1942
f 1787/1787/1787 1814/1814/1814 1788/1788/1788
f 1814/1814/1814 1787/1787/1787 1813/1813/1813
f 1863/1863/1863 1891/1891/1891 1892/1892/1892
f 1863/1863/1863 1892/1892/1892 1864/1864/1864
f 1836/1836/1836 1859/1859/1859 1860/1860/1860
f 1859/1859/1859 1836/1836/1836 1835/1835/1835
f 1814/1814/1814 1836/1836/1836 1837/1837/1837
f 1836/1836/1836 1814/1814/1814 1813/1813/1813
f 1836/1836/1836 1860/1860/1860 1861/1861/1861
f 1837/1837/1837 1836/1836/1836 1861/1861/1861
f 1842/1842/1842 1867/1867/1867 1843/1843/1843
f 1867/1867/1867 1842/1842/1842 1866/1866/1866
f 2045/2045/2045 2071/2071/2071 2072/2072/2072
f 2046/2046/2046 2045/2045/2045 2072/2072/2072
f 2045/2045/2045 2046/2046/2046 2024/2024/2024
f 2023/2023/2023 2045/2045/2045 2024/2024/2024
f 1925/1925/1925 1947/1947/1947 1948/1948/1948
f 1947/1947/1947 1925/1925/1925 1924/1924/1924
f 1924/1924/1924 1925/1925/1925 1895/1895/1895
f 1925/1925/1925 1896/1896/1896 1895/1895/1895
f 1886/1886/1886 1900/1900/1900 1899/1899/1899
f 1900/1900/1900 1886/1886/1886 1901/1901/1901
f 1730/1730/1730 1698/1698/1698 1729/1729/1729
f 1698/1698/1698 1730/1730/1730 1699/1699/1699
f 1730/1730/1730 1766/1766/1766 1767/1767/1767
f 1766/1766/1766 1730/1730/1730 1729/1729/1729
f 1844/1844/1844 1821/1821/1821 1820/1820/1820
f 1843/1843/1843 1844/1844/1844 1820/1820/1820
f 1821/1821/1821 1844/1844/1844 1822/1822/1822
f 1844/1844/1844 1845/1845/1845 1822/1822/1822
f 2077/2077/2077 2050/2050/2050 2076/2076/2076
f 2050/2050/2050 2077/2077/2077 2051/2051/2051
f 2050/2050/2050 2075/2075/2075 2076/2076/2076
f 2075/2075/2075 2050/2050/2050 2049/2049/2049
f 2049/2049/2049 2050/2050/2050 2027/2027/2027
f 2050/2050/2050 2028/2028/2028 2027/2027/2027
f 1978/1978/1978 2010/2010/2010 1979/1979/1979
f 2010/2010/2010 1978/1978/1978 2009/2009/2009
f 2050/2050/2050 2029/2029/2029 2028/2028/2028
f 2029/2029/2029 2050/2050/2050 2051/2051/2051
f 2007/2007/2007 2029/2029/2029 2008/2008/2008
f 2028/2028/2028 2029/2029/2029 2007/2007/2007
f 2052/2052/2052 2029/2029/2029 2051/2051/2051
f 2029/2029/2029 2052/2052/2052 2030/2030/2030
f 2008/2008/2008 2029/2029/2029 2009/2009/2009
f 2029/2029/2029 2030/2030/2030 2009/2009/2009
f 2548/2548/2548 2580/2580/2580 2581/2581/2581
f 2548/2548/2548 2547/2547/2547 2580/2580/2580
f 2639/2639/2639 2677/2677/2677 2640/2640/2640
f 2677/2677/2677 2678/2678/2678 2640/2640/2640
f 2573/2573/2573 2611/2611/2611 2574/2574/2574
f 2611/2611/2611 2573/2573/2573 2610/2610/2610
f 2611/2611/2611 2575/2575/2575 2574/2574/2574
f 2575/2575/2575 2611/2611/2611 2612/2612/2612
f 2611/2611/2611 2610/2610/2610 2640/2640/2640
f 2641/2641/2641 2611/2611/2611 2640/2640/2640
f 2611/2611/2611 2642/2642/2642 2612/2612/2612
f 2611/2611/2611 2641/2641/2641 2642/2642/2642
f 1633/1633/1633 1603/1603/1603 1602/1602/1602
f 1603/1603/1603 1633/1633/1633 1634/1634/1634
f 1603/1603/1603 1577/1577/1577 1576/1576/1576
f 1603/1603/1603 1576/1576/1576 1602/1602/1602
f 1604/1604/1604 1603/1603/1603 1635/1635/1635
f 1635/1635/1635 1603/1603/1603 1634/1634/1634
f 1577/1577/1577 1603/1603/1603 1578/1578/1578
f 1603/1603/1603 1604/1604/1604 1578/1578/1578
f 1669/1669/1669 1633/1633/1633 1668/1668/1668
f 1633/1633/1633 1669/1669/1669 1634/1634/1634
f 1692/1692/1692 1669/1669/1669 1668/1668/1668
f 1693/1693/1693 1669/1669/1669 1692/1692/1692
f 1669/1669/1669 1635/1635/1635 1634/1634/1634
f 1669/1669/1669 1670/1670/1670 1635/1635/1635
f 1669/1669/1669 1693/1693/1693 1694/1694/1694
f 1670/1670/1670 1669/1669/1669 1694/1694/1694
f 2685/2685/2685 2649/2649/2649 2648/2648/2648
f 2649/2649/2649 2685/2685/2685 2686/2686/2686
f 2649/2649/2649 2618/2618/2618 2648/2648/2648
f 2649/2649/2649 2619/2619/2619 2618/2618/2618
f 2038/2038/2038 2036/2036/2036 2057/2057/2057
f 2055/2055/2055 2038/2038/2038 2057/2057/2057
f 2577/2577/2577 2578/2578/2578 2545/2545/2545
f 2544/2544/2544 2577/2577/2577 2545/2545/2545
f 2577/2577/2577 2544/2544/2544 2543/2543/2543
f 2576/2576/2576 2577/2577/2577 2543/2543/2543
f 2131/2131/2131 2132/2132/2132 2102/2102/2102
f 2102/2102/2102 2132/2132/2132 2103/2103/2103
f 2208/2208/2208 2182/2182/2182 2181/2181/2181
f 2207/2207/2207 2208/2208/2208 2181/2181/2181
f 2208/2208/2208 2183/2183/2183 2182/2182/2182
f 2208/2208/2208 2209/2209/2209 2183/2183/2183
f 2000/2000/2000 1968/1968/1968 1999/1999/1999
f 1969/1969/1969 1968/1968/1968 2000/2000/2000
f 1968/1968/1968 1969/1969/1969 1940/1940/1940
f 1968/1968/1968 1940/1940/1940 1939/1939/1939
f 1836/1836/1836 1812/1812/1812 1835/1835/1835
f 1812/1812/1812 1836/1836/1836 1813/1813/1813
f 1787/1787/1787 1786/1786/1786 1813/1813/1813
f 1786/1786/1786 1812/1812/1812 1813/1813/1813
f 2006/2006/2006 2026/2026/2026 2027/2027/2027
f 2006/2006/2006 2005/2005/2005 2026/2026/2026
f 2006/2006/2006 2028/2028/2028 2007/2007/2007
f 2028/2028/2028 2006/2006/2006 2027/2027/2027
f 2005/2005/2005 2006/2006/2006 1974/1974/1974
f 2006/2006/2006 1975/1975/1975 1974/1974/1974
f 2006/2006/2006 2007/2007/2007 1976/1976/1976
f 1975/1975/1975 2006/2006/2006 1976/1976/1976
f 1862/1862/1862 1889/1889/1889 1890/1890/1890
f 1889/1889/1889 1862/1862/1862 1861/1861/1861
f 1891/1891/1891 1862/1862/1862 1890/1890/1890
f 1863/1863/1863 1862/1862/1862 1891/1891/1891
f 1819/1819/1819 1820/1820/1820 1794/1794/1794
f 1793/1793/1793 1819/1819/1819 1794/1794/1794
f 1819/1819/1819 1842/1842/1842 1843/1843/1843
f 1819/1819/1819 1843/1843/1843 1820/1820/1820
f 2044/2044/2044 2021/2021/2021 2043/2043/2043
f 2044/2044/2044 2022/2022/2022 2021/2021/2021
f 2044/2044/2044 2069/2069/2069 2070/2070/2070
f 2069/2069/2069 2044/2044/2044 2043/2043/2043
f 2044/2044/2044 2023/2023/2023 2022/2022/2022
f 2044/2044/2044 2045/2045/2045 2023/2023/2023
f 2071/2071/2071 2044/2044/2044 2070/2070/2070
f 2045/2045/2045 2044/2044/2044 2071/2071/2071
f 1926/1926/1926 1949/1949/1949 1950/1950/1950
f 1927/1927/1927 1926/1926/1926 1950/1950/1950
f 1949/1949/1949 1926/1926/1926 1948/1948/1948
f 1926/1926/1926 1925/1925/1925 1948/1948/1948
f 1641/1641/1641 1610/1610/1610 1609/1609/1609
f 1640/1640/1640 1641/1641/1641 1609/1609/1609
f 1641/1641/1641 1640/1640/1640 1675/1675/1675
f 1676/1676/1676 1641/1641/1641 1675/1675/1675
f 1730/1730/1730 1700/1700/1700 1699/1699/1699
f 1700/1700/1700 1730/1730/1730 1731/1731/1731
f 1700/1700/1700 1675/1675/1675 1699/1699/1699
f 1700/1700/1700 1676/1676/1676 1675/1675/1675
f 1868/1868/1868 1867/1867/1867 1895/1895/1895
f 1896/1896/1896 1868/1868/1868 1895/1895/1895
f 1867/1867/1867 1868/1868/1868 1843/1843/1843
f 1868/1868/1868 1844/1844/1844 1843/1843/1843
f 1845/1845/1845 1868/1868/1868 1869/1869/1869
f 1844/1844/1844 1868/1868/1868 1845/1845/1845
f 2031/2031/2031 2010/2010/2010 2009/2009/2009
f 2030/2030/2030 2031/2031/2031 2009/2009/2009
f 2078/2078/2078 2077/2077/2077 2106/2106/2106
f 2107/2107/2107 2078/2078/2078 2106/2106/2106
f 2077/2077/2077 2078/2078/2078 2051/2051/2051
f 2078/2078/2078 2052/2052/2052 2051/2051/2051
f 1601/1601/1601 1575/1575/1575 1600/1600/1600
f 1575/1575/1575 1574/1574/1574 1600/1600/1600
f 1575/1575/1575 1601/1601/1601 1602/1602/1602
f 1576/1576/1576 1575/1575/1575 1602/1602/1602
f 2291/2291/2291 2292/2292/2292 2266/2266/2266
f 2291/2291/2291 2266/2266/2266 2265/2265/2265
f 2638/2638/2638 2639/2639/2639 2609/2609/2609
f 2608/2608/2608 2638/2638/2638 2609/2609/2609
f 2531/2531/2531 2532/2532/2532 2535/2535/2535
f 2535/2535/2535 2532/2532/2532 2534/2534/2534
f 1721/1721/1721 1757/1757/1757 1758/1758/1758
f 1720/1720/1720 1757/1757/1757 1721/1721/1721
f 1757/1757/1757 1787/1787/1787 1758/1758/1758
f 1757/1757/1757 1786/1786/1786 1787/1787/1787
f 2614/2614/2614 2613/2613/2613 2643/2643/2643
f 2614/2614/2614 2643/2643/2643 2644/2644/2644
f 2614/2614/2614 2645/2645/2645 2615/2615/2615
f 2645/2645/2645 2614/2614/2614 2644/2644/2644
f 2614/2614/2614 2576/2576/2576 2613/2613/2613
f 2614/2614/2614 2577/2577/2577 2576/2576/2576
f 2578/2578/2578 2614/2614/2614 2615/2615/2615
f 2577/2577/2577 2614/2614/2614 2578/2578/2578
f 2185/2185/2185 2159/2159/2159 2158/2158/2158
f 2186/2186/2186 2159/2159/2159 2185/2185/2185
f 2159/2159/2159 2131/2131/2131 2158/2158/2158
f 2159/2159/2159 2132/2132/2132 2131/2131/2131
f 2236/2236/2236 2235/2235/2235 2266/2266/2266
f 2266/2266/2266 2235/2235/2235 2265/2265/2265
f 2235/2235/2235 2236/2236/2236 2210/2210/2210
f 2209/2209/2209 2235/2235/2235 2210/2210/2210
f 1839/1839/1839 1863/1863/1863 1864/1864/1864
f 1840/1840/1840 1839/1839/1839 1864/1864/1864
f 1791/1791/1791 1818/1818/1818 1792/1792/1792
f 1817/1817/1817 1818/1818/1818 1791/1791/1791
f 1818/1818/1818 1793/1793/1793 1792/1792/1792
f 1818/1818/1818 1819/1819/1819 1793/1793/1793
f 1868/1868/1868 1897/1897/1897 1869/1869/1869
f 1897/1897/1897 1868/1868/1868 1896/1896/1896
f 1897/1897/1897 1870/1870/1870 1869/1869/1869
f 1870/1870/1870 1897/1897/1897 1898/1898/1898
f 1925/1925/1925 1897/1897/1897 1896/1896/1896
f 1926/1926/1926 1897/1897/1897 1925/1925/1925
f 1897/1897/1897 1926/1926/1926 1927/1927/1927
f 1897/1897/1897 1927/1927/1927 1898/1898/1898
f 1823/1823/1823 1845/1845/1845 1846/1846/1846
f 1845/1845/1845 1823/1823/1823 1822/1822/1822
f 1823/1823/1823 1796/1796/1796 1822/1822/1822
f 1823/1823/1823 1797/1797/1797 1796/1796/1796
f 1768/1768/1768 1730/1730/1730 1767/1767/1767
f 1730/1730/1730 1768/1768/1768 1731/1731/1731
f 1768/1768/1768 1767/1767/1767 1796/1796/1796
f 1797/1797/1797 1768/1768/1768 1796/1796/1796
f 2052/2052/2052 2053/2053/2053 2030/2030/2030
f 2053/2053/2053 2031/2031/2031 2030/2030/2030
f 2077/2077/2077 2105/2105/2105 2106/2106/2106
f 2105/2105/2105 2077/2077/2077 2076/2076/2076
f 2582/2582/2582 2548/2548/2548 2581/2581/2581
f 2582/2582/2582 2549/2549/2549 2548/2548/2548
f 2618/2618/2618 2582/2582/2582 2581/2581/2581
f 2619/2619/2619 2582/2582/2582 2618/2618/2618
f 2290/2290/2290 2291/2291/2291 2265/2265/2265
f 2264/2264/2264 2290/2290/2290 2265/2265/2265
f 2290/2290/2290 2263/2263/2263 2289/2289/2289
f 2290/2290/2290 2264/2264/2264 2263/2263/2263
f 1663/1663/1663 1664/1664/1664 1680/1680/1680
f 1664/1664/1664 1679/1679/1679 1680/1680/1680
f 2136/2136/2136 2107/2107/2107 2106/2106/2106
f 2135/2135/2135 2136/2136/2136 2106/2106/2106
f 2136/2136/2136 2108/2108/2108 2107/2107/2107
f 2108/2108/2108 2136/2136/2136 2137/2137/2137
f 2017/2017/2017 2015/2015/2015 2019/2019/2019
f 2015/2015/2015 2014/2014/2014 2019/2019/2019
f 2268/2268/2268 2267/2267/2267 2293/2293/2293
f 2294/2294/2294 2268/2268/2268 2293/2293/2293
f 2295/2295/2295 2268/2268/2268 2294/2294/2294
f 2268/2268/2268 2295/2295/2295 2269/2269/2269
f 2233/2233/2233 2234/2234/2234 2207/2207/2207
f 2234/2234/2234 2208/2208/2208 2207/2207/2207
f 2234/2234/2234 2233/2233/2233 2263/2263/2263
f 2264/2264/2264 2234/2234/2234 2263/2263/2263
f 2208/2208/2208 2234/2234/2234 2209/2209/2209
f 2234/2234/2234 2235/2235/2235 2209/2209/2209
f 2234/2234/2234 2264/2264/2264 2265/2265/2265
f 2235/2235/2235 2234/2234/2234 2265/2265/2265
f 1807/1807/1807 1802/1802/1802 1803/1803/1803
f 1807/1807/1807 1803/1803/1803 1806/1806/1806
f 1816/1816/1816 1791/1791/1791 1790/1790/1790
f 1816/1816/1816 1817/1817/1817 1791/1791/1791
f 1816/1816/1816 1839/1839/1839 1840/1840/1840
f 1817/1817/1817 1816/1816/1816 1840/1840/1840
f 1838/1838/1838 1837/1837/1837 1861/1861/1861
f 1862/1862/1862 1838/1838/1838 1861/1861/1861
f 1838/1838/1838 1862/1862/1862 1863/1863/1863
f 1839/1839/1839 1838/1838/1838 1863/1863/1863
f 1841/1841/1841 1865/1865/1865 1866/1866/1866
f 1842/1842/1842 1841/1841/1841 1866/1866/1866
f 1865/1865/1865 1841/1841/1841 1864/1864/1864
f 1841/1841/1841 1840/1840/1840 1864/1864/1864
f 1819/1819/1819 1841/1841/1841 1842/1842/1842
f 1818/1818/1818 1841/1841/1841 1819/1819/1819
f 1841/1841/1841 1818/1818/1818 1817/1817/1817
f 1841/1841/1841 1817/1817/1817 1840/1840/1840
f 1827/1827/1827 1831/1831/1831 1828/1828/1828
f 1831/1831/1831 1827/1827/1827 1832/1832/1832
f 2104/2104/2104 2074/2074/2074 2103/2103/2103
f 2104/2104/2104 2075/2075/2075 2074/2074/2074
f 2075/2075/2075 2104/2104/2104 2076/2076/2076
f 2104/2104/2104 2105/2105/2105 2076/2076/2076
f 2078/2078/2078 2079/2079/2079 2052/2052/2052
f 2079/2079/2079 2053/2053/2053 2052/2052/2052
f 2079/2079/2079 2078/2078/2078 2107/2107/2107
f 2108/2108/2108 2079/2079/2079 2107/2107/2107
f 2163/2163/2163 2136/2136/2136 2135/2135/2135
f 2163/2163/2163 2135/2135/2135 2162/2162/2162
f 2136/2136/2136 2163/2163/2163 2137/2137/2137
f 2163/2163/2163 2164/2164/2164 2137/2137/2137
f 1995/1995/1995 1992/1992/1992 1991/1991/1991
f 1996/1996/1996 1995/1995/1995 1991/1991/1991
f 2187/2187/2187 2159/2159/2159 2186/2186/2186
f 2159/2159/2159 2187/2187/2187 2160/2160/2160
f 2160/2160/2160 2188/2188/2188 2161/2161/2161
f 2187/2187/2187 2188/2188/2188 2160/2160/2160
f 2080/2080/2080 2063/2063/2063 2064/2064/2064
f 2067/2067/2067 2080/2080/2080 2064/2064/2064
f 1789/1789/1789 1815/1815/1815 1790/1790/1790
f 1815/1815/1815 1816/1816/1816 1790/1790/1790
f 1815/1815/1815 1789/1789/1789 1788/1788/1788
f 1814/1814/1814 1815/1815/1815 1788/1788/1788
f 1816/1816/1816 1815/1815/1815 1839/1839/1839
f 1815/1815/1815 1838/1838/1838 1839/1839/1839
f 1815/1815/1815 1814/1814/1814 1837/1837/1837
f 1838/1838/1838 1815/1815/1815 1837/1837/1837
f 1706/1706/1706 1710/1710/1710 1708/1708/1708
f 1711/1711/1711 1710/1710/1710 1706/1706/1706
f 2159/2159/2159 2133/2133/2133 2132/2132/2132
f 2133/2133/2133 2159/2159/2159 2160/2160/2160
f 2132/2132/2132 2133/2133/2133 2103/2103/2103
f 2133/2133/2133 2104/2104/2104 2103/2103/2103
f 2597/2597/2597 2582/2582/2582 2619/2619/2619
f 2597/2597/2597 2595/2595/2595 2582/2582/2582
f 2296/2296/2296 2271/2271/2271 2270/2270/2270
f 2271/2271/2271 2296/2296/2296 2297/2297/2297
f 2295/2295/2295 2296/2296/2296 2269/2269/2269
f 2296/2296/2296 2270/2270/2270 2269/2269/2269
f 1625/1625/1625 1629/1629/1629 1623/1623/1623
f 1629/1629/1629 1643/1643/1643 1623/1623/1623
f 2190/2190/2190 2216/2216/2216 2217/2217/2217
f 2191/2191/2191 2190/2190/2190 2217/2217/2217
f 2163/2163/2163 2190/2190/2190 2164/2164/2164
f 2164/2164/2164 2190/2190/2190 2191/2191/2191
f 2213/2213/2213 2188/2188/2188 2187/2187/2187
f 2188/2188/2188 2213/2213/2213 2214/2214/2214
f 1798/1798/1798 1785/1785/1785 1784/1784/1784
f 1799/1799/1799 1798/1798/1798 1784/1784/1784
f 2105/2105/2105 2134/2134/2134 2106/2106/2106
f 2134/2134/2134 2135/2135/2135 2106/2106/2106
f 2135/2135/2135 2134/2134/2134 2162/2162/2162
f 2162/2162/2162 2134/2134/2134 2161/2161/2161
f 2104/2104/2104 2134/2134/2134 2105/2105/2105
f 2133/2133/2133 2134/2134/2134 2104/2104/2104
f 2134/2134/2134 2160/2160/2160 2161/2161/2161
f 2134/2134/2134 2133/2133/2133 2160/2160/2160
f 2214/2214/2214 2241/2241/2241 2215/2215/2215
f 2241/2241/2241 2214/2214/2214 2240/2240/2240
f 2271/2271/2271 2241/2241/2241 2270/2270/2270
f 2270/2270/2270 2241/2241/2241 2240/2240/2240
f 2381/2381/2381 2387/2387/2387 2431/2431/2431
f 2387/2387/2387 2422/2422/2422 2431/2431/2431
f 2094/2094/2094 2091/2091/2091 2090/2090/2090
f 2095/2095/2095 2094/2094/2094 2090/2090/2090
f 2143/2143/2143 2140/2140/2140 2139/2139/2139
f 2140/2140/2140 2143/2143/2143 2142/2142/2142
f 2189/2189/2189 2214/2214/2214 2215/2215/2215
f 2189/2189/2189 2188/2188/2188 2214/2214/2214
f 2188/2188/2188 2189/2189/2189 2161/2161/2161
f 2189/2189/2189 2162/2162/2162 2161/2161/2161
f 2190/2190/2190 2189/2189/2189 2216/2216/2216
f 2216/2216/2216 2189/2189/2189 2215/2215/2215
f 2189/2189/2189 2163/2163/2163 2162/2162/2162
f 2189/2189/2189 2190/2190/2190 2163/2163/2163
f 2212/2212/2212 2185/2185/2185 2211/2211/2211
f 2212/2212/2212 2186/2186/2186 2185/2185/2185
f 2212/2212/2212 2187/2187/2187 2186/2186/2186
f 2212/2212/2212 2213/2213/2213 2187/2187/2187
f 1652/1652/1652 1650/1650/1650 1653/1653/1653
f 1652/1652/1652 1651/1651/1651 1650/1650/1650
f 2593/2593/2593 2589/2589/2589 2595/2595/2595
f 2589/2589/2589 2588/2588/2588 2595/2595/2595
f 2298/2298/2298 2271/2271/2271 2297/2297/2297
f 2298/2298/2298 2272/2272/2272 2271/2271/2271
f 2083/2083/2083 2086/2086/2086 2085/2085/2085
f 2086/2086/2086 2083/2083/2083 2087/2087/2087
f 2220/2220/2220 2219/2219/2219 2218/2218/2218
f 2221/2221/2221 2220/2220/2220 2218/2218/2218
f 2238/2238/2238 2237/2237/2237 2267/2267/2267
f 2268/2268/2268 2238/2238/2238 2267/2267/2267
f 2237/2237/2237 2238/2238/2238 2211/2211/2211
f 2238/2238/2238 2212/2212/2212 2211/2211/2211
f 1732/1732/1732 1717/1717/1717 1716/1716/1716
f 1733/1733/1733 1732/1732/1732 1716/1716/1716
f 2298/2298/2298 2273/2273/2273 2272/2272/2272
f 2273/2273/2273 2298/2298/2298 2299/2299/2299
f 2241/2241/2241 2242/2242/2242 2215/2215/2215
f 2242/2242/2242 2216/2216/2216 2215/2215/2215
f 2216/2216/2216 2242/2242/2242 2217/2217/2217
f 2242/2242/2242 2243/2243/2243 2217/2217/2217
f 2242/2242/2242 2241/2241/2241 2271/2271/2271
f 2272/2272/2272 2242/2242/2242 2271/2271/2271
f 2273/2273/2273 2242/2242/2242 2272/2272/2272
f 2242/2242/2242 2273/2273/2273 2243/2243/2243
f 2395/2395/2395 2411/2411/2411 2445/2445/2445
f 2445/2445/2445 2411/2411/2411 2425/2425/2425
f 2213/2213/2213 2239/2239/2239 2214/2214/2214
f 2214/2214/2214 2239/2239/2239 2240/2240/2240
f 2270/2270/2270 2239/2239/2239 2269/2269/2269
f 2239/2239/2239 2270/2270/2270 2240/2240/2240
f 2212/2212/2212 2239/2239/2239 2213/2213/2213
f 2238/2238/2238 2239/2239/2239 2212/2212/2212
f 2239/2239/2239 2268/2268/2268 2269/2269/2269
f 2239/2239/2239 2238/2238/2238 2268/2268/2268
f 2300/2300/2300 2285/2285/2285 2301/2301/2301
f 2287/2287/2287 2285/2285/2285 2300/2300/2300
f 1400/2809/2819 2809/2809/2819 1409/2818/2819
f 1409/2818/2819 2809/2809/2819 2818/2818/2819
f 1409/2818/2820 2818/2818/2820 1399/2808/2820
f 1399/2808/2820 2818/2818/2820 2808/2808/2820
f 1291/2700/2821 2700/2700/2821 1294/2703/2821
f 1294/2703/2821 2700/2700/2821 2703/2703/2821
f 1294/2703/2822 2703/2703/2822 1300/2709/2822
f 1300/2709/2822 2703/2703/2822 2709/2709/2822
f 1306/2715/2823 2715/2715/2823 1348/2757/2823
f 1348/2757/2823 2715/2715/2823 2757/2757/2823
f 1348/2757/2824 2757/2757/2824 1400/2809/2824
f 1400/2809/2824 2757/2757/2824 2809/2809/2824
f 52/1461/2825 1461/1461/2825 82/1491/2825
f 82/1491/2825 1461/1461/2825 1491/1491/2825
f 1347/2756/2826 2756/2756/2826 1329/2738/2826
f 1329/2738/2826 2756/2756/2826 2738/2738/2826
f 1300/2709/2827 2709/2709/2827 1306/2715/2827
f 1306/2715/2827 2709/2709/2827 2715/2715/2827
f 1408/2817/2828 2817/2817/2828 1356/2765/2828
f 1356/2765/2828 2817/2817/2828 2765/2765/2828
f 1398/2807/2829 2807/2807/2829 1408/2817/2829
f 1408/2817/2829 2807/2807/2829 2817/2817/2829
f 1399/2808/2830 2808/2808/2830 1398/2807/2830
f 1398/2807/2830 2808/2808/2830 2807/2807/2830
f 1356/2765/2831 2765/2765/2831 1347/2756/2831
f 1347/2756/2831 2765/2765/2831 2756/2756/2831
f 15/1424/2832 1424/1424/2832 16/1425/2832
f 16/1425/2832 1424/1424/2832 1425/1425/2832
f 34/1443/2833 1443/1443/2833 15/1424/2833
f 15/1424/2833 1443/1443/2833 1424/1424/2833
f 81/1490/2834 1490/1490/2834 62/1471/2834
f 62/1471/2834 1490/1490/2834 1471/1471/2834
f 16/1425/2835 1425/1425/2835 35/1444/2835
f 35/1444/2835 1425/1425/2835 1444/1444/2835
f 35/1444/2836 1444/1444/2836 52/1461/2836
f 52/1461/2836 1444/1444/2836 1461/1461/2836
f 1286/2695/2837 2695/2695/2837 1291/2700/2837
f 1291/2700/2837 2695/2695/2837 2700/2700/2837
f 101/1510/2838 1510/1510/2838 71/1480/2838
f 71/1480/2838 1510/1510/2838 1480/1480/2838
f 28/1437/2839 1437/1437/2839 29/1438/2839
f 29/1438/2839 1437/1437/2839 1438/1438/2839
f 62/1471/2840 1471/1471/2840 13/1422/2840
f 13/1422/2840 1471/1471/2840 1422/1422/2840
f 145/1554/2841 1554/1554/2841 142/1551/2841
f 142/1551/2841 1554/1554/2841 1551/1551/2841
f 1261/2670/2842 2670/2670/2842 1281/2690/2842
f 1281/2690/2842 2670/2670/2842 2690/2690/2842
f 1281/2690/2843 2690/2690/2843 1286/2695/2843
f 1286/2695/2843 2690/2690/2843 2695/2695/2843
f 140/1549/2844 1549/1549/2844 146/1555/2844
f 146/1555/2844 1549/1549/2844 1555/1555/2844
f 177/1586/2845 1586/1586/2845 178/1587/2845
f 178/1587/2845 1586/1586/2845 1587/1587/2845
f 164/1573/2846 1573/1573/2846 177/1586/2846
f 177/1586/2846 1573/1573/2846 1586/1586/2846
f 129/1538/2847 1538/1538/2847 131/1540/2847
f 131/1540/2847 1538/1538/2847 1540/1540/2847
f 131/1540/2848 1540/1540/2848 133/1542/2848
f 133/1542/2848 1540/1540/2848 1542/1542/2848
f 133/1542/2849 1542/1542/2849 140/1549/2849
f 140/1549/2849 1542/1542/2849 1549/1549/2849
f 45/1454/2850 1454/1454/2850 64/1473/2850
f 64/1473/2850 1454/1454/2850 1473/1473/2850
f 29/1438/2851 1438/1438/2851 45/1454/2851
f 45/1454/2851 1438/1438/2851 1454/1454/2851
f 9/1418/2852 1418/1418/2852 47/1456/2852
f 47/1456/2852 1418/1418/2852 1456/1456/2852
f 47/1456/2853 1456/1456/2853 70/1479/2853
f 70/1479/2853 1456/1456/2853 1479/1479/2853
f 30/1439/2854 1439/1439/2854 31/1440/2854
f 31/1440/2854 1439/1439/2854 1440/1440/2854
f 179/1588/2855 1588/1588/2855 176/1585/2855
f 176/1585/2855 1588/1588/2855 1585/1585/2855
f 176/1585/2856 1585/1585/2856 163/1572/2856
f 163/1572/2856 1585/1585/2856 1572/1572/2856
f 181/1590/2857 1590/1590/2857 180/1589/2857
f 180/1589/2857 1590/1590/2857 1589/1589/2857
f 180/1589/2858 1589/1589/2858 179/1588/2858
f 179/1588/2858 1589/1589/2858 1588/1588/2858
f 212/1621/2859 1621/1621/2859 210/1619/2859
f 210/1619/2859 1621/1621/2859 1619/1619/2859
f 210/1619/2860 1619/1619/2860 207/1616/2860
f 207/1616/2860 1619/1619/2860 1616/1616/2860
f 1390/2799/2861 2799/2799/2861 1404/2813/2861
f 1404/2813/2861 2799/2799/2861 2813/2813/2861
f 1404/2813/2862 2813/2813/2862 1353/2762/2862
f 1353/2762/2862 2813/2813/2862 2762/2762/2862
f 14/1423/2863 1423/1423/2863 34/1443/2863
f 34/1443/2863 1423/1423/2863 1443/1443/2863
f 13/1422/2864 1422/1422/2864 14/1423/2864
f 14/1423/2864 1422/1422/2864 1423/1423/2864
f 12/1421/2865 1421/1421/2865 1/1410/2865
f 1/1410/2865 1421/1421/2865 1410/1410/2865
f 1/1410/2866 1410/1410/2866 44/1453/2866
f 44/1453/2866 1410/1410/2866 1453/1453/2866
f 44/1453/2867 1453/1453/2867 89/1498/2867
f 89/1498/2867 1453/1453/2867 1498/1498/2867
f 82/1491/2868 1491/1491/2868 85/1494/2868
f 85/1494/2868 1491/1491/2868 1494/1494/2868
f 85/1494/2869 1494/1494/2869 111/1520/2869
f 111/1520/2869 1494/1494/2869 1520/1520/2869
f 214/1623/2870 1623/1623/2870 212/1621/2870
f 212/1621/2870 1623/1623/2870 1621/1621/2870
f 867/2276/2871 2276/2276/2871 866/2275/2871
f 866/2275/2871 2276/2276/2871 2275/2275/2871
f 624/2033/2872 2033/2033/2872 623/2032/2872
f 623/2032/2872 2033/2033/2872 2032/2032/2872
f 625/2034/2873 2034/2034/2873 624/2033/2873
f 624/2033/2873 2034/2034/2873 2033/2033/2873
f 701/2110/2874 2110/2110/2874 684/2093/2874
f 684/2093/2874 2110/2110/2874 2093/2093/2874
f 56/1465/2875 1465/1465/2875 73/1482/2875
f 73/1482/2875 1465/1465/2875 1482/1482/2875
f 73/1482/2876 1482/1482/2876 88/1497/2876
f 88/1497/2876 1482/1482/2876 1497/1497/2876
f 146/1555/2877 1555/1555/2877 155/1564/2877
f 155/1564/2877 1555/1555/2877 1564/1564/2877
f 155/1564/2878 1564/1564/2878 164/1573/2878
f 164/1573/2878 1564/1564/2878 1573/1573/2878
f 24/1433/2879 1433/1433/2879 25/1434/2879
f 25/1434/2879 1433/1433/2879 1434/1434/2879
f 25/1434/2880 1434/1434/2880 56/1465/2880
f 56/1465/2880 1434/1434/2880 1465/1465/2880
f 115/1524/2881 1524/1524/2881 129/1538/2881
f 129/1538/2881 1524/1524/2881 1538/1538/2881
f 105/1514/2882 1514/1514/2882 69/1478/2882
f 69/1478/2882 1514/1514/2882 1478/1478/2882
f 88/1497/2883 1497/1497/2883 115/1524/2883
f 115/1524/2883 1497/1497/2883 1524/1524/2883
f 20/1429/2884 1429/1429/2884 21/1430/2884
f 21/1430/2884 1429/1429/2884 1430/1430/2884
f 61/1470/2885 1470/1470/2885 48/1457/2885
f 48/1457/2885 1470/1470/2885 1457/1457/2885
f 48/1457/2886 1457/1457/2886 30/1439/2886
f 30/1439/2886 1457/1457/2886 1439/1439/2886
f 149/1558/2887 1558/1558/2887 136/1545/2887
f 136/1545/2887 1558/1558/2887 1545/1545/2887
f 163/1572/2888 1572/1572/2888 162/1571/2888
f 162/1571/2888 1572/1572/2888 1571/1571/2888
f 162/1571/2889 1571/1571/2889 161/1570/2889
f 161/1570/2889 1571/1571/2889 1570/1570/2889
f 184/1593/2890 1593/1593/2890 181/1590/2890
f 181/1590/2890 1593/1593/2890 1590/1590/2890
f 1397/2806/2891 2806/2806/2891 1396/2805/2891
f 1396/2805/2891 2806/2806/2891 2805/2805/2891
f 1350/2759/2892 2759/2759/2892 1366/2775/2892
f 1366/2775/2892 2759/2759/2892 2775/2775/2892
f 1366/2775/2893 2775/2775/2893 1397/2806/2893
f 1397/2806/2893 2775/2775/2893 2806/2806/2893
f 1406/2815/2894 2815/2815/2894 1405/2814/2894
f 1405/2814/2894 2815/2815/2894 2814/2814/2894
f 1359/2768/2895 2768/2768/2895 1344/2753/2895
f 1344/2753/2895 2768/2768/2895 2753/2753/2895
f 135/1544/2896 1544/1544/2896 138/1547/2896
f 138/1547/2896 1544/1544/2896 1547/1547/2896
f 138/1547/2897 1547/1547/2897 139/1548/2897
f 139/1548/2897 1547/1547/2897 1548/1548/2897
f 139/1548/2898 1548/1548/2898 141/1550/2898
f 141/1550/2898 1548/1548/2898 1550/1550/2898
f 97/1506/2899 1506/1506/2899 76/1485/2899
f 76/1485/2899 1506/1506/2899 1485/1485/2899
f 76/1485/2900 1485/1485/2900 58/1467/2900
f 58/1467/2900 1485/1485/2900 1467/1467/2900
f 11/1420/2901 1420/1420/2901 12/1421/2901
f 12/1421/2901 1420/1420/2901 1421/1421/2901
f 58/1467/2902 1467/1467/2902 11/1420/2902
f 11/1420/2902 1467/1467/2902 1420/1420/2902
f 89/1498/2903 1498/1498/2903 108/1517/2903
f 108/1517/2903 1498/1498/2903 1517/1517/2903
f 108/1517/2904 1517/1517/2904 109/1518/2904
f 109/1518/2904 1517/1517/2904 1518/1518/2904
f 130/1539/2905 1539/1539/2905 126/1535/2905
f 126/1535/2905 1539/1539/2905 1535/1535/2905
f 134/1543/2906 1543/1543/2906 130/1539/2906
f 130/1539/2906 1543/1543/2906 1539/1539/2906
f 100/1509/2907 1509/1509/2907 101/1510/2907
f 101/1510/2907 1509/1509/2907 1510/1510/2907
f 147/1556/2908 1556/1556/2908 148/1557/2908
f 148/1557/2908 1556/1556/2908 1557/1557/2908
f 148/1557/2909 1557/1557/2909 150/1559/2909
f 150/1559/2909 1557/1557/2909 1559/1559/2909
f 294/1703/2910 1703/1703/2910 277/1686/2910
f 277/1686/2910 1703/1703/2910 1686/1686/2910
f 277/1686/2911 1686/1686/2911 276/1685/2911
f 276/1685/2911 1686/1686/2911 1685/1685/2911
f 1247/2656/2912 2656/2656/2912 1249/2658/2912
f 1249/2658/2912 2656/2656/2912 2658/2658/2912
f 1252/2661/2913 2661/2661/2913 1255/2664/2913
f 1255/2664/2913 2661/2661/2913 2664/2664/2913
f 1251/2660/2914 2660/2660/2914 1252/2661/2914
f 1252/2661/2914 2660/2660/2914 2661/2661/2914
f 1249/2658/2915 2658/2658/2915 1251/2660/2915
f 1251/2660/2915 2658/2658/2915 2660/2660/2915
f 868/2277/2916 2277/2277/2916 867/2276/2916
f 867/2276/2916 2277/2277/2916 2276/2276/2916
f 844/2253/2917 2253/2253/2917 838/2247/2917
f 838/2247/2917 2253/2253/2917 2247/2247/2917
f 847/2256/2918 2256/2256/2918 844/2253/2918
f 844/2253/2918 2256/2256/2918 2253/2253/2918
f 603/2012/2919 2012/2012/2919 602/2011/2919
f 602/2011/2919 2012/2012/2919 2011/2011/2919
f 607/2016/2920 2016/2016/2920 603/2012/2920
f 603/2012/2920 2016/2016/2920 2012/2012/2920
f 623/2032/2921 2032/2032/2921 609/2018/2921
f 609/2018/2921 2032/2032/2921 2018/2018/2921
f 609/2018/2922 2018/2018/2922 607/2016/2922
f 607/2016/2922 2018/2018/2922 2016/2016/2922
f 732/2141/2923 2141/2141/2923 729/2138/2923
f 729/2138/2923 2141/2141/2923 2138/2138/2923
f 492/1901/2924 1901/1901/2924 495/1904/2924
f 495/1904/2924 1901/1901/2924 1904/1904/2924
f 547/1956/2925 1956/1956/2925 551/1960/2925
f 551/1960/2925 1956/1956/2925 1960/1960/2925
f 104/1513/2926 1513/1513/2926 105/1514/2926
f 105/1514/2926 1513/1513/2926 1514/1514/2926
f 103/1512/2927 1512/1512/2927 87/1496/2927
f 87/1496/2927 1512/1512/2927 1496/1496/2927
f 80/1489/2928 1489/1489/2928 61/1470/2928
f 61/1470/2928 1489/1489/2928 1470/1470/2928
f 127/1536/2929 1536/1536/2929 114/1523/2929
f 114/1523/2929 1536/1536/2929 1523/1523/2929
f 136/1545/2930 1545/1545/2930 127/1536/2930
f 127/1536/2930 1545/1545/2930 1536/1536/2930
f 74/1483/2931 1483/1483/2931 26/1435/2931
f 26/1435/2931 1483/1483/2931 1435/1435/2931
f 26/1435/2932 1435/1435/2932 27/1436/2932
f 27/1436/2932 1435/1435/2932 1436/1436/2932
f 110/1519/2933 1519/1519/2933 74/1483/2933
f 74/1483/2933 1519/1519/2933 1483/1483/2933
f 114/1523/2934 1523/1523/2934 110/1519/2934
f 110/1519/2934 1523/1523/2934 1519/1519/2934
f 156/1565/2935 1565/1565/2935 149/1558/2935
f 149/1558/2935 1565/1565/2935 1558/1558/2935
f 161/1570/2936 1570/1570/2936 156/1565/2936
f 156/1565/2936 1570/1570/2936 1565/1565/2936
f 185/1594/2937 1594/1594/2937 184/1593/2937
f 184/1593/2937 1594/1594/2937 1593/1593/2937
f 189/1598/2938 1598/1598/2938 186/1595/2938
f 186/1595/2938 1598/1598/2938 1595/1595/2938
f 186/1595/2939 1595/1595/2939 185/1594/2939
f 185/1594/2939 1595/1595/2939 1594/1594/2939
f 1329/2738/2940 2738/2738/2940 1325/2734/2940
f 1325/2734/2940 2738/2738/2940 2734/2734/2940
f 1362/2771/2941 2771/2771/2941 1406/2815/2941
f 1406/2815/2941 2771/2771/2941 2815/2815/2941
f 1337/2746/2942 2746/2746/2942 1362/2771/2942
f 1362/2771/2942 2746/2746/2942 2771/2771/2942
f 1372/2781/2943 2781/2781/2943 1359/2768/2943
f 1359/2768/2943 2781/2781/2943 2768/2768/2943
f 1405/2814/2944 2814/2814/2944 1372/2781/2944
f 1372/2781/2944 2814/2814/2944 2781/2781/2944
f 1353/2762/2945 2762/2762/2945 1333/2742/2945
f 1333/2742/2945 2762/2762/2945 2742/2742/2945
f 1333/2742/2946 2742/2742/2946 1319/2728/2946
f 1319/2728/2946 2742/2742/2946 2728/2728/2946
f 1284/2693/2947 2693/2693/2947 1285/2694/2947
f 1285/2694/2947 2693/2693/2947 2694/2694/2947
f 1285/2694/2948 2694/2694/2948 1289/2698/2948
f 1289/2698/2948 2694/2694/2948 2698/2698/2948
f 1151/2560/2949 2560/2560/2949 1147/2556/2949
f 1147/2556/2949 2560/2560/2949 2556/2556/2949
f 1141/2550/2950 2550/2550/2950 1126/2535/2950
f 1126/2535/2950 2550/2550/2950 2535/2535/2950
f 1158/2567/2951 2567/2567/2951 1155/2564/2951
f 1155/2564/2951 2567/2567/2951 2564/2564/2951
f 128/1537/2952 1537/1537/2952 132/1541/2952
f 132/1541/2952 1537/1537/2952 1541/1541/2952
f 132/1541/2953 1541/1541/2953 135/1544/2953
f 135/1544/2953 1541/1541/2953 1544/1544/2953
f 117/1526/2954 1526/1526/2954 128/1537/2954
f 128/1537/2954 1526/1526/2954 1537/1537/2954
f 111/1520/2955 1520/1520/2955 113/1522/2955
f 113/1522/2955 1520/1520/2955 1522/1522/2955
f 113/1522/2956 1522/1522/2956 117/1526/2956
f 117/1526/2956 1522/1522/2956 1526/1526/2956
f 109/1518/2957 1518/1518/2957 81/1490/2957
f 81/1490/2957 1518/1518/2957 1490/1490/2957
f 75/1484/2958 1484/1484/2958 96/1505/2958
f 96/1505/2958 1484/1484/2958 1505/1505/2958
f 96/1505/2959 1505/1505/2959 97/1506/2959
f 97/1506/2959 1505/1505/2959 1506/1506/2959
f 144/1553/2960 1553/1553/2960 147/1556/2960
f 147/1556/2960 1553/1553/2960 1556/1556/2960
f 143/1552/2961 1552/1552/2961 144/1553/2961
f 144/1553/2961 1552/1552/2961 1553/1553/2961
f 141/1550/2962 1550/1550/2962 143/1552/2962
f 143/1552/2962 1550/1550/2962 1552/1552/2962
f 151/1560/2963 1560/1560/2963 157/1566/2963
f 157/1566/2963 1560/1560/2963 1566/1566/2963
f 150/1559/2964 1559/1559/2964 151/1560/2964
f 151/1560/2964 1559/1559/2964 1560/1560/2964
f 142/1551/2965 1551/1551/2965 137/1546/2965
f 137/1546/2965 1551/1551/2965 1546/1546/2965
f 137/1546/2966 1546/1546/2966 134/1543/2966
f 134/1543/2966 1546/1546/2966 1543/1543/2966
f 68/1477/2967 1477/1477/2967 90/1499/2967
f 90/1499/2967 1477/1477/2967 1499/1499/2967
f 90/1499/2968 1499/1499/2968 100/1509/2968
f 100/1509/2968 1499/1499/2968 1509/1509/2968
f 40/1449/2969 1449/1449/2969 20/1429/2969
f 20/1429/2969 1449/1449/2969 1429/1429/2969
f 71/1480/2970 1480/1480/2970 40/1449/2970
f 40/1449/2970 1480/1480/2970 1449/1449/2970
f 154/1563/2971 1563/1563/2971 145/1554/2971
f 145/1554/2971 1563/1563/2971 1554/1554/2971
f 159/1568/2972 1568/1568/2972 153/1562/2972
f 153/1562/2972 1568/1568/2972 1562/1562/2972
f 153/1562/2973 1562/1562/2973 154/1563/2973
f 154/1563/2973 1562/1562/2973 1563/1563/2973
f 602/2011/2974 2011/2011/2974 585/1994/2974
f 585/1994/2974 2011/2011/2974 1994/1994/2974
f 581/1990/2975 1990/1990/2975 580/1989/2975
f 580/1989/2975 1990/1990/2975 1989/1989/2975
f 584/1993/2976 1993/1993/2976 581/1990/2976
f 581/1990/2976 1993/1993/2976 1990/1990/2976
f 585/1994/2977 1994/1994/2977 584/1993/2977
f 584/1993/2977 1994/1994/2977 1993/1993/2977
f 205/1614/2978 1614/1614/2978 204/1613/2978
f 204/1613/2978 1614/1614/2978 1613/1613/2978
f 207/1616/2979 1616/1616/2979 206/1615/2979
f 206/1615/2979 1616/1616/2979 1615/1615/2979
f 206/1615/2980 1615/1615/2980 205/1614/2980
f 205/1614/2980 1615/1615/2980 1614/1614/2980
f 295/1704/2981 1704/1704/2981 294/1703/2981
f 294/1703/2981 1704/1704/2981 1703/1703/2981
f 303/1712/2982 1712/1712/2982 300/1709/2982
f 300/1709/2982 1712/1712/2982 1709/1709/2982
f 305/1714/2983 1714/1714/2983 304/1713/2983
f 304/1713/2983 1714/1714/2983 1713/1713/2983
f 304/1713/2984 1713/1713/2984 303/1712/2984
f 303/1712/2984 1713/1713/2984 1712/1712/2984
f 577/1986/2985 1986/1986/2985 579/1988/2985
f 579/1988/2985 1986/1986/2985 1988/1988/2985
f 579/1988/2986 1988/1988/2986 582/1991/2986
f 582/1991/2986 1988/1988/2986 1991/1991/2986
f 546/1955/2987 1955/1955/2987 547/1956/2987
f 547/1956/2987 1955/1955/2987 1956/1956/2987
f 545/1954/2988 1954/1954/2988 546/1955/2988
f 546/1955/2988 1954/1954/2988 1955/1955/2988
f 915/2324/2989 2324/2324/2989 949/2358/2989
f 949/2358/2989 2324/2324/2989 2358/2358/2989
f 935/2344/2990 2344/2344/2990 915/2324/2990
f 915/2324/2990 2344/2344/2990 2324/2324/2990
f 760/2169/2991 2169/2169/2991 743/2152/2991
f 743/2152/2991 2169/2169/2991 2152/2152/2991
f 866/2275/2992 2275/2275/2992 852/2261/2992
f 852/2261/2992 2275/2275/2992 2261/2261/2992
f 852/2261/2993 2261/2261/2993 847/2256/2993
f 847/2256/2993 2261/2261/2993 2256/2256/2993
f 837/2246/2994 2246/2246/2994 836/2245/2994
f 836/2245/2994 2246/2246/2994 2245/2245/2994
f 838/2247/2995 2247/2247/2995 837/2246/2995
f 837/2246/2995 2247/2247/2995 2246/2246/2995
f 650/2059/2996 2059/2059/2996 649/2058/2996
f 649/2058/2996 2059/2059/2996 2058/2058/2996
f 651/2060/2997 2060/2060/2997 650/2059/2997
f 650/2059/2997 2060/2060/2997 2059/2059/2997
f 631/2040/2998 2040/2040/2998 630/2039/2998
f 630/2039/2998 2040/2040/2998 2039/2039/2998
f 680/2089/2999 2089/2089/2999 679/2088/2999
f 679/2088/2999 2089/2089/2999 2088/2088/2999
f 580/1989/3000 1989/1989/3000 578/1987/3000
f 578/1987/3000 1989/1989/3000 1987/1987/3000
f 548/1957/3001 1957/1957/3001 542/1951/3001
f 542/1951/3001 1957/1957/3001 1951/1951/3001
f 549/1958/3002 1958/1958/3002 548/1957/3002
f 548/1957/3002 1958/1958/3002 1957/1957/3002
f 525/1934/3003 1934/1934/3003 524/1933/3003
f 524/1933/3003 1934/1934/3003 1933/1933/3003
f 524/1933/3004 1933/1933/3004 506/1915/3004
f 506/1915/3004 1933/1933/3004 1915/1915/3004
f 503/1912/3005 1912/1912/3005 519/1928/3005
f 519/1928/3005 1912/1912/3005 1928/1928/3005
f 574/1983/3006 1983/1983/3006 577/1986/3006
f 577/1986/3006 1983/1983/3006 1986/1986/3006
f 5/1414/3007 1414/1414/3007 24/1433/3007
f 24/1433/3007 1414/1414/3007 1433/1433/3007
f 23/1432/3008 1432/1432/3008 5/1414/3008
f 5/1414/3008 1432/1432/3008 1414/1414/3008
f 69/1478/3009 1478/1478/3009 55/1464/3009
f 55/1464/3009 1478/1478/3009 1464/1464/3009
f 55/1464/3010 1464/1464/3010 23/1432/3010
f 23/1432/3010 1464/1464/3010 1432/1432/3010
f 84/1493/3011 1493/1493/3011 91/1500/3011
f 91/1500/3011 1493/1493/3011 1500/1500/3011
f 91/1500/3012 1500/1500/3012 104/1513/3012
f 104/1513/3012 1500/1500/3012 1513/1513/3012
f 78/1487/3013 1487/1487/3013 102/1511/3013
f 102/1511/3013 1487/1487/3013 1511/1511/3013
f 102/1511/3014 1511/1511/3014 103/1512/3014
f 103/1512/3014 1511/1511/3014 1512/1512/3014
f 67/1476/3015 1476/1476/3015 41/1450/3015
f 41/1450/3015 1476/1476/3015 1450/1450/3015
f 22/1431/3016 1431/1431/3016 42/1451/3016
f 42/1451/3016 1431/1431/3016 1451/1451/3016
f 41/1450/3017 1450/1450/3017 22/1431/3017
f 22/1431/3017 1450/1450/3017 1431/1431/3017
f 107/1516/3018 1516/1516/3018 95/1504/3018
f 95/1504/3018 1516/1516/3018 1504/1504/3018
f 95/1504/3019 1504/1504/3019 80/1489/3019
f 80/1489/3019 1504/1504/3019 1489/1489/3019
f 1325/2734/3020 2734/2734/3020 1324/2733/3020
f 1324/2733/3020 2734/2734/3020 2733/2733/3020
f 1324/2733/3021 2733/2733/3021 1350/2759/3021
f 1350/2759/3021 2733/2733/3021 2759/2759/3021
f 1304/2713/3022 2713/2713/3022 1303/2712/3022
f 1303/2712/3022 2713/2713/3022 2712/2712/3022
f 1303/2712/3023 2712/2712/3023 1301/2710/3023
f 1301/2710/3023 2712/2712/3023 2710/2710/3023
f 1361/2770/3024 2770/2770/3024 1390/2799/3024
f 1390/2799/3024 2770/2770/3024 2799/2799/3024
f 1302/2711/3025 2711/2711/3025 1361/2770/3025
f 1361/2770/3025 2711/2711/3025 2770/2770/3025
f 1289/2698/3026 2698/2698/3026 1295/2704/3026
f 1295/2704/3026 2698/2698/3026 2704/2704/3026
f 1299/2708/3027 2708/2708/3027 1293/2702/3027
f 1293/2702/3027 2708/2708/3027 2702/2702/3027
f 1312/2721/3028 2721/2721/3028 1337/2746/3028
f 1337/2746/3028 2721/2721/3028 2746/2746/3028
f 1305/2714/3029 2714/2714/3029 1299/2708/3029
f 1299/2708/3029 2714/2714/3029 2708/2708/3029
f 1344/2753/3030 2753/2753/3030 1305/2714/3030
f 1305/2714/3030 2753/2753/3030 2714/2714/3030
f 1259/2668/3031 2668/2668/3031 1258/2667/3031
f 1258/2667/3031 2668/2668/3031 2667/2667/3031
f 1264/2673/3032 2673/2673/3032 1263/2672/3032
f 1263/2672/3032 2673/2673/3032 2672/2672/3032
f 1263/2672/3033 2672/2672/3033 1259/2668/3033
f 1259/2668/3033 2672/2672/3033 2668/2668/3033
f 1280/2689/3034 2689/2689/3034 1278/2687/3034
f 1278/2687/3034 2689/2689/3034 2687/2687/3034
f 1071/2480/3035 2480/2480/3035 1058/2467/3035
f 1058/2467/3035 2480/2480/3035 2467/2467/3035
f 1043/2452/3036 2452/2452/3036 1021/2430/3036
f 1021/2430/3036 2452/2452/3036 2430/2430/3036
f 1062/2471/3037 2471/2471/3037 1043/2452/3037
f 1043/2452/3037 2471/2471/3037 2452/2452/3037
f 970/2379/3038 2379/2379/3038 906/2315/3038
f 906/2315/3038 2379/2379/3038 2315/2315/3038
f 1142/2551/3039 2551/2551/3039 1141/2550/3039
f 1141/2550/3039 2551/2551/3039 2550/2550/3039
f 1144/2553/3040 2553/2553/3040 1143/2552/3040
f 1143/2552/3040 2553/2553/3040 2552/2552/3040
f 1143/2552/3041 2552/2552/3041 1142/2551/3041
f 1142/2551/3041 2552/2552/3041 2551/2551/3041
f 1145/2554/3042 2554/2554/3042 1144/2553/3042
f 1144/2553/3042 2554/2554/3042 2553/2553/3042
f 1147/2556/3043 2556/2556/3043 1145/2554/3043
f 1145/2554/3043 2556/2556/3043 2554/2554/3043
f 1160/2569/3044 2569/2569/3044 1158/2567/3044
f 1158/2567/3044 2569/2569/3044 2567/2567/3044
f 1161/2570/3045 2570/2570/3045 1160/2569/3045
f 1160/2569/3045 2570/2570/3045 2569/2569/3045
f 1153/2562/3046 2562/2562/3046 1151/2560/3046
f 1151/2560/3046 2562/2562/3046 2560/2560/3046
f 1155/2564/3047 2564/2564/3047 1153/2562/3047
f 1153/2562/3047 2564/2564/3047 2562/2562/3047
f 1181/2590/3048 2590/2590/3048 1161/2570/3048
f 1161/2570/3048 2590/2590/3048 2570/2570/3048
f 31/1440/3049 1440/1440/3049 10/1419/3049
f 10/1419/3049 1440/1440/3049 1419/1419/3049
f 10/1419/3050 1419/1419/3050 32/1441/3050
f 32/1441/3050 1419/1419/3050 1441/1441/3050
f 32/1441/3051 1441/1441/3051 33/1442/3051
f 33/1442/3051 1441/1441/3051 1442/1442/3051
f 33/1442/3052 1442/1442/3052 57/1466/3052
f 57/1466/3052 1442/1442/3052 1466/1466/3052
f 57/1466/3053 1466/1466/3053 75/1484/3053
f 75/1484/3053 1466/1466/3053 1484/1484/3053
f 50/1459/3054 1459/1459/3054 68/1477/3054
f 68/1477/3054 1459/1459/3054 1477/1477/3054
f 39/1448/3055 1448/1448/3055 50/1459/3055
f 50/1459/3055 1448/1448/3055 1459/1459/3055
f 38/1447/3056 1447/1447/3056 39/1448/3056
f 39/1448/3056 1447/1447/3056 1448/1448/3056
f 99/1508/3057 1508/1508/3057 86/1495/3057
f 86/1495/3057 1508/1508/3057 1495/1495/3057
f 83/1492/3058 1492/1492/3058 98/1507/3058
f 98/1507/3058 1492/1492/3058 1507/1507/3058
f 98/1507/3059 1507/1507/3059 99/1508/3059
f 99/1508/3059 1507/1507/3059 1508/1508/3059
f 77/1486/3060 1486/1486/3060 49/1458/3060
f 49/1458/3060 1486/1486/3060 1458/1458/3060
f 86/1495/3061 1495/1495/3061 77/1486/3061
f 77/1486/3061 1495/1495/3061 1486/1486/3061
f 49/1458/3062 1458/1458/3062 17/1426/3062
f 17/1426/3062 1458/1458/3062 1426/1426/3062
f 17/1426/3063 1426/1426/3063 37/1446/3063
f 37/1446/3063 1426/1426/3063 1446/1446/3063
f 37/1446/3064 1446/1446/3064 18/1427/3064
f 18/1427/3064 1446/1446/3064 1427/1427/3064
f 2/1411/3065 1411/1411/3065 3/1412/3065
f 3/1412/3065 1411/1411/3065 1412/1412/3065
f 3/1412/3066 1412/1412/3066 36/1445/3066
f 36/1445/3066 1412/1412/3066 1445/1445/3066
f 112/1521/3067 1521/1521/3067 106/1515/3067
f 106/1515/3067 1521/1521/3067 1515/1515/3067
f 116/1525/3068 1525/1525/3068 112/1521/3068
f 112/1521/3068 1525/1525/3068 1521/1521/3068
f 296/1705/3069 1705/1705/3069 295/1704/3069
f 295/1704/3069 1705/1705/3069 1704/1704/3069
f 300/1709/3070 1709/1709/3070 298/1707/3070
f 298/1707/3070 1709/1709/3070 1707/1707/3070
f 298/1707/3071 1707/1707/3071 296/1705/3071
f 296/1705/3071 1707/1707/3071 1705/1705/3071
f 245/1654/3072 1654/1654/3072 240/1649/3072
f 240/1649/3072 1654/1654/3072 1649/1649/3072
f 1323/2732/3073 2732/2732/3073 1322/2731/3073
f 1322/2731/3073 2732/2732/3073 2731/2731/3073
f 1255/2664/3074 2664/2664/3074 1261/2670/3074
f 1261/2670/3074 2664/2664/3074 2670/2670/3074
f 552/1961/3075 1961/1961/3075 554/1963/3075
f 554/1963/3075 1961/1961/3075 1963/1963/3075
f 551/1960/3076 1960/1960/3076 552/1961/3076
f 552/1961/3076 1960/1960/3076 1961/1961/3076
f 1025/2434/3077 2434/2434/3077 981/2390/3077
f 981/2390/3077 2434/2434/3077 2390/2390/3077
f 1009/2418/3078 2418/2418/3078 1047/2456/3078
f 1047/2456/3078 2418/2418/3078 2456/2456/3078
f 949/2358/3079 2358/2358/3079 1009/2418/3079
f 1009/2418/3079 2358/2358/3079 2418/2418/3079
f 1008/2417/3080 2417/2417/3080 997/2406/3080
f 997/2406/3080 2417/2417/3080 2406/2406/3080
f 813/2222/3081 2222/2222/3081 796/2205/3081
f 796/2205/3081 2222/2222/3081 2205/2205/3081
f 796/2205/3082 2205/2205/3082 795/2204/3082
f 795/2204/3082 2205/2205/3082 2204/2204/3082
f 795/2204/3083 2204/2204/3083 794/2203/3083
f 794/2203/3083 2204/2204/3083 2203/2203/3083
f 814/2223/3084 2223/2223/3084 813/2222/3084
f 813/2222/3084 2223/2223/3084 2222/2222/3084
f 819/2228/3085 2228/2228/3085 818/2227/3085
f 818/2227/3085 2228/2228/3085 2227/2227/3085
f 836/2245/3086 2245/2245/3086 835/2244/3086
f 835/2244/3086 2245/2245/3086 2244/2244/3086
f 822/2231/3087 2231/2231/3087 821/2230/3087
f 821/2230/3087 2231/2231/3087 2230/2230/3087
f 835/2244/3088 2244/2244/3088 822/2231/3088
f 822/2231/3088 2244/2244/3088 2231/2231/3088
f 906/2315/3089 2315/2315/3089 905/2314/3089
f 905/2314/3089 2315/2315/3089 2314/2314/3089
f 1058/2467/3090 2467/2467/3090 1033/2442/3090
f 1033/2442/3090 2467/2467/3090 2442/2442/3090
f 1066/2475/3091 2475/2475/3091 1008/2417/3091
f 1008/2417/3091 2475/2475/3091 2417/2417/3091
f 1088/2497/3092 2497/2497/3092 1066/2475/3092
f 1066/2475/3092 2497/2497/3092 2475/2475/3092
f 872/2281/3093 2281/2281/3093 871/2280/3093
f 871/2280/3093 2281/2281/3093 2280/2280/3093
f 871/2280/3094 2280/2280/3094 868/2277/3094
f 868/2277/3094 2280/2280/3094 2277/2277/3094
f 894/2303/3095 2303/2303/3095 893/2302/3095
f 893/2302/3095 2303/2303/3095 2302/2302/3095
f 893/2302/3096 2302/2302/3096 877/2286/3096
f 877/2286/3096 2302/2302/3096 2286/2286/3096
f 877/2286/3097 2286/2286/3097 874/2283/3097
f 874/2283/3097 2286/2286/3097 2283/2283/3097
f 874/2283/3098 2283/2283/3098 872/2281/3098
f 872/2281/3098 2283/2283/3098 2281/2281/3098
f 736/2145/3099 2145/2145/3099 735/2144/3099
f 735/2144/3099 2145/2145/3099 2144/2144/3099
f 737/2146/3100 2146/2146/3100 736/2145/3100
f 736/2145/3100 2146/2146/3100 2145/2145/3100
f 735/2144/3101 2144/2144/3101 732/2141/3101
f 732/2141/3101 2144/2144/3101 2141/2141/3101
f 767/2176/3102 2176/2176/3102 763/2172/3102
f 763/2172/3102 2176/2176/3102 2172/2172/3102
f 763/2172/3103 2172/2172/3103 760/2169/3103
f 760/2169/3103 2172/2172/3103 2169/2169/3103
f 785/2194/3104 2194/2194/3104 783/2192/3104
f 783/2192/3104 2194/2194/3104 2192/2192/3104
f 788/2197/3105 2197/2197/3105 785/2194/3105
f 785/2194/3105 2197/2197/3105 2194/2194/3105
f 684/2093/3106 2093/2093/3106 683/2092/3106
f 683/2092/3106 2093/2093/3106 2092/2092/3106
f 683/2092/3107 2092/2092/3107 680/2089/3107
f 680/2089/3107 2092/2092/3107 2089/2089/3107
f 704/2113/3108 2113/2113/3108 701/2110/3108
f 701/2110/3108 2113/2113/3108 2110/2110/3108
f 706/2115/3109 2115/2115/3109 704/2113/3109
f 704/2113/3109 2115/2115/3109 2113/2113/3109
f 710/2119/3110 2119/2119/3110 707/2116/3110
f 707/2116/3110 2119/2119/3110 2116/2116/3110
f 707/2116/3111 2116/2116/3111 706/2115/3111
f 706/2115/3111 2116/2116/3111 2115/2115/3111
f 649/2058/3112 2058/2058/3112 647/2056/3112
f 647/2056/3112 2058/2058/3112 2056/2056/3112
f 647/2056/3113 2056/2056/3113 645/2054/3113
f 645/2054/3113 2056/2056/3113 2054/2054/3113
f 628/2037/3114 2037/2037/3114 626/2035/3114
f 626/2035/3114 2037/2037/3114 2035/2035/3114
f 626/2035/3115 2035/2035/3115 625/2034/3115
f 625/2034/3115 2035/2035/3115 2034/2034/3115
f 630/2039/3116 2039/2039/3116 628/2037/3116
f 628/2037/3116 2039/2039/3116 2037/2037/3116
f 675/2084/3117 2084/2084/3117 673/2082/3117
f 673/2082/3117 2084/2084/3117 2082/2082/3117
f 679/2088/3118 2088/2088/3118 675/2084/3118
f 675/2084/3118 2088/2088/3118 2084/2084/3118
f 575/1984/3119 1984/1984/3119 573/1982/3119
f 573/1982/3119 1984/1984/3119 1982/1982/3119
f 550/1959/3120 1959/1959/3120 549/1958/3120
f 549/1958/3120 1959/1959/3120 1958/1958/3120
f 576/1985/3121 1985/1985/3121 575/1984/3121
f 575/1984/3121 1985/1985/3121 1984/1984/3121
f 578/1987/3122 1987/1987/3122 576/1985/3122
f 576/1985/3122 1987/1987/3122 1985/1985/3122
f 553/1962/3123 1962/1962/3123 550/1959/3123
f 550/1959/3123 1962/1962/3123 1959/1959/3123
f 542/1951/3124 1951/1951/3124 529/1938/3124
f 529/1938/3124 1951/1951/3124 1938/1938/3124
f 529/1938/3125 1938/1938/3125 525/1934/3125
f 525/1934/3125 1938/1938/3125 1934/1934/3125
f 447/1856/3126 1856/1856/3126 446/1855/3126
f 446/1855/3126 1856/1856/3126 1855/1855/3126
f 448/1857/3127 1857/1857/3127 447/1856/3127
f 447/1856/3127 1857/1857/3127 1856/1856/3127
f 391/1800/3128 1800/1800/3128 374/1783/3128
f 374/1783/3128 1800/1800/3128 1783/1783/3128
f 374/1783/3129 1783/1783/3129 373/1782/3129
f 373/1782/3129 1783/1783/3129 1782/1782/3129
f 392/1801/3130 1801/1801/3130 391/1800/3130
f 391/1800/3130 1801/1801/3130 1800/1800/3130
f 571/1980/3131 1980/1980/3131 572/1981/3131
f 572/1981/3131 1980/1980/3131 1981/1981/3131
f 572/1981/3132 1981/1981/3132 574/1983/3132
f 574/1983/3132 1981/1981/3132 1983/1983/3132
f 445/1854/3133 1854/1854/3133 469/1878/3133
f 469/1878/3133 1854/1854/3133 1878/1878/3133
f 444/1853/3134 1853/1853/3134 445/1854/3134
f 445/1854/3134 1853/1853/3134 1854/1854/3134
f 543/1952/3135 1952/1952/3135 544/1953/3135
f 544/1953/3135 1952/1952/3135 1953/1953/3135
f 544/1953/3136 1953/1953/3136 545/1954/3136
f 545/1954/3136 1953/1953/3136 1954/1954/3136
f 523/1932/3137 1932/1932/3137 526/1935/3137
f 526/1935/3137 1932/1932/3137 1935/1935/3137
f 526/1935/3138 1935/1935/3138 527/1936/3138
f 527/1936/3138 1935/1935/3138 1936/1936/3138
f 610/2019/3139 2019/2019/3139 627/2036/3139
f 627/2036/3139 2019/2019/3139 2036/2036/3139
f 587/1996/3140 1996/1996/3140 588/1997/3140
f 588/1997/3140 1996/1996/3140 1997/1997/3140
f 43/1452/3141 1452/1452/3141 4/1413/3141
f 4/1413/3141 1452/1452/3141 1413/1413/3141
f 4/1413/3142 1413/1413/3142 51/1460/3142
f 51/1460/3142 1413/1413/3142 1460/1460/3142
f 51/1460/3143 1460/1460/3143 54/1463/3143
f 54/1463/3143 1460/1460/3143 1463/1463/3143
f 60/1469/3144 1469/1469/3144 78/1487/3144
f 78/1487/3144 1469/1469/3144 1487/1487/3144
f 21/1430/3145 1430/1430/3145 60/1469/3145
f 60/1469/3145 1430/1430/3145 1469/1469/3145
f 70/1479/3146 1479/1479/3146 94/1503/3146
f 94/1503/3146 1479/1479/3146 1503/1503/3146
f 94/1503/3147 1503/1503/3147 107/1516/3147
f 107/1516/3147 1503/1503/3147 1516/1516/3147
f 46/1455/3148 1455/1455/3148 8/1417/3148
f 8/1417/3148 1455/1455/3148 1417/1417/3148
f 65/1474/3149 1474/1474/3149 46/1455/3149
f 46/1455/3149 1474/1474/3149 1455/1455/3149
f 8/1417/3150 1417/1417/3150 9/1418/3150
f 9/1418/3150 1417/1417/3150 1418/1418/3150
f 1396/2805/3151 2805/2805/3151 1365/2774/3151
f 1365/2774/3151 2805/2805/3151 2774/2774/3151
f 1365/2774/3152 2774/2774/3152 1340/2749/3152
f 1340/2749/3152 2774/2774/3152 2749/2749/3152
f 1340/2749/3153 2749/2749/3153 1328/2737/3153
f 1328/2737/3153 2749/2749/3153 2737/2737/3153
f 1328/2737/3154 2737/2737/3154 1323/2732/3154
f 1323/2732/3154 2737/2737/3154 2732/2732/3154
f 1301/2710/3155 2710/2710/3155 1297/2706/3155
f 1297/2706/3155 2710/2710/3155 2706/2706/3155
f 1297/2706/3156 2706/2706/3156 1296/2705/3156
f 1296/2705/3156 2706/2706/3156 2705/2705/3156
f 1292/2701/3157 2701/2701/3157 1288/2697/3157
f 1288/2697/3157 2701/2701/3157 2697/2697/3157
f 1296/2705/3158 2705/2705/3158 1292/2701/3158
f 1292/2701/3158 2705/2705/3158 2701/2701/3158
f 1265/2674/3159 2674/2674/3159 1260/2669/3159
f 1260/2669/3159 2674/2674/3159 2669/2669/3159
f 1260/2669/3160 2669/2669/3160 1257/2666/3160
f 1257/2666/3160 2669/2669/3160 2666/2666/3160
f 1288/2697/3161 2697/2697/3161 1283/2692/3161
f 1283/2692/3161 2697/2697/3161 2692/2692/3161
f 1283/2692/3162 2692/2692/3162 1282/2691/3162
f 1282/2691/3162 2692/2692/3162 2691/2691/3162
f 1282/2691/3163 2691/2691/3163 1265/2674/3163
f 1265/2674/3163 2691/2691/3163 2674/2674/3163
f 1279/2688/3164 2688/2688/3164 1284/2693/3164
f 1284/2693/3164 2688/2688/3164 2693/2693/3164
f 1258/2667/3165 2667/2667/3165 1262/2671/3165
f 1262/2671/3165 2667/2667/3165 2671/2671/3165
f 1298/2707/3166 2707/2707/3166 1302/2711/3166
f 1302/2711/3166 2707/2707/3166 2711/2711/3166
f 1295/2704/3167 2704/2704/3167 1298/2707/3167
f 1298/2707/3167 2704/2704/3167 2707/2707/3167
f 1293/2702/3168 2702/2702/3168 1290/2699/3168
f 1290/2699/3168 2702/2702/3168 2699/2699/3168
f 1290/2699/3169 2699/2699/3169 1287/2696/3169
f 1287/2696/3169 2699/2699/3169 2696/2696/3169
f 1287/2696/3170 2696/2696/3170 1280/2689/3170
f 1280/2689/3170 2696/2696/3170 2689/2689/3170
f 1267/2676/3171 2676/2676/3171 1264/2673/3171
f 1264/2673/3171 2676/2676/3171 2673/2673/3171
f 1278/2687/3172 2687/2687/3172 1267/2676/3172
f 1267/2676/3172 2687/2687/3172 2676/2676/3172
f 1020/2429/3173 2429/2429/3173 1042/2451/3173
f 1042/2451/3173 2429/2429/3173 2451/2451/3173
f 1221/2630/3174 2630/2630/3174 1219/2628/3174
f 1219/2628/3174 2630/2630/3174 2628/2628/3174
f 1219/2628/3175 2628/2628/3175 1218/2627/3175
f 1218/2627/3175 2628/2628/3175 2627/2627/3175
f 1241/2650/3176 2650/2650/3176 1228/2637/3176
f 1228/2637/3176 2650/2650/3176 2637/2637/3176
f 1122/2531/3177 2531/2531/3177 1120/2529/3177
f 1120/2529/3177 2531/2531/3177 2529/2529/3177
f 1183/2592/3178 2592/2592/3178 1182/2591/3178
f 1182/2591/3178 2592/2592/3178 2591/2591/3178
f 1182/2591/3179 2591/2591/3179 1181/2590/3179
f 1181/2590/3179 2591/2591/3179 2590/2590/3179
f 1187/2596/3180 2596/2596/3180 1185/2594/3180
f 1185/2594/3180 2596/2596/3180 2594/2594/3180
f 1185/2594/3181 2594/2594/3181 1183/2592/3181
f 1183/2592/3181 2594/2594/3181 2592/2592/3181
f 1189/2598/3182 2598/2598/3182 1187/2596/3182
f 1187/2596/3182 2598/2598/3182 2596/2596/3182
f 18/1427/3183 1427/1427/3183 19/1428/3183
f 19/1428/3183 1427/1427/3183 1428/1428/3183
f 19/1428/3184 1428/1428/3184 38/1447/3184
f 38/1447/3184 1428/1428/3184 1447/1447/3184
f 66/1475/3185 1475/1475/3185 83/1492/3185
f 83/1492/3185 1475/1475/3185 1492/1492/3185
f 36/1445/3186 1445/1445/3186 59/1468/3186
f 59/1468/3186 1445/1445/3186 1468/1468/3186
f 59/1468/3187 1468/1468/3187 66/1475/3187
f 66/1475/3187 1468/1468/3187 1475/1475/3187
f 106/1515/3188 1515/1515/3188 53/1462/3188
f 53/1462/3188 1515/1515/3188 1462/1462/3188
f 53/1462/3189 1462/1462/3189 2/1411/3189
f 2/1411/3189 1462/1462/3189 1411/1411/3189
f 126/1535/3190 1535/1535/3190 122/1531/3190
f 122/1531/3190 1535/1535/3190 1531/1531/3190
f 122/1531/3191 1531/1531/3191 116/1525/3191
f 116/1525/3191 1531/1531/3191 1525/1525/3191
f 157/1566/3192 1566/1566/3192 152/1561/3192
f 152/1561/3192 1566/1566/3192 1561/1561/3192
f 152/1561/3193 1561/1561/3193 158/1567/3193
f 158/1567/3193 1561/1561/3193 1567/1567/3193
f 158/1567/3194 1567/1567/3194 159/1568/3194
f 159/1568/3194 1567/1567/3194 1568/1568/3194
f 373/1782/3195 1782/1782/3195 368/1777/3195
f 368/1777/3195 1782/1782/3195 1777/1777/3195
f 254/1663/3196 1663/1663/3196 253/1662/3196
f 253/1662/3196 1663/1663/3196 1662/1662/3196
f 253/1662/3197 1662/1662/3197 252/1661/3197
f 252/1661/3197 1662/1662/3197 1661/1661/3197
f 276/1685/3198 1685/1685/3198 275/1684/3198
f 275/1684/3198 1685/1685/3198 1684/1684/3198
f 272/1681/3199 1681/1681/3199 271/1680/3199
f 271/1680/3199 1681/1681/3199 1680/1680/3199
f 275/1684/3200 1684/1684/3200 272/1681/3200
f 272/1681/3200 1684/1684/3200 1681/1681/3200
f 240/1649/3201 1649/1649/3201 237/1646/3201
f 237/1646/3201 1649/1649/3201 1646/1646/3201
f 1313/2722/3202 2722/2722/3202 1312/2721/3202
f 1312/2721/3202 2722/2722/3202 2721/2721/3202
f 1327/2736/3203 2736/2736/3203 1321/2730/3203
f 1321/2730/3203 2736/2736/3203 2730/2730/3203
f 1346/2755/3204 2755/2755/3204 1381/2790/3204
f 1381/2790/3204 2755/2755/3204 2790/2790/3204
f 1381/2790/3205 2790/2790/3205 1395/2804/3205
f 1395/2804/3205 2790/2790/3205 2804/2804/3205
f 1322/2731/3206 2731/2731/3206 1346/2755/3206
f 1346/2755/3206 2731/2731/3206 2755/2755/3206
f 1331/2740/3207 2740/2740/3207 1313/2722/3207
f 1313/2722/3207 2740/2740/3207 2722/2722/3207
f 1363/2772/3208 2772/2772/3208 1331/2740/3208
f 1331/2740/3208 2772/2772/3208 2740/2740/3208
f 604/2013/3209 2013/2013/3209 605/2014/3209
f 605/2014/3209 2013/2013/3209 2014/2014/3209
f 916/2325/3210 2325/2325/3210 944/2353/3210
f 944/2353/3210 2325/2325/3210 2353/2353/3210
f 982/2391/3211 2391/2391/3211 935/2344/3211
f 935/2344/3211 2391/2391/3211 2344/2344/3211
f 944/2353/3212 2353/2353/3212 957/2366/3212
f 957/2366/3212 2353/2353/3212 2366/2366/3212
f 1092/2501/3213 2501/2501/3213 1051/2460/3213
f 1051/2460/3213 2501/2501/3213 2460/2460/3213
f 948/2357/3214 2357/2357/3214 912/2321/3214
f 912/2321/3214 2357/2357/3214 2321/2321/3214
f 998/2407/3215 2407/2407/3215 1024/2433/3215
f 1024/2433/3215 2407/2407/3215 2433/2433/3215
f 817/2226/3216 2226/2226/3216 814/2223/3216
f 814/2223/3216 2226/2226/3216 2223/2223/3216
f 818/2227/3217 2227/2227/3217 817/2226/3217
f 817/2226/3217 2227/2227/3217 2226/2226/3217
f 821/2230/3218 2230/2230/3218 820/2229/3218
f 820/2229/3218 2230/2230/3218 2229/2229/3218
f 820/2229/3219 2229/2229/3219 819/2228/3219
f 819/2228/3219 2229/2229/3219 2228/2228/3219
f 1064/2473/3220 2473/2473/3220 1076/2485/3220
f 1076/2485/3220 2473/2473/3220 2485/2485/3220
f 1045/2454/3221 2454/2454/3221 1064/2473/3221
f 1064/2473/3221 2454/2454/3221 2473/2473/3221
f 932/2341/3222 2341/2341/3222 954/2363/3222
f 954/2363/3222 2341/2341/3222 2363/2363/3222
f 1061/2470/3223 2470/2470/3223 1057/2466/3223
f 1057/2466/3223 2470/2470/3223 2466/2466/3223
f 1055/2464/3224 2464/2464/3224 1056/2465/3224
f 1056/2465/3224 2464/2464/3224 2465/2465/3224
f 1056/2465/3225 2465/2465/3225 1061/2470/3225
f 1061/2470/3225 2465/2465/3225 2470/2470/3225
f 1041/2450/3226 2450/2450/3226 1071/2480/3226
f 1071/2480/3226 2450/2450/3226 2480/2480/3226
f 738/2147/3227 2147/2147/3227 737/2146/3227
f 737/2146/3227 2147/2147/3227 2146/2146/3227
f 743/2152/3228 2152/2152/3228 741/2150/3228
f 741/2150/3228 2152/2152/3228 2150/2150/3228
f 741/2150/3229 2150/2150/3229 738/2147/3229
f 738/2147/3229 2150/2150/3229 2147/2147/3229
f 791/2200/3230 2200/2200/3230 788/2197/3230
f 788/2197/3230 2200/2200/3230 2197/2197/3230
f 794/2203/3231 2203/2203/3231 792/2201/3231
f 792/2201/3231 2203/2203/3231 2201/2201/3231
f 792/2201/3232 2201/2201/3232 791/2200/3232
f 791/2200/3232 2201/2201/3232 2200/2200/3232
f 783/2192/3233 2192/2192/3233 769/2178/3233
f 769/2178/3233 2192/2192/3233 2178/2178/3233
f 769/2178/3234 2178/2178/3234 767/2176/3234
f 767/2176/3234 2178/2178/3234 2176/2176/3234
f 729/2138/3235 2138/2138/3235 716/2125/3235
f 716/2125/3235 2138/2138/3235 2125/2125/3235
f 714/2123/3236 2123/2123/3236 713/2122/3236
f 713/2122/3236 2123/2123/3236 2122/2122/3236
f 713/2122/3237 2122/2122/3237 712/2121/3237
f 712/2121/3237 2122/2122/3237 2121/2121/3237
f 711/2120/3238 2120/2120/3238 710/2119/3238
f 710/2119/3238 2120/2120/3238 2119/2119/3238
f 712/2121/3239 2121/2121/3239 711/2120/3239
f 711/2120/3239 2121/2121/3239 2120/2120/3239
f 632/2041/3240 2041/2041/3240 631/2040/3240
f 631/2040/3240 2041/2041/3240 2040/2040/3240
f 645/2054/3241 2054/2054/3241 632/2041/3241
f 632/2041/3241 2054/2054/3241 2041/2041/3241
f 557/1966/3242 1966/1966/3242 556/1965/3242
f 556/1965/3242 1966/1966/3242 1965/1965/3242
f 556/1965/3243 1965/1965/3243 553/1962/3243
f 553/1962/3243 1965/1965/3243 1962/1962/3243
f 573/1982/3244 1982/1982/3244 557/1966/3244
f 557/1966/3244 1982/1982/3244 1966/1966/3244
f 493/1902/3245 1902/1902/3245 476/1885/3245
f 476/1885/3245 1902/1902/3245 1885/1885/3245
f 497/1906/3246 1906/1906/3246 494/1903/3246
f 494/1903/3246 1906/1906/3246 1903/1903/3246
f 494/1903/3247 1903/1903/3247 493/1902/3247
f 493/1902/3247 1903/1903/3247 1902/1902/3247
f 475/1884/3248 1884/1884/3248 472/1881/3248
f 472/1881/3248 1884/1884/3248 1881/1881/3248
f 476/1885/3249 1885/1885/3249 475/1884/3249
f 475/1884/3249 1885/1885/3249 1884/1884/3249
f 467/1876/3250 1876/1876/3250 466/1875/3250
f 466/1875/3250 1876/1876/3250 1875/1875/3250
f 466/1875/3251 1875/1875/3251 465/1874/3251
f 465/1874/3251 1875/1875/3251 1874/1874/3251
f 472/1881/3252 1881/1881/3252 470/1879/3252
f 470/1879/3252 1881/1881/3252 1879/1879/3252
f 470/1879/3253 1879/1879/3253 468/1877/3253
f 468/1877/3253 1879/1879/3253 1877/1877/3253
f 468/1877/3254 1877/1877/3254 467/1876/3254
f 467/1876/3254 1877/1877/3254 1876/1876/3254
f 506/1915/3255 1915/1915/3255 505/1914/3255
f 505/1914/3255 1915/1915/3255 1914/1914/3255
f 505/1914/3256 1914/1914/3256 504/1913/3256
f 504/1913/3256 1914/1914/3256 1913/1913/3256
f 465/1874/3257 1874/1874/3257 464/1873/3257
f 464/1873/3257 1874/1874/3257 1873/1873/3257
f 464/1873/3258 1873/1873/3258 463/1872/3258
f 463/1872/3258 1873/1873/3258 1872/1872/3258
f 438/1847/3259 1847/1847/3259 425/1834/3259
f 425/1834/3259 1847/1847/3259 1834/1834/3259
f 425/1834/3260 1834/1834/3260 424/1833/3260
f 424/1833/3260 1834/1834/3260 1833/1833/3260
f 421/1830/3261 1830/1830/3261 420/1829/3261
f 420/1829/3261 1830/1830/3261 1829/1829/3261
f 424/1833/3262 1833/1833/3262 421/1830/3262
f 421/1830/3262 1833/1833/3262 1830/1830/3262
f 441/1850/3263 1850/1850/3263 438/1847/3263
f 438/1847/3263 1850/1850/3263 1847/1847/3263
f 446/1855/3264 1855/1855/3264 441/1850/3264
f 441/1850/3264 1855/1855/3264 1850/1850/3264
f 463/1872/3265 1872/1872/3265 462/1871/3265
f 462/1871/3265 1872/1872/3265 1871/1871/3265
f 462/1871/3266 1871/1871/3266 449/1858/3266
f 449/1858/3266 1871/1871/3266 1858/1858/3266
f 449/1858/3267 1858/1858/3267 448/1857/3267
f 448/1857/3267 1858/1858/3267 1857/1857/3267
f 393/1802/3268 1802/1802/3268 392/1801/3268
f 392/1801/3268 1802/1802/3268 1801/1801/3268
f 519/1928/3269 1928/1928/3269 520/1929/3269
f 520/1929/3269 1928/1928/3269 1929/1929/3269
f 520/1929/3270 1929/1929/3270 521/1930/3270
f 521/1930/3270 1929/1929/3270 1930/1930/3270
f 469/1878/3271 1878/1878/3271 471/1880/3271
f 471/1880/3271 1878/1878/3271 1880/1880/3271
f 183/1592/3272 1592/1592/3272 187/1596/3272
f 187/1596/3272 1592/1592/3272 1596/1596/3272
f 187/1596/3273 1596/1596/3273 188/1597/3273
f 188/1597/3273 1596/1596/3273 1597/1597/3273
f 188/1597/3274 1597/1597/3274 208/1617/3274
f 208/1617/3274 1597/1597/3274 1617/1617/3274
f 178/1587/3275 1587/1587/3275 182/1591/3275
f 182/1591/3275 1587/1587/3275 1591/1591/3275
f 182/1591/3276 1591/1591/3276 183/1592/3276
f 183/1592/3276 1591/1591/3276 1592/1592/3276
f 527/1936/3277 1936/1936/3277 528/1937/3277
f 528/1937/3277 1936/1936/3277 1937/1937/3277
f 528/1937/3278 1937/1937/3278 543/1952/3278
f 543/1952/3278 1937/1937/3278 1952/1952/3278
f 1174/2583/3279 2583/2583/3279 1175/2584/3279
f 1175/2584/3279 2583/2583/3279 2584/2584/3279
f 72/1481/3280 1481/1481/3280 84/1493/3280
f 84/1493/3280 1481/1481/3280 1493/1493/3280
f 63/1472/3281 1472/1472/3281 72/1481/3281
f 72/1481/3281 1472/1472/3281 1481/1481/3281
f 54/1463/3282 1463/1463/3282 63/1472/3282
f 63/1472/3282 1463/1463/3282 1472/1472/3282
f 87/1496/3283 1496/1496/3283 67/1476/3283
f 67/1476/3283 1496/1496/3283 1476/1476/3283
f 42/1451/3284 1451/1451/3284 43/1452/3284
f 43/1452/3284 1451/1451/3284 1452/1452/3284
f 79/1488/3285 1488/1488/3285 92/1501/3285
f 92/1501/3285 1488/1488/3285 1501/1501/3285
f 64/1473/3286 1473/1473/3286 79/1488/3286
f 79/1488/3286 1473/1473/3286 1488/1488/3286
f 92/1501/3287 1501/1501/3287 93/1502/3287
f 93/1502/3287 1501/1501/3287 1502/1502/3287
f 93/1502/3288 1502/1502/3288 65/1474/3288
f 65/1474/3288 1502/1502/3288 1474/1474/3288
f 1367/2776/3289 2776/2776/3289 1354/2763/3289
f 1354/2763/3289 2776/2776/3289 2763/2763/3289
f 1354/2763/3290 2763/2763/3290 1349/2758/3290
f 1349/2758/3290 2763/2763/3290 2758/2758/3290
f 1349/2758/3291 2758/2758/3291 1304/2713/3291
f 1304/2713/3291 2758/2758/3291 2713/2713/3291
f 1360/2769/3292 2769/2769/3292 1403/2812/3292
f 1403/2812/3292 2769/2769/3292 2812/2812/3292
f 1403/2812/3293 2812/2812/3293 1389/2798/3293
f 1389/2798/3293 2812/2812/3293 2798/2798/3293
f 1374/2783/3294 2783/2783/3294 1368/2777/3294
f 1368/2777/3294 2783/2783/3294 2777/2777/3294
f 1376/2785/3295 2785/2785/3295 1385/2794/3295
f 1385/2794/3295 2785/2785/3295 2794/2794/3295
f 1266/2675/3296 2675/2675/3296 1279/2688/3296
f 1279/2688/3296 2675/2675/3296 2688/2688/3296
f 1262/2671/3297 2671/2671/3297 1266/2675/3297
f 1266/2675/3297 2671/2671/3297 2675/2675/3297
f 1042/2451/3298 2451/2451/3298 1087/2496/3298
f 1087/2496/3298 2451/2451/3298 2496/2496/3298
f 1087/2496/3299 2496/2496/3299 1062/2471/3299
f 1062/2471/3299 2496/2496/3299 2471/2471/3299
f 1021/2430/3300 2430/2430/3300 970/2379/3300
f 970/2379/3300 2430/2430/3300 2379/2379/3300
f 1005/2414/3301 2414/2414/3301 1006/2415/3301
f 1006/2415/3301 2414/2414/3301 2415/2415/3301
f 996/2405/3302 2405/2405/3302 1005/2414/3302
f 1005/2414/3302 2405/2405/3302 2414/2414/3302
f 947/2356/3303 2356/2356/3303 971/2380/3303
f 971/2380/3303 2356/2356/3303 2380/2380/3303
f 971/2380/3304 2380/2380/3304 996/2405/3304
f 996/2405/3304 2380/2380/3304 2405/2405/3304
f 1022/2431/3305 2431/2431/3305 1074/2483/3305
f 1074/2483/3305 2431/2431/3305 2483/2483/3305
f 930/2339/3306 2339/2339/3306 947/2356/3306
f 947/2356/3306 2339/2339/3306 2356/2356/3306
f 907/2316/3307 2316/2316/3307 930/2339/3307
f 930/2339/3307 2316/2316/3307 2339/2339/3307
f 1074/2483/3308 2483/2483/3308 1075/2484/3308
f 1075/2484/3308 2483/2483/3308 2484/2484/3308
f 1228/2637/3309 2637/2637/3309 1225/2634/3309
f 1225/2634/3309 2637/2637/3309 2634/2634/3309
f 1225/2634/3310 2634/2634/3310 1221/2630/3310
f 1221/2630/3310 2634/2634/3310 2630/2630/3310
f 1248/2657/3311 2657/2657/3311 1245/2654/3311
f 1245/2654/3311 2657/2657/3311 2654/2654/3311
f 1245/2654/3312 2654/2654/3312 1243/2652/3312
f 1243/2652/3312 2654/2654/3312 2652/2652/3312
f 1242/2651/3313 2651/2651/3313 1241/2650/3313
f 1241/2650/3313 2651/2651/3313 2650/2650/3313
f 1243/2652/3314 2652/2652/3314 1242/2651/3314
f 1242/2651/3314 2652/2652/3314 2651/2651/3314
f 1115/2524/3315 2524/2524/3315 1114/2523/3315
f 1114/2523/3315 2524/2524/3315 2523/2523/3315
f 1116/2525/3316 2525/2525/3316 1115/2524/3316
f 1115/2524/3316 2525/2525/3316 2524/2524/3316
f 1118/2527/3317 2527/2527/3317 1116/2525/3317
f 1116/2525/3317 2527/2527/3317 2525/2525/3317
f 1120/2529/3318 2529/2529/3318 1118/2527/3318
f 1118/2527/3318 2529/2529/3318 2527/2527/3318
f 1197/2606/3319 2606/2606/3319 1195/2604/3319
f 1195/2604/3319 2606/2606/3319 2604/2604/3319
f 1195/2604/3320 2604/2604/3320 1189/2598/3320
f 1189/2598/3320 2604/2604/3320 2598/2598/3320
f 1212/2621/3321 2621/2621/3321 1197/2606/3321
f 1197/2606/3321 2621/2621/3321 2606/2606/3321
f 1218/2627/3322 2627/2627/3322 1217/2626/3322
f 1217/2626/3322 2627/2627/3322 2626/2626/3322
f 1217/2626/3323 2626/2626/3323 1216/2625/3323
f 1216/2625/3323 2626/2626/3323 2625/2625/3323
f 1216/2625/3324 2625/2625/3324 1213/2622/3324
f 1213/2622/3324 2625/2625/3324 2622/2622/3324
f 1213/2622/3325 2622/2622/3325 1212/2621/3325
f 1212/2621/3325 2622/2622/3325 2621/2621/3325
f 346/1755/3326 1755/1755/3326 338/1747/3326
f 338/1747/3326 1755/1755/3326 1747/1747/3326
f 338/1747/3327 1747/1747/3327 337/1746/3327
f 337/1746/3327 1747/1747/3327 1746/1746/3327
f 235/1644/3328 1644/1644/3328 234/1643/3328
f 234/1643/3328 1644/1644/3328 1643/1643/3328
f 237/1646/3329 1646/1646/3329 235/1644/3329
f 235/1644/3329 1646/1646/3329 1644/1644/3329
f 1395/2804/3330 2804/2804/3330 1394/2803/3330
f 1394/2803/3330 2804/2804/3330 2803/2803/3330
f 1394/2803/3331 2803/2803/3331 1380/2789/3331
f 1380/2789/3331 2803/2803/3331 2789/2789/3331
f 1392/2801/3332 2801/2801/3332 1407/2816/3332
f 1407/2816/3332 2801/2801/3332 2816/2816/3332
f 1407/2816/3333 2816/2816/3333 1391/2800/3333
f 1391/2800/3333 2816/2816/3333 2800/2800/3333
f 1391/2800/3334 2800/2800/3334 1363/2772/3334
f 1363/2772/3334 2800/2800/3334 2772/2772/3334
f 1191/2600/3335 2600/2600/3335 1192/2601/3335
f 1192/2601/3335 2600/2600/3335 2601/2601/3335
f 1192/2601/3336 2601/2601/3336 1193/2602/3336
f 1193/2602/3336 2601/2601/3336 2602/2602/3336
f 1226/2635/3337 2635/2635/3337 1227/2636/3337
f 1227/2636/3337 2635/2635/3337 2636/2636/3337
f 1227/2636/3338 2636/2636/3338 1244/2653/3338
f 1244/2653/3338 2636/2636/3338 2653/2653/3338
f 1246/2655/3339 2655/2655/3339 1247/2656/3339
f 1247/2656/3339 2655/2655/3339 2656/2656/3339
f 1244/2653/3340 2653/2653/3340 1246/2655/3340
f 1246/2655/3340 2653/2653/3340 2655/2655/3340
f 588/1997/3341 1997/1997/3341 589/1998/3341
f 589/1998/3341 1997/1997/3341 1998/1998/3341
f 589/1998/3342 1998/1998/3342 604/2013/3342
f 604/2013/3342 1998/1998/3342 2013/2013/3342
f 1049/2458/3343 2458/2458/3343 1092/2501/3343
f 1092/2501/3343 2458/2458/3343 2501/2501/3343
f 917/2326/3344 2326/2326/3344 916/2325/3344
f 916/2325/3344 2326/2326/3344 2325/2325/3344
f 1079/2488/3345 2488/2488/3345 1091/2500/3345
f 1091/2500/3345 2488/2488/3345 2500/2500/3345
f 1091/2500/3346 2500/2500/3346 1048/2457/3346
f 1048/2457/3346 2500/2500/3346 2457/2457/3346
f 912/2321/3347 2321/2321/3347 934/2343/3347
f 934/2343/3347 2321/2321/3347 2343/2343/3347
f 1078/2487/3348 2487/2487/3348 1025/2434/3348
f 1025/2434/3348 2487/2487/3348 2434/2434/3348
f 1047/2456/3349 2456/2456/3349 1079/2488/3349
f 1079/2488/3349 2456/2456/3349 2488/2488/3349
f 981/2390/3350 2390/2390/3350 943/2352/3350
f 943/2352/3350 2390/2390/3350 2352/2352/3350
f 956/2365/3351 2365/2365/3351 998/2407/3351
f 998/2407/3351 2365/2365/3351 2407/2407/3351
f 997/2406/3352 2406/2406/3352 948/2357/3352
f 948/2357/3352 2406/2406/3352 2357/2357/3352
f 913/2322/3353 2322/2322/3353 956/2365/3353
f 956/2365/3353 2322/2322/3353 2365/2365/3353
f 905/2314/3354 2314/2314/3354 977/2386/3354
f 977/2386/3354 2314/2314/3354 2386/2386/3354
f 953/2362/3355 2362/2362/3355 899/2308/3355
f 899/2308/3355 2362/2362/3355 2308/2308/3355
f 954/2363/3356 2363/2363/3356 1045/2454/3356
f 1045/2454/3356 2363/2363/3356 2454/2454/3356
f 1007/2416/3357 2416/2416/3357 963/2372/3357
f 963/2372/3357 2416/2416/3357 2372/2372/3357
f 1075/2484/3358 2484/2484/3358 1007/2416/3358
f 1007/2416/3358 2484/2484/3358 2416/2416/3358
f 990/2399/3359 2399/2399/3359 1041/2450/3359
f 1041/2450/3359 2399/2399/3359 2450/2450/3359
f 928/2337/3360 2337/2337/3360 904/2313/3360
f 904/2313/3360 2337/2337/3360 2313/2313/3360
f 962/2371/3361 2371/2371/3361 990/2399/3361
f 990/2399/3361 2371/2371/3361 2399/2399/3361
f 1003/2412/3362 2412/2412/3362 946/2355/3362
f 946/2355/3362 2412/2412/3362 2355/2355/3362
f 1114/2523/3363 2523/2523/3363 1100/2509/3363
f 1100/2509/3363 2523/2523/3363 2509/2509/3363
f 1100/2509/3364 2509/2509/3364 1055/2464/3364
f 1055/2464/3364 2509/2509/3364 2464/2464/3364
f 945/2354/3365 2354/2354/3365 902/2311/3365
f 902/2311/3365 2354/2354/3365 2311/2311/3365
f 903/2312/3366 2312/2312/3366 945/2354/3366
f 945/2354/3366 2312/2312/3366 2354/2354/3366
f 902/2311/3367 2311/2311/3367 897/2306/3367
f 897/2306/3367 2311/2311/3367 2306/2306/3367
f 897/2306/3368 2306/2306/3368 894/2303/3368
f 894/2303/3368 2306/2306/3368 2303/2303/3368
f 904/2313/3369 2313/2313/3369 903/2312/3369
f 903/2312/3369 2313/2313/3369 2312/2312/3369
f 715/2124/3370 2124/2124/3370 714/2123/3370
f 714/2123/3370 2124/2124/3370 2123/2123/3370
f 716/2125/3371 2125/2125/3371 715/2124/3371
f 715/2124/3371 2125/2125/3371 2124/2124/3371
f 654/2063/3372 2063/2063/3372 651/2060/3372
f 651/2060/3372 2063/2063/3372 2060/2060/3372
f 504/1913/3373 1913/1913/3373 502/1911/3373
f 502/1911/3373 1913/1913/3373 1911/1911/3373
f 420/1829/3374 1829/1829/3374 417/1826/3374
f 417/1826/3374 1829/1829/3374 1826/1826/3374
f 417/1826/3375 1826/1826/3375 402/1811/3375
f 402/1811/3375 1826/1826/3375 1811/1811/3375
f 522/1931/3376 1931/1931/3376 523/1932/3376
f 523/1932/3376 1931/1931/3376 1932/1932/3376
f 521/1930/3377 1930/1930/3377 522/1931/3377
f 522/1931/3377 1930/1930/3377 1931/1931/3377
f 474/1883/3378 1883/1883/3378 477/1886/3378
f 477/1886/3378 1883/1883/3378 1886/1886/3378
f 473/1882/3379 1882/1882/3379 474/1883/3379
f 474/1883/3379 1882/1882/3379 1883/1883/3379
f 471/1880/3380 1880/1880/3380 473/1882/3380
f 473/1882/3380 1880/1880/3380 1882/1882/3380
f 244/1653/3381 1653/1653/3381 247/1656/3381
f 247/1656/3381 1653/1653/3381 1656/1656/3381
f 215/1624/3382 1624/1624/3382 217/1626/3382
f 217/1626/3382 1624/1624/3382 1626/1626/3382
f 236/1645/3383 1645/1645/3383 238/1647/3383
f 238/1647/3383 1645/1645/3383 1647/1647/3383
f 302/1711/3384 1711/1711/3384 307/1716/3384
f 307/1716/3384 1711/1711/3384 1716/1716/3384
f 1357/2766/3385 2766/2766/3385 1383/2792/3385
f 1383/2792/3385 2766/2766/3385 2792/2792/3385
f 1383/2792/3386 2792/2792/3386 1382/2791/3386
f 1382/2791/3386 2792/2792/3386 2791/2791/3386
f 1341/2750/3387 2750/2750/3387 1357/2766/3387
f 1357/2766/3387 2750/2750/3387 2766/2766/3387
f 1402/2811/3388 2811/2811/3388 1401/2810/3388
f 1401/2810/3388 2811/2811/3388 2810/2810/3388
f 1382/2791/3389 2791/2791/3389 1402/2811/3389
f 1402/2811/3389 2791/2791/3389 2811/2811/3389
f 1401/2810/3390 2810/2810/3390 1367/2776/3390
f 1367/2776/3390 2810/2810/3390 2776/2776/3390
f 1307/2716/3391 2716/2716/3391 1326/2735/3391
f 1326/2735/3391 2716/2716/3391 2735/2735/3391
f 1326/2735/3392 2735/2735/3392 1341/2750/3392
f 1341/2750/3392 2735/2735/3392 2750/2750/3392
f 1319/2728/3393 2728/2728/3393 1311/2720/3393
f 1311/2720/3393 2728/2728/3393 2720/2720/3393
f 1311/2720/3394 2720/2720/3394 1318/2727/3394
f 1318/2727/3394 2720/2720/3394 2727/2727/3394
f 1352/2761/3395 2761/2761/3395 1315/2724/3395
f 1315/2724/3395 2761/2761/3395 2724/2724/3395
f 1315/2724/3396 2724/2724/3396 1310/2719/3396
f 1310/2719/3396 2724/2724/3396 2719/2719/3396
f 1370/2779/3397 2779/2779/3397 1386/2795/3397
f 1386/2795/3397 2779/2779/3397 2795/2795/3397
f 1386/2795/3398 2795/2795/3398 1369/2778/3398
f 1369/2778/3398 2795/2795/3398 2778/2778/3398
f 1342/2751/3399 2751/2751/3399 1370/2779/3399
f 1370/2779/3399 2751/2751/3399 2779/2779/3399
f 1377/2786/3400 2786/2786/3400 1358/2767/3400
f 1358/2767/3400 2786/2786/3400 2767/2767/3400
f 1369/2778/3401 2778/2778/3401 1377/2786/3401
f 1377/2786/3401 2778/2778/3401 2786/2786/3401
f 1358/2767/3402 2767/2767/3402 1352/2761/3402
f 1352/2761/3402 2767/2767/3402 2761/2761/3402
f 1332/2741/3403 2741/2741/3403 1351/2760/3403
f 1351/2760/3403 2741/2741/3403 2760/2760/3403
f 1310/2719/3404 2719/2719/3404 1309/2718/3404
f 1309/2718/3404 2719/2719/3404 2718/2718/3404
f 1309/2718/3405 2718/2718/3405 1332/2741/3405
f 1332/2741/3405 2718/2718/3405 2741/2741/3405
f 1375/2784/3406 2784/2784/3406 1374/2783/3406
f 1374/2783/3406 2784/2784/3406 2783/2783/3406
f 1385/2794/3407 2794/2794/3407 1384/2793/3407
f 1384/2793/3407 2794/2794/3407 2793/2793/3407
f 1384/2793/3408 2793/2793/3408 1375/2784/3408
f 1375/2784/3408 2793/2793/3408 2784/2784/3408
f 1034/2443/3409 2443/2443/3409 1052/2461/3409
f 1052/2461/3409 2443/2443/3409 2461/2461/3409
f 1006/2415/3410 2415/2415/3410 1034/2443/3410
f 1034/2443/3410 2415/2415/3410 2443/2443/3410
f 1073/2482/3411 2482/2482/3411 1063/2472/3411
f 1063/2472/3411 2482/2482/3411 2472/2472/3411
f 1063/2472/3412 2472/2472/3412 1044/2453/3412
f 1044/2453/3412 2472/2472/3412 2453/2453/3412
f 1044/2453/3413 2453/2453/3413 1013/2422/3413
f 1013/2422/3413 2453/2453/3413 2422/2422/3413
f 1257/2666/3414 2666/2666/3414 1256/2665/3414
f 1256/2665/3414 2666/2666/3414 2665/2665/3414
f 1256/2665/3415 2665/2665/3415 1254/2663/3415
f 1254/2663/3415 2665/2665/3415 2663/2663/3415
f 1250/2659/3416 2659/2659/3416 1248/2657/3416
f 1248/2657/3416 2659/2659/3416 2657/2657/3416
f 1254/2663/3417 2663/2663/3417 1253/2662/3417
f 1253/2662/3417 2663/2663/3417 2662/2662/3417
f 1253/2662/3418 2662/2662/3418 1250/2659/3418
f 1250/2659/3418 2662/2662/3418 2659/2659/3418
f 363/1772/3419 1772/1772/3419 347/1756/3419
f 347/1756/3419 1772/1772/3419 1756/1756/3419
f 347/1756/3420 1756/1756/3420 346/1755/3420
f 346/1755/3420 1756/1756/3420 1755/1755/3420
f 325/1734/3421 1734/1734/3421 310/1719/3421
f 310/1719/3421 1734/1734/3421 1719/1719/3421
f 334/1743/3422 1743/1743/3422 331/1740/3422
f 331/1740/3422 1743/1743/3422 1740/1740/3422
f 331/1740/3423 1740/1740/3423 325/1734/3423
f 325/1734/3423 1740/1740/3423 1734/1734/3423
f 310/1719/3424 1719/1719/3424 309/1718/3424
f 309/1718/3424 1719/1719/3424 1718/1718/3424
f 337/1746/3425 1746/1746/3425 335/1744/3425
f 335/1744/3425 1746/1746/3425 1744/1744/3425
f 335/1744/3426 1744/1744/3426 334/1743/3426
f 334/1743/3426 1744/1744/3426 1743/1743/3426
f 252/1661/3427 1661/1661/3427 246/1655/3427
f 246/1655/3427 1661/1661/3427 1655/1655/3427
f 246/1655/3428 1655/1655/3428 245/1654/3428
f 245/1654/3428 1655/1655/3428 1654/1654/3428
f 1339/2748/3429 2748/2748/3429 1364/2773/3429
f 1364/2773/3429 2748/2748/3429 2773/2773/3429
f 1345/2754/3430 2754/2754/3430 1327/2736/3430
f 1327/2736/3430 2754/2754/3430 2736/2736/3430
f 1380/2789/3431 2789/2789/3431 1373/2782/3431
f 1373/2782/3431 2789/2789/3431 2782/2782/3431
f 1373/2782/3432 2782/2782/3432 1345/2754/3432
f 1345/2754/3432 2782/2782/3432 2754/2754/3432
f 1393/2802/3433 2802/2802/3433 1392/2801/3433
f 1392/2801/3433 2802/2802/3433 2801/2801/3433
f 1364/2773/3434 2773/2773/3434 1379/2788/3434
f 1379/2788/3434 2773/2773/3434 2788/2788/3434
f 1379/2788/3435 2788/2788/3435 1393/2802/3435
f 1393/2802/3435 2788/2788/3435 2802/2802/3435
f 1214/2623/3436 2623/2623/3436 1215/2624/3436
f 1215/2624/3436 2623/2623/3436 2624/2624/3436
f 1215/2624/3437 2624/2624/3437 1220/2629/3437
f 1220/2629/3437 2624/2624/3437 2629/2629/3437
f 1193/2602/3438 2602/2602/3438 1194/2603/3438
f 1194/2603/3438 2602/2602/3438 2603/2603/3438
f 1223/2632/3439 2632/2632/3439 1224/2633/3439
f 1224/2633/3439 2632/2632/3439 2633/2633/3439
f 1224/2633/3440 2633/2633/3440 1226/2635/3440
f 1226/2635/3440 2633/2633/3440 2635/2635/3440
f 816/2225/3441 2225/2225/3441 839/2248/3441
f 839/2248/3441 2225/2225/3441 2248/2248/3441
f 1077/2486/3442 2486/2486/3442 1088/2497/3442
f 1088/2497/3442 2486/2486/3442 2497/2497/3442
f 1035/2444/3443 2444/2444/3443 1077/2486/3443
f 1077/2486/3443 2444/2444/3443 2486/2486/3443
f 1014/2423/3444 2423/2423/3444 1035/2444/3444
f 1035/2444/3444 2423/2423/3444 2444/2444/3444
f 1024/2433/3445 2433/2433/3445 1089/2498/3445
f 1089/2498/3445 2433/2433/3445 2498/2498/3445
f 914/2323/3446 2323/2323/3446 913/2322/3446
f 913/2322/3446 2323/2323/3446 2322/2322/3446
f 943/2352/3447 2352/2352/3447 914/2323/3447
f 914/2323/3447 2352/2352/3447 2323/2323/3447
f 1004/2413/3448 2413/2413/3448 953/2362/3448
f 953/2362/3448 2413/2413/3448 2362/2362/3448
f 977/2386/3449 2386/2386/3449 1020/2429/3449
f 1020/2429/3449 2386/2386/3449 2429/2429/3449
f 1033/2442/3450 2442/2442/3450 1004/2413/3450
f 1004/2413/3450 2442/2442/3450 2413/2413/3450
f 1032/2441/3451 2441/2441/3451 1003/2412/3451
f 1003/2412/3451 2441/2441/3451 2412/2412/3451
f 1057/2466/3452 2466/2466/3452 1032/2441/3452
f 1032/2441/3452 2466/2466/3452 2441/2441/3452
f 899/2308/3453 2308/2308/3453 929/2338/3453
f 929/2338/3453 2308/2308/3453 2338/2338/3453
f 946/2355/3454 2355/2355/3454 928/2337/3454
f 928/2337/3454 2355/2355/3454 2337/2337/3454
f 929/2338/3455 2338/2338/3455 962/2371/3455
f 962/2371/3455 2338/2338/3455 2371/2371/3455
f 673/2082/3456 2082/2082/3456 672/2081/3456
f 672/2081/3456 2082/2082/3456 2081/2081/3456
f 672/2081/3457 2081/2081/3457 671/2080/3457
f 671/2080/3457 2081/2081/3457 2080/2080/3457
f 498/1907/3458 1907/1907/3458 497/1906/3458
f 497/1906/3458 1907/1907/3458 1906/1906/3458
f 499/1908/3459 1908/1908/3459 498/1907/3459
f 498/1907/3459 1908/1908/3459 1907/1907/3459
f 502/1911/3460 1911/1911/3460 500/1909/3460
f 500/1909/3460 1911/1911/3460 1909/1909/3460
f 500/1909/3461 1909/1909/3461 499/1908/3461
f 499/1908/3461 1909/1909/3461 1908/1908/3461
f 395/1804/3462 1804/1804/3462 396/1805/3462
f 396/1805/3462 1804/1804/3462 1805/1805/3462
f 390/1799/3463 1799/1799/3463 395/1804/3463
f 395/1804/3463 1799/1799/3463 1804/1804/3463
f 396/1805/3464 1805/1805/3464 415/1824/3464
f 415/1824/3464 1805/1805/3464 1824/1824/3464
f 333/1742/3465 1742/1742/3465 336/1745/3465
f 336/1745/3465 1742/1742/3465 1745/1745/3465
f 372/1781/3466 1781/1781/3466 375/1784/3466
f 375/1784/3466 1781/1781/3466 1784/1784/3466
f 371/1780/3467 1780/1780/3467 372/1781/3467
f 372/1781/3467 1780/1780/3467 1781/1781/3467
f 213/1622/3468 1622/1622/3468 215/1624/3468
f 215/1624/3468 1622/1622/3468 1624/1624/3468
f 211/1620/3469 1620/1620/3469 213/1622/3469
f 213/1622/3469 1620/1620/3469 1622/1622/3469
f 251/1660/3470 1660/1660/3470 268/1677/3470
f 268/1677/3470 1660/1660/3470 1677/1677/3470
f 238/1647/3471 1647/1647/3471 239/1648/3471
f 239/1648/3471 1647/1647/3471 1648/1648/3471
f 239/1648/3472 1648/1648/3472 241/1650/3472
f 241/1650/3472 1648/1648/3472 1650/1650/3472
f 292/1701/3473 1701/1701/3473 293/1702/3473
f 293/1702/3473 1701/1701/3473 1702/1702/3473
f 293/1702/3474 1702/1702/3474 297/1706/3474
f 297/1706/3474 1702/1702/3474 1706/1706/3474
f 279/1688/3475 1688/1688/3475 292/1701/3475
f 292/1701/3475 1688/1688/3475 1701/1701/3475
f 1188/2597/3476 2597/2597/3476 1190/2599/3476
f 1190/2599/3476 2597/2597/3476 2599/2599/3476
f 1190/2599/3477 2599/2599/3477 1191/2600/3477
f 1191/2600/3477 2599/2599/3477 2600/2600/3477
f 1119/2528/3478 2528/2528/3478 1121/2530/3478
f 1121/2530/3478 2528/2528/3478 2530/2530/3478
f 1152/2561/3479 2561/2561/3479 1154/2563/3479
f 1154/2563/3479 2561/2561/3479 2563/2563/3479
f 1154/2563/3480 2563/2563/3480 1156/2565/3480
f 1156/2565/3480 2563/2563/3480 2565/2565/3480
f 1148/2557/3481 2557/2557/3481 1149/2558/3481
f 1149/2558/3481 2557/2557/3481 2558/2558/3481
f 1368/2777/3482 2777/2777/3482 1330/2739/3482
f 1330/2739/3482 2777/2777/3482 2739/2739/3482
f 1330/2739/3483 2739/2739/3483 1308/2717/3483
f 1308/2717/3483 2739/2739/3483 2717/2717/3483
f 1317/2726/3484 2726/2726/3484 1316/2725/3484
f 1316/2725/3484 2726/2726/3484 2725/2725/3484
f 1316/2725/3485 2725/2725/3485 1342/2751/3485
f 1342/2751/3485 2725/2725/3485 2751/2751/3485
f 1318/2727/3486 2727/2727/3486 1343/2752/3486
f 1343/2752/3486 2727/2727/3486 2752/2752/3486
f 1336/2745/3487 2745/2745/3487 1317/2726/3487
f 1317/2726/3487 2745/2745/3487 2726/2726/3487
f 1355/2764/3488 2764/2764/3488 1376/2785/3488
f 1376/2785/3488 2764/2764/3488 2785/2785/3488
f 1351/2760/3489 2760/2760/3489 1355/2764/3489
f 1355/2764/3489 2760/2760/3489 2764/2764/3489
f 1052/2461/3490 2461/2461/3490 1072/2481/3490
f 1072/2481/3490 2461/2461/3490 2481/2481/3490
f 1072/2481/3491 2481/2481/3491 1073/2482/3491
f 1073/2482/3491 2481/2481/3491 2482/2482/3491
f 963/2372/3492 2372/2372/3492 910/2319/3492
f 910/2319/3492 2372/2372/3492 2319/2319/3492
f 910/2319/3493 2319/2319/3493 909/2318/3493
f 909/2318/3493 2319/2319/3493 2318/2318/3493
f 368/1777/3494 1777/1777/3494 367/1776/3494
f 367/1776/3494 1777/1777/3494 1776/1776/3494
f 367/1776/3495 1776/1776/3495 365/1774/3495
f 365/1774/3495 1776/1776/3495 1774/1774/3495
f 365/1774/3496 1774/1774/3496 364/1773/3496
f 364/1773/3496 1774/1774/3496 1773/1773/3496
f 364/1773/3497 1773/1773/3497 363/1772/3497
f 363/1772/3497 1773/1773/3497 1772/1772/3497
f 306/1715/3498 1715/1715/3498 305/1714/3498
f 305/1714/3498 1715/1715/3498 1714/1714/3498
f 309/1718/3499 1718/1718/3499 306/1715/3499
f 306/1715/3499 1718/1718/3499 1715/1715/3499
f 1321/2730/3500 2730/2730/3500 1320/2729/3500
f 1320/2729/3500 2730/2730/3500 2729/2729/3500
f 1320/2729/3501 2729/2729/3501 1339/2748/3501
f 1339/2748/3501 2729/2729/3501 2748/2748/3501
f 1220/2629/3502 2629/2629/3502 1222/2631/3502
f 1222/2631/3502 2629/2629/3502 2631/2631/3502
f 1222/2631/3503 2631/2631/3503 1223/2632/3503
f 1223/2632/3503 2631/2631/3503 2632/2632/3503
f 1198/2607/3504 2607/2607/3504 1211/2620/3504
f 1211/2620/3504 2607/2607/3504 2620/2620/3504
f 1211/2620/3505 2620/2620/3505 1214/2623/3505
f 1214/2623/3505 2620/2620/3505 2623/2623/3505
f 1194/2603/3506 2603/2603/3506 1196/2605/3506
f 1196/2605/3506 2603/2603/3506 2605/2605/3506
f 1196/2605/3507 2605/2605/3507 1198/2607/3507
f 1198/2607/3507 2605/2605/3507 2607/2607/3507
f 648/2057/3508 2057/2057/3508 652/2061/3508
f 652/2061/3508 2057/2057/3508 2061/2061/3508
f 652/2061/3509 2061/2061/3509 653/2062/3509
f 653/2062/3509 2061/2061/3509 2062/2062/3509
f 678/2087/3510 2087/2087/3510 681/2090/3510
f 681/2090/3510 2087/2087/3510 2090/2090/3510
f 687/2096/3511 2096/2096/3511 700/2109/3511
f 700/2109/3511 2096/2096/3511 2109/2109/3511
f 686/2095/3512 2095/2095/3512 687/2096/3512
f 687/2096/3512 2095/2095/3512 2096/2096/3512
f 709/2118/3513 2118/2118/3513 730/2139/3513
f 730/2139/3513 2118/2118/3513 2139/2139/3513
f 708/2117/3514 2117/2117/3514 709/2118/3514
f 709/2118/3514 2117/2117/3514 2118/2118/3514
f 734/2143/3515 2143/2143/3515 739/2148/3515
f 739/2148/3515 2143/2143/3515 2148/2148/3515
f 739/2148/3516 2148/2148/3516 740/2149/3516
f 740/2149/3516 2148/2148/3516 2149/2149/3516
f 768/2177/3517 2177/2177/3517 770/2179/3517
f 770/2179/3517 2177/2177/3517 2179/2179/3517
f 770/2179/3518 2179/2179/3518 784/2193/3518
f 784/2193/3518 2179/2179/3518 2193/2193/3518
f 839/2248/3519 2248/2248/3519 840/2249/3519
f 840/2249/3519 2248/2248/3519 2249/2249/3519
f 1048/2457/3520 2457/2457/3520 1026/2435/3520
f 1026/2435/3520 2457/2457/3520 2435/2435/3520
f 1027/2436/3521 2436/2436/3521 1080/2489/3521
f 1080/2489/3521 2436/2436/3521 2489/2489/3521
f 1080/2489/3522 2489/2489/3522 1081/2490/3522
f 1081/2490/3522 2489/2489/3522 2490/2490/3522
f 1081/2490/3523 2490/2490/3523 1028/2437/3523
f 1028/2437/3523 2490/2490/3523 2437/2437/3523
f 964/2373/3524 2373/2373/3524 917/2326/3524
f 917/2326/3524 2373/2373/3524 2326/2326/3524
f 1046/2455/3525 2455/2455/3525 1023/2432/3525
f 1023/2432/3525 2455/2455/3525 2432/2432/3525
f 1065/2474/3526 2474/2474/3526 1046/2455/3526
f 1046/2455/3526 2474/2474/3526 2455/2455/3526
f 1076/2485/3527 2485/2485/3527 1059/2468/3527
f 1059/2468/3527 2485/2485/3527 2468/2468/3527
f 1059/2468/3528 2468/2468/3528 1065/2474/3528
f 1065/2474/3528 2468/2468/3528 2474/2474/3528
f 1090/2499/3529 2499/2499/3529 1078/2487/3529
f 1078/2487/3529 2499/2499/3529 2487/2487/3529
f 1089/2498/3530 2498/2498/3530 1090/2499/3530
f 1090/2499/3530 2498/2498/3530 2499/2499/3530
f 402/1811/3531 1811/1811/3531 401/1810/3531
f 401/1810/3531 1811/1811/3531 1810/1810/3531
f 401/1810/3532 1810/1810/3532 400/1809/3532
f 400/1809/3532 1810/1810/3532 1809/1809/3532
f 399/1808/3533 1808/1808/3533 398/1807/3533
f 398/1807/3533 1808/1808/3533 1807/1807/3533
f 400/1809/3534 1809/1809/3534 399/1808/3534
f 399/1808/3534 1809/1809/3534 1808/1808/3534
f 440/1849/3535 1849/1849/3535 442/1851/3535
f 442/1851/3535 1849/1849/3535 1851/1851/3535
f 442/1851/3536 1851/1851/3536 443/1852/3536
f 443/1852/3536 1851/1851/3536 1852/1852/3536
f 443/1852/3537 1852/1852/3537 444/1853/3537
f 444/1853/3537 1852/1852/3537 1853/1853/3537
f 423/1832/3538 1832/1832/3538 439/1848/3538
f 439/1848/3538 1832/1832/3538 1848/1848/3538
f 439/1848/3539 1848/1848/3539 440/1849/3539
f 440/1849/3539 1848/1848/3539 1849/1849/3539
f 416/1825/3540 1825/1825/3540 418/1827/3540
f 418/1827/3540 1825/1825/3540 1827/1827/3540
f 415/1824/3541 1824/1824/3541 416/1825/3541
f 416/1825/3541 1824/1824/3541 1825/1825/3541
f 336/1745/3542 1745/1745/3542 339/1748/3542
f 339/1748/3542 1745/1745/3542 1748/1748/3542
f 339/1748/3543 1748/1748/3543 340/1749/3543
f 340/1749/3543 1748/1748/3543 1749/1749/3543
f 342/1751/3544 1751/1751/3544 343/1752/3544
f 343/1752/3544 1751/1751/3544 1752/1752/3544
f 343/1752/3545 1752/1752/3545 344/1753/3545
f 344/1753/3545 1752/1752/3545 1753/1753/3545
f 218/1627/3546 1627/1627/3546 219/1628/3546
f 219/1628/3546 1627/1627/3546 1628/1628/3546
f 217/1626/3547 1626/1626/3547 218/1627/3547
f 218/1627/3547 1626/1626/3547 1627/1627/3547
f 249/1658/3548 1658/1658/3548 250/1659/3548
f 250/1659/3548 1658/1658/3548 1659/1659/3548
f 250/1659/3549 1659/1659/3549 251/1660/3549
f 251/1660/3549 1659/1659/3549 1660/1660/3549
f 330/1739/3550 1739/1739/3550 332/1741/3550
f 332/1741/3550 1739/1739/3550 1741/1741/3550
f 332/1741/3551 1741/1741/3551 333/1742/3551
f 333/1742/3551 1741/1741/3551 1742/1742/3551
f 273/1682/3552 1682/1682/3552 274/1683/3552
f 274/1683/3552 1682/1682/3552 1683/1683/3552
f 274/1683/3553 1683/1683/3553 278/1687/3553
f 278/1687/3553 1683/1683/3553 1687/1687/3553
f 278/1687/3554 1687/1687/3554 279/1688/3554
f 279/1688/3554 1687/1687/3554 1688/1688/3554
f 268/1677/3555 1677/1677/3555 269/1678/3555
f 269/1678/3555 1677/1677/3555 1678/1678/3555
f 269/1678/3556 1678/1678/3556 273/1682/3556
f 273/1682/3556 1678/1678/3556 1682/1682/3556
f 1159/2568/3557 2568/2568/3557 1174/2583/3557
f 1174/2583/3557 2568/2568/3557 2583/2583/3557
f 1156/2565/3558 2565/2565/3558 1157/2566/3558
f 1157/2566/3558 2565/2565/3558 2566/2566/3558
f 1157/2566/3559 2566/2566/3559 1159/2568/3559
f 1159/2568/3559 2566/2566/3559 2568/2568/3559
f 892/2301/3560 2301/2301/3560 895/2304/3560
f 895/2304/3560 2301/2301/3560 2304/2304/3560
f 1085/2494/3561 2494/2494/3561 1086/2495/3561
f 1086/2495/3561 2494/2494/3561 2495/2495/3561
f 1096/2505/3562 2505/2505/3562 1085/2494/3562
f 1085/2494/3562 2505/2505/3562 2494/2494/3562
f 870/2279/3563 2279/2279/3563 873/2282/3563
f 873/2282/3563 2279/2279/3563 2282/2282/3563
f 1095/2504/3564 2504/2504/3564 1070/2479/3564
f 1070/2479/3564 2504/2504/3564 2479/2479/3564
f 1068/2477/3565 2477/2477/3565 1016/2425/3565
f 1016/2425/3565 2477/2477/3565 2425/2425/3565
f 1053/2462/3566 2462/2462/3566 1093/2502/3566
f 1093/2502/3566 2462/2462/3566 2502/2502/3566
f 1093/2502/3567 2502/2502/3567 1082/2491/3567
f 1082/2491/3567 2502/2502/3567 2491/2491/3567
f 1314/2723/3568 2723/2723/3568 1307/2716/3568
f 1307/2716/3568 2723/2723/3568 2716/2716/3568
f 1308/2717/3569 2717/2717/3569 1314/2723/3569
f 1314/2723/3569 2717/2717/3569 2723/2723/3569
f 1343/2752/3570 2752/2752/3570 1360/2769/3570
f 1360/2769/3570 2752/2752/3570 2769/2769/3570
f 1389/2798/3571 2798/2798/3571 1371/2780/3571
f 1371/2780/3571 2798/2798/3571 2780/2780/3571
f 909/2318/3572 2318/2318/3572 931/2340/3572
f 931/2340/3572 2318/2318/3572 2340/2340/3572
f 931/2340/3573 2340/2340/3573 972/2381/3573
f 972/2381/3573 2340/2340/3573 2381/2381/3573
f 653/2062/3574 2062/2062/3574 656/2065/3574
f 656/2065/3574 2062/2062/3574 2065/2065/3574
f 702/2111/3575 2111/2111/3575 703/2112/3575
f 703/2112/3575 2111/2111/3575 2112/2112/3575
f 700/2109/3576 2109/2109/3576 702/2111/3576
f 702/2111/3576 2109/2109/3576 2111/2111/3576
f 705/2114/3577 2114/2114/3577 708/2117/3577
f 708/2117/3577 2114/2114/3577 2117/2117/3577
f 703/2112/3578 2112/2112/3578 705/2114/3578
f 705/2114/3578 2112/2112/3578 2114/2114/3578
f 759/2168/3579 2168/2168/3579 761/2170/3579
f 761/2170/3579 2168/2168/3579 2170/2170/3579
f 756/2165/3580 2165/2165/3580 757/2166/3580
f 757/2166/3580 2165/2165/3580 2166/2166/3580
f 761/2170/3581 2170/2170/3581 762/2171/3581
f 762/2171/3581 2170/2170/3581 2171/2171/3581
f 742/2151/3582 2151/2151/3582 756/2165/3582
f 756/2165/3582 2151/2151/3582 2165/2165/3582
f 740/2149/3583 2149/2149/3583 742/2151/3583
f 742/2151/3583 2149/2149/3583 2151/2151/3583
f 793/2202/3584 2202/2202/3584 809/2218/3584
f 809/2218/3584 2202/2202/3584 2218/2218/3584
f 851/2260/3585 2260/2260/3585 865/2274/3585
f 865/2274/3585 2260/2260/3585 2274/2274/3585
f 850/2259/3586 2259/2259/3586 851/2260/3586
f 851/2260/3586 2259/2259/3586 2260/2260/3586
f 848/2257/3587 2257/2257/3587 849/2258/3587
f 849/2258/3587 2257/2257/3587 2258/2258/3587
f 849/2258/3588 2258/2258/3588 850/2259/3588
f 850/2259/3588 2258/2258/3588 2259/2259/3588
f 1026/2435/3589 2435/2435/3589 982/2391/3589
f 982/2391/3589 2435/2435/3589 2391/2391/3589
f 991/2400/3590 2400/2400/3590 1027/2436/3590
f 1027/2436/3590 2400/2400/3590 2436/2436/3590
f 999/2408/3591 2408/2408/3591 1049/2458/3591
f 1049/2458/3591 2408/2408/3591 2458/2458/3591
f 1028/2437/3592 2437/2437/3592 964/2373/3592
f 964/2373/3592 2437/2437/3592 2373/2373/3592
f 950/2359/3593 2359/2359/3593 999/2408/3593
f 999/2408/3593 2359/2359/3593 2408/2408/3593
f 341/1750/3594 1750/1750/3594 342/1751/3594
f 342/1751/3594 1750/1750/3594 1751/1751/3594
f 340/1749/3595 1749/1749/3595 341/1750/3595
f 341/1750/3595 1749/1749/3595 1750/1750/3595
f 370/1779/3596 1779/1779/3596 371/1780/3596
f 371/1780/3596 1779/1779/3596 1780/1780/3596
f 366/1775/3597 1775/1775/3597 369/1778/3597
f 369/1778/3597 1775/1775/3597 1778/1778/3597
f 369/1778/3598 1778/1778/3598 370/1779/3598
f 370/1779/3598 1778/1778/3598 1779/1779/3598
f 362/1771/3599 1771/1771/3599 366/1775/3599
f 366/1775/3599 1771/1771/3599 1775/1775/3599
f 344/1753/3600 1753/1753/3600 345/1754/3600
f 345/1754/3600 1753/1753/3600 1754/1754/3600
f 345/1754/3601 1754/1754/3601 360/1769/3601
f 360/1769/3601 1754/1754/3601 1769/1769/3601
f 219/1628/3602 1628/1628/3602 233/1642/3602
f 233/1642/3602 1628/1628/3602 1642/1642/3602
f 233/1642/3603 1642/1642/3603 236/1645/3603
f 236/1645/3603 1642/1642/3603 1645/1645/3603
f 326/1735/3604 1735/1735/3604 327/1736/3604
f 327/1736/3604 1735/1735/3604 1736/1736/3604
f 324/1733/3605 1733/1733/3605 326/1735/3605
f 326/1735/3605 1733/1733/3605 1735/1735/3605
f 327/1736/3606 1736/1736/3606 328/1737/3606
f 328/1737/3606 1736/1736/3606 1737/1737/3606
f 927/2336/3607 2336/2336/3607 926/2335/3607
f 926/2335/3607 2336/2336/3607 2335/2335/3607
f 898/2307/3608 2307/2307/3608 927/2336/3608
f 927/2336/3608 2307/2307/3608 2336/2336/3608
f 1060/2469/3609 2469/2469/3609 1039/2448/3609
f 1039/2448/3609 2469/2469/3609 2448/2448/3609
f 1086/2495/3610 2495/2495/3610 1060/2469/3610
f 1060/2469/3610 2495/2495/3610 2469/2469/3610
f 1054/2463/3611 2463/2463/3611 1099/2508/3611
f 1099/2508/3611 2463/2463/3611 2508/2508/3611
f 1146/2555/3612 2555/2555/3612 1148/2557/3612
f 1148/2557/3612 2555/2555/3612 2557/2557/3612
f 1128/2537/3613 2537/2537/3613 1146/2555/3613
f 1146/2555/3613 2537/2537/3613 2555/2555/3613
f 1121/2530/3614 2530/2530/3614 1124/2533/3614
f 1124/2533/3614 2530/2530/3614 2533/2533/3614
f 1124/2533/3615 2533/2533/3615 1127/2536/3615
f 1127/2536/3615 2533/2533/3615 2536/2536/3615
f 1127/2536/3616 2536/2536/3616 1128/2537/3616
f 1128/2537/3616 2536/2536/3616 2537/2537/3616
f 938/2347/3617 2347/2347/3617 986/2395/3617
f 986/2395/3617 2347/2347/3617 2395/2395/3617
f 936/2345/3618 2345/2345/3618 950/2359/3618
f 950/2359/3618 2345/2345/3618 2359/2359/3618
f 918/2327/3619 2327/2327/3619 936/2345/3619
f 936/2345/3619 2327/2327/3619 2345/2345/3619
f 965/2374/3620 2374/2374/3620 921/2330/3620
f 921/2330/3620 2374/2374/3620 2330/2330/3620
f 978/2387/3621 2387/2387/3621 908/2317/3621
f 908/2317/3621 2387/2387/3621 2317/2317/3621
f 908/2317/3622 2317/2317/3622 907/2316/3622
f 907/2316/3622 2317/2317/3622 2316/2316/3622
f 656/2065/3623 2065/2065/3623 657/2066/3623
f 657/2066/3623 2065/2065/3623 2066/2066/3623
f 657/2066/3624 2066/2066/3624 674/2083/3624
f 674/2083/3624 2066/2066/3624 2083/2083/3624
f 758/2167/3625 2167/2167/3625 759/2168/3625
f 759/2168/3625 2167/2167/3625 2168/2168/3625
f 757/2166/3626 2166/2166/3626 758/2167/3626
f 758/2167/3626 2166/2166/3626 2167/2167/3626
f 762/2171/3627 2171/2171/3627 764/2173/3627
f 764/2173/3627 2171/2171/3627 2173/2173/3627
f 812/2221/3628 2221/2221/3628 815/2224/3628
f 815/2224/3628 2221/2221/3628 2224/2224/3628
f 815/2224/3629 2224/2224/3629 816/2225/3629
f 816/2225/3629 2224/2224/3629 2225/2225/3629
f 790/2199/3630 2199/2199/3630 793/2202/3630
f 793/2202/3630 2199/2199/3630 2202/2202/3630
f 789/2198/3631 2198/2198/3631 790/2199/3631
f 790/2199/3631 2198/2198/3631 2199/2199/3631
f 840/2249/3632 2249/2249/3632 841/2250/3632
f 841/2250/3632 2249/2249/3632 2250/2250/3632
f 841/2250/3633 2250/2250/3633 842/2251/3633
f 842/2251/3633 2250/2250/3633 2251/2251/3633
f 957/2366/3634 2366/2366/3634 983/2392/3634
f 983/2392/3634 2366/2366/3634 2392/2392/3634
f 983/2392/3635 2392/2392/3635 991/2400/3635
f 991/2400/3635 2392/2392/3635 2400/2400/3635
f 1051/2460/3636 2460/2460/3636 1015/2424/3636
f 1015/2424/3636 2460/2460/3636 2424/2424/3636
f 1000/2409/3637 2409/2409/3637 973/2382/3637
f 973/2382/3637 2409/2409/3637 2382/2382/3637
f 973/2382/3638 2382/2382/3638 958/2367/3638
f 958/2367/3638 2382/2382/3638 2367/2367/3638
f 958/2367/3639 2367/2367/3639 918/2327/3639
f 918/2327/3639 2367/2367/3639 2327/2327/3639
f 980/2389/3640 2389/2389/3640 1014/2423/3640
f 1014/2423/3640 2389/2389/3640 2423/2423/3640
f 1023/2432/3641 2432/2432/3641 979/2388/3641
f 979/2388/3641 2432/2432/3641 2388/2388/3641
f 933/2342/3642 2342/2342/3642 932/2341/3642
f 932/2341/3642 2342/2342/3642 2341/2341/3642
f 911/2320/3643 2320/2320/3643 933/2342/3643
f 933/2342/3643 2320/2320/3643 2342/2342/3643
f 361/1770/3644 1770/1770/3644 362/1771/3644
f 362/1771/3644 1770/1770/3644 1771/1771/3644
f 360/1769/3645 1769/1769/3645 361/1770/3645
f 361/1770/3645 1769/1769/3645 1770/1770/3645
f 208/1617/3646 1617/1617/3646 209/1618/3646
f 209/1618/3646 1617/1617/3646 1618/1618/3646
f 209/1618/3647 1618/1618/3647 211/1620/3647
f 211/1620/3647 1618/1618/3647 1620/1620/3647
f 247/1656/3648 1656/1656/3648 248/1657/3648
f 248/1657/3648 1656/1656/3648 1657/1657/3648
f 248/1657/3649 1657/1657/3649 249/1658/3649
f 249/1658/3649 1657/1657/3649 1658/1658/3649
f 329/1738/3650 1738/1738/3650 330/1739/3650
f 330/1739/3650 1738/1738/3650 1739/1739/3650
f 328/1737/3651 1737/1737/3651 329/1738/3651
f 329/1738/3651 1737/1737/3651 1738/1738/3651
f 1175/2584/3652 2584/2584/3652 1176/2585/3652
f 1176/2585/3652 2584/2584/3652 2585/2585/3652
f 1176/2585/3653 2585/2585/3653 1177/2586/3653
f 1177/2586/3653 2585/2585/3653 2586/2586/3653
f 1177/2586/3654 2586/2586/3654 1178/2587/3654
f 1178/2587/3654 2586/2586/3654 2587/2587/3654
f 1178/2587/3655 2587/2587/3655 1179/2588/3655
f 1179/2588/3655 2587/2587/3655 2588/2588/3655
f 895/2304/3656 2304/2304/3656 896/2305/3656
f 896/2305/3656 2304/2304/3656 2305/2305/3656
f 896/2305/3657 2305/2305/3657 898/2307/3657
f 898/2307/3657 2305/2305/3657 2307/2307/3657
f 1097/2506/3658 2506/2506/3658 1098/2507/3658
f 1098/2507/3658 2506/2506/3658 2507/2507/3658
f 1098/2507/3659 2507/2507/3659 1101/2510/3659
f 1101/2510/3659 2507/2507/3659 2510/2510/3659
f 865/2274/3660 2274/2274/3660 869/2278/3660
f 869/2278/3660 2274/2274/3660 2278/2278/3660
f 869/2278/3661 2278/2278/3661 870/2279/3661
f 870/2279/3661 2278/2278/3661 2279/2279/3661
f 846/2255/3662 2255/2255/3662 848/2257/3662
f 848/2257/3662 2255/2255/3662 2257/2257/3662
f 1150/2559/3663 2559/2559/3663 1152/2561/3663
f 1152/2561/3663 2559/2559/3663 2561/2561/3663
f 1149/2558/3664 2558/2558/3664 1150/2559/3664
f 1150/2559/3664 2558/2558/3664 2559/2559/3664
f 1038/2447/3665 2447/2447/3665 1096/2505/3665
f 1096/2505/3665 2447/2447/3665 2505/2505/3665
f 1084/2493/3666 2493/2493/3666 1037/2446/3666
f 1037/2446/3666 2493/2493/3666 2446/2446/3666
f 1069/2478/3667 2478/2478/3667 1095/2504/3667
f 1095/2504/3667 2478/2478/3667 2504/2504/3667
f 1050/2459/3668 2459/2459/3668 1069/2478/3668
f 1069/2478/3668 2459/2459/3668 2478/2478/3668
f 1002/2411/3669 2411/2411/3669 965/2374/3669
f 965/2374/3669 2411/2411/3669 2374/2374/3669
f 1036/2445/3670 2445/2445/3670 1094/2503/3670
f 1094/2503/3670 2445/2445/3670 2503/2503/3670
f 1094/2503/3671 2503/2503/3671 1084/2493/3671
f 1084/2493/3671 2503/2503/3671 2493/2493/3671
f 1082/2491/3672 2491/2491/3672 1010/2419/3672
f 1010/2419/3672 2491/2491/3672 2419/2419/3672
f 985/2394/3673 2394/2394/3673 1029/2438/3673
f 1029/2438/3673 2394/2394/3673 2438/2438/3673
f 1029/2438/3674 2438/2438/3674 1067/2476/3674
f 1067/2476/3674 2438/2438/3674 2476/2476/3674
f 921/2330/3675 2330/2330/3675 937/2346/3675
f 937/2346/3675 2330/2330/3675 2346/2346/3675
f 1378/2787/3676 2787/2787/3676 1336/2745/3676
f 1336/2745/3676 2787/2787/3676 2745/2745/3676
f 766/2175/3677 2175/2175/3677 768/2177/3677
f 768/2177/3677 2175/2175/3677 2177/2177/3677
f 764/2173/3678 2173/2173/3678 765/2174/3678
f 765/2174/3678 2173/2173/3678 2174/2174/3678
f 765/2174/3679 2174/2174/3679 766/2175/3679
f 766/2175/3679 2174/2174/3679 2175/2175/3679
f 784/2193/3680 2193/2193/3680 786/2195/3680
f 786/2195/3680 2193/2193/3680 2195/2195/3680
f 786/2195/3681 2195/2195/3681 787/2196/3681
f 787/2196/3681 2195/2195/3681 2196/2196/3681
f 787/2196/3682 2196/2196/3682 789/2198/3682
f 789/2198/3682 2196/2196/3682 2198/2198/3682
f 979/2388/3683 2388/2388/3683 955/2364/3683
f 955/2364/3683 2388/2388/3683 2364/2364/3683
f 934/2343/3684 2343/2343/3684 980/2389/3684
f 980/2389/3684 2343/2343/3684 2389/2389/3684
f 873/2282/3685 2282/2282/3685 875/2284/3685
f 875/2284/3685 2282/2282/3685 2284/2284/3685
f 875/2284/3686 2284/2284/3686 876/2285/3686
f 876/2285/3686 2284/2284/3686 2285/2285/3686
f 1101/2510/3687 2510/2510/3687 1117/2526/3687
f 1117/2526/3687 2510/2510/3687 2526/2526/3687
f 1117/2526/3688 2526/2526/3688 1119/2528/3688
f 1119/2528/3688 2526/2526/3688 2528/2528/3688
f 1099/2508/3689 2508/2508/3689 1097/2506/3689
f 1097/2506/3689 2508/2508/3689 2506/2506/3689
f 1039/2448/3690 2448/2448/3690 1011/2420/3690
f 1011/2420/3690 2448/2448/3690 2420/2420/3690
f 1011/2420/3691 2420/2420/3691 1012/2421/3691
f 1012/2421/3691 2420/2420/3691 2421/2421/3691
f 987/2396/3692 2396/2396/3692 968/2377/3692
f 968/2377/3692 2396/2396/3692 2377/2377/3692
f 969/2378/3693 2378/2378/3693 989/2398/3693
f 989/2398/3693 2378/2378/3693 2398/2398/3693
f 989/2398/3694 2398/2398/3694 988/2397/3694
f 988/2397/3694 2398/2398/3694 2397/2397/3694
f 1040/2449/3695 2449/2449/3695 1054/2463/3695
f 1054/2463/3695 2449/2449/3695 2463/2463/3695
f 1019/2428/3696 2428/2428/3696 1040/2449/3696
f 1040/2449/3696 2428/2428/3696 2449/2449/3696
f 842/2251/3697 2251/2251/3697 843/2252/3697
f 843/2252/3697 2251/2251/3697 2252/2252/3697
f 845/2254/3698 2254/2254/3698 846/2255/3698
f 846/2255/3698 2254/2254/3698 2255/2255/3698
f 843/2252/3699 2252/2252/3699 845/2254/3699
f 845/2254/3699 2252/2252/3699 2254/2254/3699
f 925/2334/3700 2334/2334/3700 940/2349/3700
f 940/2349/3700 2334/2334/3700 2349/2349/3700
f 940/2349/3701 2349/2349/3701 976/2385/3701
f 976/2385/3701 2349/2349/3701 2385/2385/3701
f 926/2335/3702 2335/2335/3702 969/2378/3702
f 969/2378/3702 2335/2335/3702 2378/2378/3702
f 968/2377/3703 2377/2377/3703 941/2350/3703
f 941/2350/3703 2377/2377/3703 2350/2350/3703
f 941/2350/3704 2350/2350/3704 925/2334/3704
f 925/2334/3704 2350/2350/3704 2334/2334/3704
f 1030/2439/3705 2439/2439/3705 1050/2459/3705
f 1050/2459/3705 2439/2439/3705 2459/2459/3705
f 1070/2479/3706 2479/2479/3706 1031/2440/3706
f 1031/2440/3706 2479/2479/3706 2440/2440/3706
f 976/2385/3707 2385/2385/3707 1038/2447/3707
f 1038/2447/3707 2385/2385/3707 2447/2447/3707
f 1031/2440/3708 2440/2440/3708 967/2376/3708
f 967/2376/3708 2440/2440/3708 2376/2376/3708
f 922/2331/3709 2331/2331/3709 938/2347/3709
f 938/2347/3709 2331/2331/3709 2347/2347/3709
f 939/2348/3710 2348/2348/3710 922/2331/3710
f 922/2331/3710 2348/2348/3710 2331/2331/3710
f 1083/2492/3711 2492/2492/3711 1068/2477/3711
f 1068/2477/3711 2492/2492/3711 2477/2477/3711
f 1067/2476/3712 2476/2476/3712 1083/2492/3712
f 1083/2492/3712 2476/2476/3712 2492/2492/3712
f 951/2360/3713 2360/2360/3713 920/2329/3713
f 920/2329/3713 2360/2360/3713 2329/2329/3713
f 1001/2410/3714 2410/2410/3714 1053/2462/3714
f 1053/2462/3714 2410/2410/3714 2462/2462/3714
f 1015/2424/3715 2424/2424/3715 1000/2409/3715
f 1000/2409/3715 2424/2424/3715 2409/2409/3715
f 919/2328/3716 2328/2328/3716 959/2368/3716
f 959/2368/3716 2328/2328/3716 2368/2368/3716
f 1371/2780/3717 2780/2780/3717 1388/2797/3717
f 1388/2797/3717 2780/2780/3717 2797/2797/3717
f 1388/2797/3718 2797/2797/3718 1387/2796/3718
f 1387/2796/3718 2797/2797/3718 2796/2796/3718
f 1387/2796/3719 2796/2796/3719 1378/2787/3719
f 1378/2787/3719 2796/2796/3719 2787/2787/3719
f 942/2351/3720 2351/2351/3720 911/2320/3720
f 911/2320/3720 2351/2351/3720 2320/2320/3720
f 955/2364/3721 2364/2364/3721 942/2351/3721
f 942/2351/3721 2364/2364/3721 2351/2351/3721
f 995/2404/3722 2404/2404/3722 987/2396/3722
f 987/2396/3722 2404/2404/3722 2396/2396/3722
f 988/2397/3723 2397/2397/3723 995/2404/3723
f 995/2404/3723 2397/2397/3723 2404/2404/3723
f 1018/2427/3724 2427/2427/3724 1019/2428/3724
f 1019/2428/3724 2427/2427/3724 2428/2428/3724
f 1012/2421/3725 2421/2421/3725 1018/2427/3725
f 1018/2427/3725 2421/2421/3725 2427/2427/3725
f 1037/2446/3726 2446/2446/3726 1017/2426/3726
f 1017/2426/3726 2446/2446/3726 2426/2426/3726
f 1017/2426/3727 2426/2426/3727 993/2402/3727
f 993/2402/3727 2426/2426/3727 2402/2402/3727
f 994/2403/3728 2403/2403/3728 1030/2439/3728
f 1030/2439/3728 2403/2403/3728 2439/2439/3728
f 967/2376/3729 2376/2376/3729 924/2333/3729
f 924/2333/3729 2376/2376/3729 2333/2333/3729
f 924/2333/3730 2333/2333/3730 901/2310/3730
f 901/2310/3730 2333/2333/3730 2310/2310/3730
f 937/2346/3731 2346/2346/3731 960/2369/3731
f 960/2369/3731 2346/2346/3731 2369/2369/3731
f 1010/2419/3732 2419/2419/3732 992/2401/3732
f 992/2401/3732 2419/2419/3732 2401/2401/3732
f 960/2369/3733 2369/2369/3733 985/2394/3733
f 985/2394/3733 2369/2369/3733 2394/2394/3733
f 959/2368/3734 2368/2368/3734 984/2393/3734
f 984/2393/3734 2368/2368/3734 2393/2393/3734
f 984/2393/3735 2393/2393/3735 1001/2410/3735
f 1001/2410/3735 2393/2393/3735 2410/2410/3735
f 920/2329/3736 2329/2329/3736 900/2309/3736
f 900/2309/3736 2329/2329/3736 2309/2309/3736
f 900/2309/3737 2309/2309/3737 919/2328/3737
f 919/2328/3737 2309/2309/3737 2328/2328/3737
f 974/2383/3738 2383/2383/3738 951/2360/3738
f 951/2360/3738 2383/2383/3738 2360/2360/3738
f 992/2401/3739 2401/2401/3739 974/2383/3739
f 974/2383/3739 2401/2401/3739 2383/2383/3739
f 901/2310/3740 2310/2310/3740 923/2332/3740
f 923/2332/3740 2310/2310/3740 2332/2332/3740
f 923/2332/3741 2332/2332/3741 961/2370/3741
f 961/2370/3741 2332/2332/3741 2370/2370/3741
f 975/2384/3742 2384/2384/3742 994/2403/3742
f 994/2403/3742 2384/2384/3742 2403/2403/3742
f 961/2370/3743 2370/2370/3743 975/2384/3743
f 975/2384/3743 2370/2370/3743 2384/2384/3743
f 993/2402/3744 2402/2402/3744 966/2375/3744
f 966/2375/3744 2402/2402/3744 2375/2375/3744
f 966/2375/3745 2375/2375/3745 952/2361/3745
f 952/2361/3745 2375/2375/3745 2361/2361/3745
f 952/2361/3746 2361/2361/3746 939/2348/3746
f 939/2348/3746 2361/2361/3746 2348/2348/3746
f 7/1416/3747 1416/1416/3747 28/1437/3747
f 28/1437/3747 1416/1416/3747 1437/1437/3747
f 27/1436/3748 1436/1436/3748 6/1415/3748
f 6/1415/3748 1436/1436/3748 1415/1415/3748
f 6/1415/3749 1415/1415/3749 7/1416/3749
f 7/1416/3749 1415/1415/3749 1416/1416/3749
f 555/1964/3750 1964/1964/3750 558/1967/3750
f 558/1967/3750 1964/1964/3750 1967/1967/3750
f 558/1967/3751 1967/1967/3751 571/1980/3751
f 571/1980/3751 1967/1967/3751 1980/1980/3751
f 554/1963/3752 1963/1963/3752 555/1964/3752
f 555/1964/3752 1963/1963/3752 1964/1964/3752
f 501/1910/3753 1910/1910/3753 503/1912/3753
f 503/1912/3753 1910/1910/3753 1912/1912/3753
f 496/1905/3754 1905/1905/3754 501/1910/3754
f 501/1910/3754 1905/1905/3754 1910/1910/3754
f 495/1904/3755 1904/1904/3755 496/1905/3755
f 496/1905/3755 1904/1904/3755 1905/1905/3755
f 202/1611/3756 1611/1611/3756 189/1598/3756
f 189/1598/3756 1611/1611/3756 1598/1598/3756
f 203/1612/3757 1612/1612/3757 202/1611/3757
f 202/1611/3757 1612/1612/3757 1611/1611/3757
f 204/1613/3758 1613/1613/3758 203/1612/3758
f 203/1612/3758 1613/1613/3758 1612/1612/3758
f 477/1886/3759 1886/1886/3759 490/1899/3759
f 490/1899/3759 1886/1886/3759 1899/1899/3759
f 490/1899/3760 1899/1899/3760 491/1900/3760
f 491/1900/3760 1899/1899/3760 1900/1900/3760
f 491/1900/3761 1900/1900/3761 492/1901/3761
f 492/1901/3761 1900/1900/3761 1901/1901/3761
f 627/2036/3762 2036/2036/3762 629/2038/3762
f 629/2038/3762 2036/2036/3762 2038/2038/3762
f 646/2055/3763 2055/2055/3763 648/2057/3763
f 648/2057/3763 2055/2055/3763 2057/2057/3763
f 629/2038/3764 2038/2038/3764 646/2055/3764
f 646/2055/3764 2038/2038/3764 2055/2055/3764
f 1123/2532/3765 2532/2532/3765 1122/2531/3765
f 1122/2531/3765 2532/2532/3765 2531/2531/3765
f 1126/2535/3766 2535/2535/3766 1125/2534/3766
f 1125/2534/3766 2535/2535/3766 2534/2534/3766
f 1125/2534/3767 2534/2534/3767 1123/2532/3767
f 1123/2532/3767 2534/2534/3767 2532/2532/3767
f 255/1664/3768 1664/1664/3768 254/1663/3768
f 254/1663/3768 1664/1664/3768 1663/1663/3768
f 271/1680/3769 1680/1680/3769 270/1679/3769
f 270/1679/3769 1680/1680/3769 1679/1679/3769
f 270/1679/3770 1679/1679/3770 255/1664/3770
f 255/1664/3770 1679/1679/3770 1664/1664/3770
f 608/2017/3771 2017/2017/3771 610/2019/3771
f 610/2019/3771 2017/2017/3771 2019/2019/3771
f 606/2015/3772 2015/2015/3772 608/2017/3772
f 608/2017/3772 2015/2015/3772 2017/2017/3772
f 605/2014/3773 2014/2014/3773 606/2015/3773
f 606/2015/3773 2014/2014/3773 2015/2015/3773
f 394/1803/3774 1803/1803/3774 393/1802/3774
f 393/1802/3774 1803/1803/3774 1802/1802/3774
f 398/1807/3775 1807/1807/3775 397/1806/3775
f 397/1806/3775 1807/1807/3775 1806/1806/3775
f 397/1806/3776 1806/1806/3776 394/1803/3776
f 394/1803/3776 1806/1806/3776 1803/1803/3776
f 418/1827/3777 1827/1827/3777 419/1828/3777
f 419/1828/3777 1827/1827/3777 1828/1828/3777
f 419/1828/3778 1828/1828/3778 422/1831/3778
f 422/1831/3778 1828/1828/3778 1831/1831/3778
f 422/1831/3779 1831/1831/3779 423/1832/3779
f 423/1832/3779 1831/1831/3779 1832/1832/3779
f 582/1991/3780 1991/1991/3780 583/1992/3780
f 583/1992/3780 1991/1991/3780 1992/1992/3780
f 583/1992/3781 1992/1992/3781 586/1995/3781
f 586/1995/3781 1992/1992/3781 1995/1995/3781
f 586/1995/3782 1995/1995/3782 587/1996/3782
f 587/1996/3782 1995/1995/3782 1996/1996/3782
f 655/2064/3783 2064/2064/3783 654/2063/3783
f 654/2063/3783 2064/2064/3783 2063/2063/3783
f 658/2067/3784 2067/2067/3784 655/2064/3784
f 655/2064/3784 2067/2067/3784 2064/2064/3784
f 671/2080/3785 2080/2080/3785 658/2067/3785
f 658/2067/3785 2080/2080/3785 2067/2067/3785
f 297/1706/3786 1706/1706/3786 299/1708/3786
f 299/1708/3786 1706/1706/3786 1708/1708/3786
f 299/1708/3787 1708/1708/3787 301/1710/3787
f 301/1710/3787 1708/1708/3787 1710/1710/3787
f 301/1710/3788 1710/1710/3788 302/1711/3788
f 302/1711/3788 1710/1710/3788 1711/1711/3788
f 1186/2595/3789 2595/2595/3789 1188/2597/3789
f 1188/2597/3789 2595/2595/3789 2597/2597/3789
f 216/1625/3790 1625/1625/3790 214/1623/3790
f 214/1623/3790 1625/1625/3790 1623/1623/3790
f 220/1629/3791 1629/1629/3791 216/1625/3791
f 216/1625/3791 1629/1629/3791 1625/1625/3791
f 234/1643/3792 1643/1643/3792 220/1629/3792
f 220/1629/3792 1643/1643/3792 1629/1629/3792
f 375/1784/3793 1784/1784/3793 376/1785/3793
f 376/1785/3793 1784/1784/3793 1785/1785/3793
f 376/1785/3794 1785/1785/3794 389/1798/3794
f 389/1798/3794 1785/1785/3794 1798/1798/3794
f 389/1798/3795 1798/1798/3795 390/1799/3795
f 390/1799/3795 1798/1798/3795 1799/1799/3795
f 972/2381/3796 2381/2381/3796 1022/2431/3796
f 1022/2431/3796 2381/2381/3796 2431/2431/3796
f 1013/2422/3797 2422/2422/3797 978/2387/3797
f 978/2387/3797 2422/2422/3797 2387/2387/3797
f 681/2090/3798 2090/2090/3798 682/2091/3798
f 682/2091/3798 2090/2090/3798 2091/2091/3798
f 682/2091/3799 2091/2091/3799 685/2094/3799
f 685/2094/3799 2091/2091/3799 2094/2094/3799
f 685/2094/3800 2094/2094/3800 686/2095/3800
f 686/2095/3800 2094/2094/3800 2095/2095/3800
f 730/2139/3801 2139/2139/3801 731/2140/3801
f 731/2140/3801 2139/2139/3801 2140/2140/3801
f 731/2140/3802 2140/2140/3802 733/2142/3802
f 733/2142/3802 2140/2140/3802 2142/2142/3802
f 733/2142/3803 2142/2142/3803 734/2143/3803
f 734/2143/3803 2142/2142/3803 2143/2143/3803
f 243/1652/3804 1652/1652/3804 244/1653/3804
f 244/1653/3804 1652/1652/3804 1653/1653/3804
f 241/1650/3805 1650/1650/3805 242/1651/3805
f 242/1651/3805 1650/1650/3805 1651/1651/3805
f 242/1651/3806 1651/1651/3806 243/1652/3806
f 243/1652/3806 1651/1651/3806 1652/1652/3806
f 1184/2593/3807 2593/2593/3807 1186/2595/3807
f 1186/2595/3807 2593/2593/3807 2595/2595/3807
f 1180/2589/3808 2589/2589/3808 1184/2593/3808
f 1184/2593/3808 2589/2589/3808 2593/2593/3808
f 1179/2588/3809 2588/2588/3809 1180/2589/3809
f 1180/2589/3809 2588/2588/3809 2589/2589/3809
f 674/2083/3810 2083/2083/3810 676/2085/3810
f 676/2085/3810 2083/2083/3810 2085/2085/3810
f 676/2085/3811 2085/2085/3811 677/2086/3811
f 677/2086/3811 2085/2085/3811 2086/2086/3811
f 677/2086/3812 2086/2086/3812 678/2087/3812
f 678/2087/3812 2086/2086/3812 2087/2087/3812
f 809/2218/3813 2218/2218/3813 810/2219/3813
f 810/2219/3813 2218/2218/3813 2219/2219/3813
f 810/2219/3814 2219/2219/3814 811/2220/3814
f 811/2220/3814 2219/2219/3814 2220/2220/3814
f 811/2220/3815 2220/2220/3815 812/2221/3815
f 812/2221/3815 2220/2220/3815 2221/2221/3815
f 307/1716/3816 1716/1716/3816 308/1717/3816
f 308/1717/3816 1716/1716/3816 1717/1717/3816
f 308/1717/3817 1717/1717/3817 323/1732/3817
f 323/1732/3817 1717/1717/3817 1732/1732/3817
f 323/1732/3818 1732/1732/3818 324/1733/3818
f 324/1733/3818 1732/1732/3818 1733/1733/3818
f 986/2395/3819 2395/2395/3819 1036/2445/3819
f 1036/2445/3819 2395/2395/3819 2445/2445/3819
f 1016/2425/3820 2425/2425/3820 1002/2411/3820
f 1002/2411/3820 2425/2425/3820 2411/2411/3820
f 891/2300/3821 2300/2300/3821 892/2301/3821
f 892/2301/3821 2300/2300/3821 2301/2301/3821
f 878/2287/3822 2287/2287/3822 891/2300/3822
f 891/2300/3822 2287/2287/3822 2300/2300/3822
f 876/2285/3823 2285/2285/3823 878/2287/3823
f 878/2287/3823 2285/2285/3823 2287/2287/3823
